[0.107s] DEBUG:colcon:Command line arguments: ['/usr/bin/colcon', 'build', '--event-handlers', 'console_direct+']
[0.107s] DEBUG:colcon:Parsed command line arguments: Namespace(log_base=None, log_level=None, verb_name='build', build_base='build', install_base='install', merge_install=False, symlink_install=False, test_result_base=None, continue_on_error=False, executor='parallel', parallel_workers=4, event_handlers=['console_direct+'], ignore_user_meta=False, metas=['./colcon.meta'], base_paths=['.'], packages_ignore=None, packages_ignore_regex=None, paths=None, packages_up_to=None, packages_up_to_regex=None, packages_above=None, packages_above_and_dependencies=None, packages_above_depth=None, packages_select_by_dep=None, packages_skip_by_dep=None, packages_skip_up_to=None, packages_select_build_failed=False, packages_skip_build_finished=False, packages_select_test_failures=False, packages_skip_test_passed=False, packages_select=None, packages_skip=None, packages_select_regex=None, packages_skip_regex=None, packages_start=None, packages_end=None, cmake_args=None, cmake_target=None, cmake_target_skip_unavailable=False, cmake_clean_cache=False, cmake_clean_first=False, cmake_force_configure=False, ament_cmake_args=None, catkin_cmake_args=None, catkin_skip_building_tests=False, mixin_files=None, mixin=None, verb_parser=<colcon_mixin.mixin.mixin_argument.MixinArgumentDecorator object at 0x7f46264c1a20>, verb_extension=<colcon_core.verb.build.BuildVerb object at 0x7f46264c14b0>, main=<bound method BuildVerb.main of <colcon_core.verb.build.BuildVerb object at 0x7f46264c14b0>>, mixin_verb=('build',))
[0.205s] Level 1:colcon.colcon_core.package_discovery:discover_packages(colcon_meta) check parameters
[0.206s] INFO:colcon.colcon_metadata.package_discovery.colcon_meta:Using configuration from '/root/.colcon/metadata/default/Gazebo.meta'
[0.206s] INFO:colcon.colcon_metadata.package_discovery.colcon_meta:Using configuration from '/root/.colcon/metadata/default/fastdds.meta'
[0.207s] INFO:colcon.colcon_metadata.package_discovery.colcon_meta:Using configuration from '/root/.colcon/metadata/default/fastrtps.meta'
[0.207s] Level 1:colcon.colcon_core.package_discovery:discover_packages(recursive) check parameters
[0.207s] Level 1:colcon.colcon_core.package_discovery:discover_packages(ignore) check parameters
[0.207s] Level 1:colcon.colcon_core.package_discovery:discover_packages(path) check parameters
[0.207s] Level 1:colcon.colcon_core.package_discovery:discover_packages(colcon_meta) discover
[0.207s] Level 1:colcon.colcon_core.package_discovery:discover_packages(recursive) discover
[0.207s] INFO:colcon.colcon_core.package_discovery:Crawling recursively for packages in '/ws/ros_ws'
[0.207s] Level 1:colcon.colcon_core.package_identification:_identify(.) by extensions ['ignore', 'ignore_ament_install']
[0.207s] Level 1:colcon.colcon_core.package_identification:_identify(.) by extension 'ignore'
[0.207s] Level 1:colcon.colcon_core.package_identification:_identify(.) by extension 'ignore_ament_install'
[0.207s] Level 1:colcon.colcon_core.package_identification:_identify(.) by extensions ['colcon_pkg']
[0.207s] Level 1:colcon.colcon_core.package_identification:_identify(.) by extension 'colcon_pkg'
[0.207s] Level 1:colcon.colcon_core.package_identification:_identify(.) by extensions ['colcon_meta']
[0.207s] Level 1:colcon.colcon_core.package_identification:_identify(.) by extension 'colcon_meta'
[0.207s] Level 1:colcon.colcon_core.package_identification:_identify(.) by extensions ['ros']
[0.207s] Level 1:colcon.colcon_core.package_identification:_identify(.) by extension 'ros'
[0.217s] Level 1:colcon.colcon_core.package_identification:_identify(.) by extensions ['cmake', 'python']
[0.217s] Level 1:colcon.colcon_core.package_identification:_identify(.) by extension 'cmake'
[0.217s] Level 1:colcon.colcon_core.package_identification:_identify(.) by extension 'python'
[0.217s] Level 1:colcon.colcon_core.package_identification:_identify(.) by extensions ['python_setup_py']
[0.217s] Level 1:colcon.colcon_core.package_identification:_identify(.) by extension 'python_setup_py'
[0.217s] Level 1:colcon.colcon_core.package_identification:_identify(build) by extensions ['ignore', 'ignore_ament_install']
[0.218s] Level 1:colcon.colcon_core.package_identification:_identify(build) by extension 'ignore'
[0.218s] Level 1:colcon.colcon_core.package_identification:_identify(build) ignored
[0.218s] Level 1:colcon.colcon_core.package_identification:_identify(install) by extensions ['ignore', 'ignore_ament_install']
[0.218s] Level 1:colcon.colcon_core.package_identification:_identify(install) by extension 'ignore'
[0.218s] Level 1:colcon.colcon_core.package_identification:_identify(install) ignored
[0.218s] Level 1:colcon.colcon_core.package_identification:_identify(log) by extensions ['ignore', 'ignore_ament_install']
[0.218s] Level 1:colcon.colcon_core.package_identification:_identify(log) by extension 'ignore'
[0.218s] Level 1:colcon.colcon_core.package_identification:_identify(log) ignored
[0.218s] Level 1:colcon.colcon_core.package_identification:_identify(src) by extensions ['ignore', 'ignore_ament_install']
[0.218s] Level 1:colcon.colcon_core.package_identification:_identify(src) by extension 'ignore'
[0.218s] Level 1:colcon.colcon_core.package_identification:_identify(src) by extension 'ignore_ament_install'
[0.218s] Level 1:colcon.colcon_core.package_identification:_identify(src) by extensions ['colcon_pkg']
[0.218s] Level 1:colcon.colcon_core.package_identification:_identify(src) by extension 'colcon_pkg'
[0.218s] Level 1:colcon.colcon_core.package_identification:_identify(src) by extensions ['colcon_meta']
[0.218s] Level 1:colcon.colcon_core.package_identification:_identify(src) by extension 'colcon_meta'
[0.218s] Level 1:colcon.colcon_core.package_identification:_identify(src) by extensions ['ros']
[0.218s] Level 1:colcon.colcon_core.package_identification:_identify(src) by extension 'ros'
[0.218s] Level 1:colcon.colcon_core.package_identification:_identify(src) by extensions ['cmake', 'python']
[0.218s] Level 1:colcon.colcon_core.package_identification:_identify(src) by extension 'cmake'
[0.218s] Level 1:colcon.colcon_core.package_identification:_identify(src) by extension 'python'
[0.218s] Level 1:colcon.colcon_core.package_identification:_identify(src) by extensions ['python_setup_py']
[0.218s] Level 1:colcon.colcon_core.package_identification:_identify(src) by extension 'python_setup_py'
[0.218s] Level 1:colcon.colcon_core.package_identification:_identify(src/robot_base) by extensions ['ignore', 'ignore_ament_install']
[0.218s] Level 1:colcon.colcon_core.package_identification:_identify(src/robot_base) by extension 'ignore'
[0.218s] Level 1:colcon.colcon_core.package_identification:_identify(src/robot_base) by extension 'ignore_ament_install'
[0.219s] Level 1:colcon.colcon_core.package_identification:_identify(src/robot_base) by extensions ['colcon_pkg']
[0.219s] Level 1:colcon.colcon_core.package_identification:_identify(src/robot_base) by extension 'colcon_pkg'
[0.219s] Level 1:colcon.colcon_core.package_identification:_identify(src/robot_base) by extensions ['colcon_meta']
[0.219s] Level 1:colcon.colcon_core.package_identification:_identify(src/robot_base) by extension 'colcon_meta'
[0.219s] Level 1:colcon.colcon_core.package_identification:_identify(src/robot_base) by extensions ['ros']
[0.219s] Level 1:colcon.colcon_core.package_identification:_identify(src/robot_base) by extension 'ros'
[0.221s] DEBUG:colcon.colcon_core.package_identification:Package 'src/robot_base' with type 'ros.ament_cmake' and name 'robot_base'
[0.221s] Level 1:colcon.colcon_core.package_identification:_identify(src/robot_bringup) by extensions ['ignore', 'ignore_ament_install']
[0.222s] Level 1:colcon.colcon_core.package_identification:_identify(src/robot_bringup) by extension 'ignore'
[0.222s] Level 1:colcon.colcon_core.package_identification:_identify(src/robot_bringup) by extension 'ignore_ament_install'
[0.222s] Level 1:colcon.colcon_core.package_identification:_identify(src/robot_bringup) by extensions ['colcon_pkg']
[0.222s] Level 1:colcon.colcon_core.package_identification:_identify(src/robot_bringup) by extension 'colcon_pkg'
[0.222s] Level 1:colcon.colcon_core.package_identification:_identify(src/robot_bringup) by extensions ['colcon_meta']
[0.222s] Level 1:colcon.colcon_core.package_identification:_identify(src/robot_bringup) by extension 'colcon_meta'
[0.222s] Level 1:colcon.colcon_core.package_identification:_identify(src/robot_bringup) by extensions ['ros']
[0.222s] Level 1:colcon.colcon_core.package_identification:_identify(src/robot_bringup) by extension 'ros'
[0.222s] DEBUG:colcon.colcon_core.package_identification:Package 'src/robot_bringup' with type 'ros.ament_cmake' and name 'robot_bringup'
[0.223s] Level 1:colcon.colcon_core.package_identification:_identify(src/robot_executor) by extensions ['ignore', 'ignore_ament_install']
[0.223s] Level 1:colcon.colcon_core.package_identification:_identify(src/robot_executor) by extension 'ignore'
[0.223s] Level 1:colcon.colcon_core.package_identification:_identify(src/robot_executor) by extension 'ignore_ament_install'
[0.223s] Level 1:colcon.colcon_core.package_identification:_identify(src/robot_executor) by extensions ['colcon_pkg']
[0.223s] Level 1:colcon.colcon_core.package_identification:_identify(src/robot_executor) by extension 'colcon_pkg'
[0.223s] Level 1:colcon.colcon_core.package_identification:_identify(src/robot_executor) by extensions ['colcon_meta']
[0.223s] Level 1:colcon.colcon_core.package_identification:_identify(src/robot_executor) by extension 'colcon_meta'
[0.223s] Level 1:colcon.colcon_core.package_identification:_identify(src/robot_executor) by extensions ['ros']
[0.223s] Level 1:colcon.colcon_core.package_identification:_identify(src/robot_executor) by extension 'ros'
[0.223s] DEBUG:colcon.colcon_core.package_identification:Package 'src/robot_executor' with type 'ros.ament_cmake' and name 'robot_executor'
[0.224s] Level 1:colcon.colcon_core.package_identification:_identify(src/robot_identity) by extensions ['ignore', 'ignore_ament_install']
[0.224s] Level 1:colcon.colcon_core.package_identification:_identify(src/robot_identity) by extension 'ignore'
[0.224s] Level 1:colcon.colcon_core.package_identification:_identify(src/robot_identity) by extension 'ignore_ament_install'
[0.224s] Level 1:colcon.colcon_core.package_identification:_identify(src/robot_identity) by extensions ['colcon_pkg']
[0.224s] Level 1:colcon.colcon_core.package_identification:_identify(src/robot_identity) by extension 'colcon_pkg'
[0.224s] Level 1:colcon.colcon_core.package_identification:_identify(src/robot_identity) by extensions ['colcon_meta']
[0.224s] Level 1:colcon.colcon_core.package_identification:_identify(src/robot_identity) by extension 'colcon_meta'
[0.224s] Level 1:colcon.colcon_core.package_identification:_identify(src/robot_identity) by extensions ['ros']
[0.224s] Level 1:colcon.colcon_core.package_identification:_identify(src/robot_identity) by extension 'ros'
[0.224s] DEBUG:colcon.colcon_core.package_identification:Package 'src/robot_identity' with type 'ros.ament_cmake' and name 'robot_identity'
[0.225s] Level 1:colcon.colcon_core.package_identification:_identify(src/robot_manipulation) by extensions ['ignore', 'ignore_ament_install']
[0.225s] Level 1:colcon.colcon_core.package_identification:_identify(src/robot_manipulation) by extension 'ignore'
[0.225s] Level 1:colcon.colcon_core.package_identification:_identify(src/robot_manipulation) by extension 'ignore_ament_install'
[0.225s] Level 1:colcon.colcon_core.package_identification:_identify(src/robot_manipulation) by extensions ['colcon_pkg']
[0.225s] Level 1:colcon.colcon_core.package_identification:_identify(src/robot_manipulation) by extension 'colcon_pkg'
[0.225s] Level 1:colcon.colcon_core.package_identification:_identify(src/robot_manipulation) by extensions ['colcon_meta']
[0.225s] Level 1:colcon.colcon_core.package_identification:_identify(src/robot_manipulation) by extension 'colcon_meta'
[0.225s] Level 1:colcon.colcon_core.package_identification:_identify(src/robot_manipulation) by extensions ['ros']
[0.225s] Level 1:colcon.colcon_core.package_identification:_identify(src/robot_manipulation) by extension 'ros'
[0.225s] DEBUG:colcon.colcon_core.package_identification:Package 'src/robot_manipulation' with type 'ros.ament_cmake' and name 'robot_manipulation'
[0.225s] Level 1:colcon.colcon_core.package_identification:_identify(src/robot_msgs) by extensions ['ignore', 'ignore_ament_install']
[0.225s] Level 1:colcon.colcon_core.package_identification:_identify(src/robot_msgs) by extension 'ignore'
[0.225s] Level 1:colcon.colcon_core.package_identification:_identify(src/robot_msgs) by extension 'ignore_ament_install'
[0.225s] Level 1:colcon.colcon_core.package_identification:_identify(src/robot_msgs) by extensions ['colcon_pkg']
[0.225s] Level 1:colcon.colcon_core.package_identification:_identify(src/robot_msgs) by extension 'colcon_pkg'
[0.225s] Level 1:colcon.colcon_core.package_identification:_identify(src/robot_msgs) by extensions ['colcon_meta']
[0.225s] Level 1:colcon.colcon_core.package_identification:_identify(src/robot_msgs) by extension 'colcon_meta'
[0.225s] Level 1:colcon.colcon_core.package_identification:_identify(src/robot_msgs) by extensions ['ros']
[0.225s] Level 1:colcon.colcon_core.package_identification:_identify(src/robot_msgs) by extension 'ros'
[0.226s] DEBUG:colcon.colcon_core.package_identification:Package 'src/robot_msgs' with type 'ros.catkin' and name 'robot_msgs'
[0.226s] Level 1:colcon.colcon_core.package_identification:_identify(src/robot_nav) by extensions ['ignore', 'ignore_ament_install']
[0.226s] Level 1:colcon.colcon_core.package_identification:_identify(src/robot_nav) by extension 'ignore'
[0.226s] Level 1:colcon.colcon_core.package_identification:_identify(src/robot_nav) by extension 'ignore_ament_install'
[0.226s] Level 1:colcon.colcon_core.package_identification:_identify(src/robot_nav) by extensions ['colcon_pkg']
[0.226s] Level 1:colcon.colcon_core.package_identification:_identify(src/robot_nav) by extension 'colcon_pkg'
[0.226s] Level 1:colcon.colcon_core.package_identification:_identify(src/robot_nav) by extensions ['colcon_meta']
[0.226s] Level 1:colcon.colcon_core.package_identification:_identify(src/robot_nav) by extension 'colcon_meta'
[0.226s] Level 1:colcon.colcon_core.package_identification:_identify(src/robot_nav) by extensions ['ros']
[0.226s] Level 1:colcon.colcon_core.package_identification:_identify(src/robot_nav) by extension 'ros'
[0.227s] DEBUG:colcon.colcon_core.package_identification:Package 'src/robot_nav' with type 'ros.ament_cmake' and name 'robot_nav'
[0.227s] Level 1:colcon.colcon_core.package_identification:_identify(src/robot_nlu) by extensions ['ignore', 'ignore_ament_install']
[0.227s] Level 1:colcon.colcon_core.package_identification:_identify(src/robot_nlu) by extension 'ignore'
[0.227s] Level 1:colcon.colcon_core.package_identification:_identify(src/robot_nlu) by extension 'ignore_ament_install'
[0.227s] Level 1:colcon.colcon_core.package_identification:_identify(src/robot_nlu) by extensions ['colcon_pkg']
[0.227s] Level 1:colcon.colcon_core.package_identification:_identify(src/robot_nlu) by extension 'colcon_pkg'
[0.227s] Level 1:colcon.colcon_core.package_identification:_identify(src/robot_nlu) by extensions ['colcon_meta']
[0.227s] Level 1:colcon.colcon_core.package_identification:_identify(src/robot_nlu) by extension 'colcon_meta'
[0.227s] Level 1:colcon.colcon_core.package_identification:_identify(src/robot_nlu) by extensions ['ros']
[0.227s] Level 1:colcon.colcon_core.package_identification:_identify(src/robot_nlu) by extension 'ros'
[0.228s] DEBUG:colcon.colcon_core.package_identification:Package 'src/robot_nlu' with type 'ros.ament_cmake' and name 'robot_nlu'
[0.228s] Level 1:colcon.colcon_core.package_identification:_identify(src/robot_perception) by extensions ['ignore', 'ignore_ament_install']
[0.228s] Level 1:colcon.colcon_core.package_identification:_identify(src/robot_perception) by extension 'ignore'
[0.228s] Level 1:colcon.colcon_core.package_identification:_identify(src/robot_perception) by extension 'ignore_ament_install'
[0.228s] Level 1:colcon.colcon_core.package_identification:_identify(src/robot_perception) by extensions ['colcon_pkg']
[0.228s] Level 1:colcon.colcon_core.package_identification:_identify(src/robot_perception) by extension 'colcon_pkg'
[0.228s] Level 1:colcon.colcon_core.package_identification:_identify(src/robot_perception) by extensions ['colcon_meta']
[0.228s] Level 1:colcon.colcon_core.package_identification:_identify(src/robot_perception) by extension 'colcon_meta'
[0.228s] Level 1:colcon.colcon_core.package_identification:_identify(src/robot_perception) by extensions ['ros']
[0.228s] Level 1:colcon.colcon_core.package_identification:_identify(src/robot_perception) by extension 'ros'
[0.228s] DEBUG:colcon.colcon_core.package_identification:Package 'src/robot_perception' with type 'ros.ament_python' and name 'robot_perception'
[0.228s] Level 1:colcon.colcon_core.package_identification:_identify(src/robot_safety) by extensions ['ignore', 'ignore_ament_install']
[0.228s] Level 1:colcon.colcon_core.package_identification:_identify(src/robot_safety) by extension 'ignore'
[0.228s] Level 1:colcon.colcon_core.package_identification:_identify(src/robot_safety) by extension 'ignore_ament_install'
[0.229s] Level 1:colcon.colcon_core.package_identification:_identify(src/robot_safety) by extensions ['colcon_pkg']
[0.229s] Level 1:colcon.colcon_core.package_identification:_identify(src/robot_safety) by extension 'colcon_pkg'
[0.229s] Level 1:colcon.colcon_core.package_identification:_identify(src/robot_safety) by extensions ['colcon_meta']
[0.229s] Level 1:colcon.colcon_core.package_identification:_identify(src/robot_safety) by extension 'colcon_meta'
[0.229s] Level 1:colcon.colcon_core.package_identification:_identify(src/robot_safety) by extensions ['ros']
[0.229s] Level 1:colcon.colcon_core.package_identification:_identify(src/robot_safety) by extension 'ros'
[0.229s] DEBUG:colcon.colcon_core.package_identification:Package 'src/robot_safety' with type 'ros.ament_cmake' and name 'robot_safety'
[0.229s] Level 1:colcon.colcon_core.package_identification:_identify(src/robot_voice) by extensions ['ignore', 'ignore_ament_install']
[0.229s] Level 1:colcon.colcon_core.package_identification:_identify(src/robot_voice) by extension 'ignore'
[0.229s] Level 1:colcon.colcon_core.package_identification:_identify(src/robot_voice) by extension 'ignore_ament_install'
[0.229s] Level 1:colcon.colcon_core.package_identification:_identify(src/robot_voice) by extensions ['colcon_pkg']
[0.229s] Level 1:colcon.colcon_core.package_identification:_identify(src/robot_voice) by extension 'colcon_pkg'
[0.229s] Level 1:colcon.colcon_core.package_identification:_identify(src/robot_voice) by extensions ['colcon_meta']
[0.229s] Level 1:colcon.colcon_core.package_identification:_identify(src/robot_voice) by extension 'colcon_meta'
[0.229s] Level 1:colcon.colcon_core.package_identification:_identify(src/robot_voice) by extensions ['ros']
[0.229s] Level 1:colcon.colcon_core.package_identification:_identify(src/robot_voice) by extension 'ros'
[0.230s] DEBUG:colcon.colcon_core.package_identification:Package 'src/robot_voice' with type 'ros.ament_cmake' and name 'robot_voice'
[0.230s] Level 1:colcon.colcon_core.package_discovery:discover_packages(recursive) using defaults
[0.230s] Level 1:colcon.colcon_core.package_discovery:discover_packages(ignore) discover
[0.230s] Level 1:colcon.colcon_core.package_discovery:discover_packages(ignore) using defaults
[0.230s] Level 1:colcon.colcon_core.package_discovery:discover_packages(path) discover
[0.230s] Level 1:colcon.colcon_core.package_discovery:discover_packages(path) using defaults
[0.251s] Level 5:colcon.colcon_core.verb:set package 'robot_base' build argument 'cmake_args' from command line to 'None'
[0.251s] Level 5:colcon.colcon_core.verb:set package 'robot_base' build argument 'cmake_target' from command line to 'None'
[0.251s] Level 5:colcon.colcon_core.verb:set package 'robot_base' build argument 'cmake_target_skip_unavailable' from command line to 'False'
[0.251s] Level 5:colcon.colcon_core.verb:set package 'robot_base' build argument 'cmake_clean_cache' from command line to 'False'
[0.251s] Level 5:colcon.colcon_core.verb:set package 'robot_base' build argument 'cmake_clean_first' from command line to 'False'
[0.251s] Level 5:colcon.colcon_core.verb:set package 'robot_base' build argument 'cmake_force_configure' from command line to 'False'
[0.251s] Level 5:colcon.colcon_core.verb:set package 'robot_base' build argument 'ament_cmake_args' from command line to 'None'
[0.251s] Level 5:colcon.colcon_core.verb:set package 'robot_base' build argument 'catkin_cmake_args' from command line to 'None'
[0.251s] Level 5:colcon.colcon_core.verb:set package 'robot_base' build argument 'catkin_skip_building_tests' from command line to 'False'
[0.251s] DEBUG:colcon.colcon_core.verb:Building package 'robot_base' with the following arguments: {'ament_cmake_args': None, 'build_base': '/ws/ros_ws/build/robot_base', 'catkin_cmake_args': None, 'catkin_skip_building_tests': False, 'cmake_args': None, 'cmake_clean_cache': False, 'cmake_clean_first': False, 'cmake_force_configure': False, 'cmake_target': None, 'cmake_target_skip_unavailable': False, 'install_base': '/ws/ros_ws/install/robot_base', 'merge_install': False, 'path': '/ws/ros_ws/src/robot_base', 'symlink_install': False, 'test_result_base': None}
[0.251s] Level 5:colcon.colcon_core.verb:set package 'robot_manipulation' build argument 'cmake_args' from command line to 'None'
[0.252s] Level 5:colcon.colcon_core.verb:set package 'robot_manipulation' build argument 'cmake_target' from command line to 'None'
[0.252s] Level 5:colcon.colcon_core.verb:set package 'robot_manipulation' build argument 'cmake_target_skip_unavailable' from command line to 'False'
[0.252s] Level 5:colcon.colcon_core.verb:set package 'robot_manipulation' build argument 'cmake_clean_cache' from command line to 'False'
[0.252s] Level 5:colcon.colcon_core.verb:set package 'robot_manipulation' build argument 'cmake_clean_first' from command line to 'False'
[0.252s] Level 5:colcon.colcon_core.verb:set package 'robot_manipulation' build argument 'cmake_force_configure' from command line to 'False'
[0.252s] Level 5:colcon.colcon_core.verb:set package 'robot_manipulation' build argument 'ament_cmake_args' from command line to 'None'
[0.252s] Level 5:colcon.colcon_core.verb:set package 'robot_manipulation' build argument 'catkin_cmake_args' from command line to 'None'
[0.252s] Level 5:colcon.colcon_core.verb:set package 'robot_manipulation' build argument 'catkin_skip_building_tests' from command line to 'False'
[0.252s] DEBUG:colcon.colcon_core.verb:Building package 'robot_manipulation' with the following arguments: {'ament_cmake_args': None, 'build_base': '/ws/ros_ws/build/robot_manipulation', 'catkin_cmake_args': None, 'catkin_skip_building_tests': False, 'cmake_args': None, 'cmake_clean_cache': False, 'cmake_clean_first': False, 'cmake_force_configure': False, 'cmake_target': None, 'cmake_target_skip_unavailable': False, 'install_base': '/ws/ros_ws/install/robot_manipulation', 'merge_install': False, 'path': '/ws/ros_ws/src/robot_manipulation', 'symlink_install': False, 'test_result_base': None}
[0.252s] Level 5:colcon.colcon_core.verb:set package 'robot_msgs' build argument 'cmake_args' from command line to 'None'
[0.252s] Level 5:colcon.colcon_core.verb:set package 'robot_msgs' build argument 'cmake_target' from command line to 'None'
[0.252s] Level 5:colcon.colcon_core.verb:set package 'robot_msgs' build argument 'cmake_target_skip_unavailable' from command line to 'False'
[0.252s] Level 5:colcon.colcon_core.verb:set package 'robot_msgs' build argument 'cmake_clean_cache' from command line to 'False'
[0.252s] Level 5:colcon.colcon_core.verb:set package 'robot_msgs' build argument 'cmake_clean_first' from command line to 'False'
[0.252s] Level 5:colcon.colcon_core.verb:set package 'robot_msgs' build argument 'cmake_force_configure' from command line to 'False'
[0.252s] Level 5:colcon.colcon_core.verb:set package 'robot_msgs' build argument 'ament_cmake_args' from command line to 'None'
[0.252s] Level 5:colcon.colcon_core.verb:set package 'robot_msgs' build argument 'catkin_cmake_args' from command line to 'None'
[0.252s] Level 5:colcon.colcon_core.verb:set package 'robot_msgs' build argument 'catkin_skip_building_tests' from command line to 'False'
[0.252s] DEBUG:colcon.colcon_core.verb:Building package 'robot_msgs' with the following arguments: {'ament_cmake_args': None, 'build_base': '/ws/ros_ws/build/robot_msgs', 'catkin_cmake_args': None, 'catkin_skip_building_tests': False, 'cmake_args': None, 'cmake_clean_cache': False, 'cmake_clean_first': False, 'cmake_force_configure': False, 'cmake_target': None, 'cmake_target_skip_unavailable': False, 'install_base': '/ws/ros_ws/install/robot_msgs', 'merge_install': False, 'path': '/ws/ros_ws/src/robot_msgs', 'symlink_install': False, 'test_result_base': None}
[0.252s] Level 5:colcon.colcon_core.verb:set package 'robot_nav' build argument 'cmake_args' from command line to 'None'
[0.252s] Level 5:colcon.colcon_core.verb:set package 'robot_nav' build argument 'cmake_target' from command line to 'None'
[0.252s] Level 5:colcon.colcon_core.verb:set package 'robot_nav' build argument 'cmake_target_skip_unavailable' from command line to 'False'
[0.252s] Level 5:colcon.colcon_core.verb:set package 'robot_nav' build argument 'cmake_clean_cache' from command line to 'False'
[0.252s] Level 5:colcon.colcon_core.verb:set package 'robot_nav' build argument 'cmake_clean_first' from command line to 'False'
[0.252s] Level 5:colcon.colcon_core.verb:set package 'robot_nav' build argument 'cmake_force_configure' from command line to 'False'
[0.252s] Level 5:colcon.colcon_core.verb:set package 'robot_nav' build argument 'ament_cmake_args' from command line to 'None'
[0.252s] Level 5:colcon.colcon_core.verb:set package 'robot_nav' build argument 'catkin_cmake_args' from command line to 'None'
[0.252s] Level 5:colcon.colcon_core.verb:set package 'robot_nav' build argument 'catkin_skip_building_tests' from command line to 'False'
[0.252s] DEBUG:colcon.colcon_core.verb:Building package 'robot_nav' with the following arguments: {'ament_cmake_args': None, 'build_base': '/ws/ros_ws/build/robot_nav', 'catkin_cmake_args': None, 'catkin_skip_building_tests': False, 'cmake_args': None, 'cmake_clean_cache': False, 'cmake_clean_first': False, 'cmake_force_configure': False, 'cmake_target': None, 'cmake_target_skip_unavailable': False, 'install_base': '/ws/ros_ws/install/robot_nav', 'merge_install': False, 'path': '/ws/ros_ws/src/robot_nav', 'symlink_install': False, 'test_result_base': None}
[0.253s] Level 5:colcon.colcon_core.verb:set package 'robot_nlu' build argument 'cmake_args' from command line to 'None'
[0.253s] Level 5:colcon.colcon_core.verb:set package 'robot_nlu' build argument 'cmake_target' from command line to 'None'
[0.253s] Level 5:colcon.colcon_core.verb:set package 'robot_nlu' build argument 'cmake_target_skip_unavailable' from command line to 'False'
[0.253s] Level 5:colcon.colcon_core.verb:set package 'robot_nlu' build argument 'cmake_clean_cache' from command line to 'False'
[0.253s] Level 5:colcon.colcon_core.verb:set package 'robot_nlu' build argument 'cmake_clean_first' from command line to 'False'
[0.253s] Level 5:colcon.colcon_core.verb:set package 'robot_nlu' build argument 'cmake_force_configure' from command line to 'False'
[0.253s] Level 5:colcon.colcon_core.verb:set package 'robot_nlu' build argument 'ament_cmake_args' from command line to 'None'
[0.253s] Level 5:colcon.colcon_core.verb:set package 'robot_nlu' build argument 'catkin_cmake_args' from command line to 'None'
[0.253s] Level 5:colcon.colcon_core.verb:set package 'robot_nlu' build argument 'catkin_skip_building_tests' from command line to 'False'
[0.253s] DEBUG:colcon.colcon_core.verb:Building package 'robot_nlu' with the following arguments: {'ament_cmake_args': None, 'build_base': '/ws/ros_ws/build/robot_nlu', 'catkin_cmake_args': None, 'catkin_skip_building_tests': False, 'cmake_args': None, 'cmake_clean_cache': False, 'cmake_clean_first': False, 'cmake_force_configure': False, 'cmake_target': None, 'cmake_target_skip_unavailable': False, 'install_base': '/ws/ros_ws/install/robot_nlu', 'merge_install': False, 'path': '/ws/ros_ws/src/robot_nlu', 'symlink_install': False, 'test_result_base': None}
[0.253s] Level 5:colcon.colcon_core.verb:set package 'robot_safety' build argument 'cmake_args' from command line to 'None'
[0.253s] Level 5:colcon.colcon_core.verb:set package 'robot_safety' build argument 'cmake_target' from command line to 'None'
[0.253s] Level 5:colcon.colcon_core.verb:set package 'robot_safety' build argument 'cmake_target_skip_unavailable' from command line to 'False'
[0.253s] Level 5:colcon.colcon_core.verb:set package 'robot_safety' build argument 'cmake_clean_cache' from command line to 'False'
[0.253s] Level 5:colcon.colcon_core.verb:set package 'robot_safety' build argument 'cmake_clean_first' from command line to 'False'
[0.253s] Level 5:colcon.colcon_core.verb:set package 'robot_safety' build argument 'cmake_force_configure' from command line to 'False'
[0.253s] Level 5:colcon.colcon_core.verb:set package 'robot_safety' build argument 'ament_cmake_args' from command line to 'None'
[0.253s] Level 5:colcon.colcon_core.verb:set package 'robot_safety' build argument 'catkin_cmake_args' from command line to 'None'
[0.253s] Level 5:colcon.colcon_core.verb:set package 'robot_safety' build argument 'catkin_skip_building_tests' from command line to 'False'
[0.253s] DEBUG:colcon.colcon_core.verb:Building package 'robot_safety' with the following arguments: {'ament_cmake_args': None, 'build_base': '/ws/ros_ws/build/robot_safety', 'catkin_cmake_args': None, 'catkin_skip_building_tests': False, 'cmake_args': None, 'cmake_clean_cache': False, 'cmake_clean_first': False, 'cmake_force_configure': False, 'cmake_target': None, 'cmake_target_skip_unavailable': False, 'install_base': '/ws/ros_ws/install/robot_safety', 'merge_install': False, 'path': '/ws/ros_ws/src/robot_safety', 'symlink_install': False, 'test_result_base': None}
[0.253s] Level 5:colcon.colcon_core.verb:set package 'robot_voice' build argument 'cmake_args' from command line to 'None'
[0.253s] Level 5:colcon.colcon_core.verb:set package 'robot_voice' build argument 'cmake_target' from command line to 'None'
[0.253s] Level 5:colcon.colcon_core.verb:set package 'robot_voice' build argument 'cmake_target_skip_unavailable' from command line to 'False'
[0.253s] Level 5:colcon.colcon_core.verb:set package 'robot_voice' build argument 'cmake_clean_cache' from command line to 'False'
[0.253s] Level 5:colcon.colcon_core.verb:set package 'robot_voice' build argument 'cmake_clean_first' from command line to 'False'
[0.253s] Level 5:colcon.colcon_core.verb:set package 'robot_voice' build argument 'cmake_force_configure' from command line to 'False'
[0.253s] Level 5:colcon.colcon_core.verb:set package 'robot_voice' build argument 'ament_cmake_args' from command line to 'None'
[0.253s] Level 5:colcon.colcon_core.verb:set package 'robot_voice' build argument 'catkin_cmake_args' from command line to 'None'
[0.253s] Level 5:colcon.colcon_core.verb:set package 'robot_voice' build argument 'catkin_skip_building_tests' from command line to 'False'
[0.253s] DEBUG:colcon.colcon_core.verb:Building package 'robot_voice' with the following arguments: {'ament_cmake_args': None, 'build_base': '/ws/ros_ws/build/robot_voice', 'catkin_cmake_args': None, 'catkin_skip_building_tests': False, 'cmake_args': None, 'cmake_clean_cache': False, 'cmake_clean_first': False, 'cmake_force_configure': False, 'cmake_target': None, 'cmake_target_skip_unavailable': False, 'install_base': '/ws/ros_ws/install/robot_voice', 'merge_install': False, 'path': '/ws/ros_ws/src/robot_voice', 'symlink_install': False, 'test_result_base': None}
[0.254s] Level 5:colcon.colcon_core.verb:set package 'robot_executor' build argument 'cmake_args' from command line to 'None'
[0.254s] Level 5:colcon.colcon_core.verb:set package 'robot_executor' build argument 'cmake_target' from command line to 'None'
[0.254s] Level 5:colcon.colcon_core.verb:set package 'robot_executor' build argument 'cmake_target_skip_unavailable' from command line to 'False'
[0.254s] Level 5:colcon.colcon_core.verb:set package 'robot_executor' build argument 'cmake_clean_cache' from command line to 'False'
[0.254s] Level 5:colcon.colcon_core.verb:set package 'robot_executor' build argument 'cmake_clean_first' from command line to 'False'
[0.254s] Level 5:colcon.colcon_core.verb:set package 'robot_executor' build argument 'cmake_force_configure' from command line to 'False'
[0.254s] Level 5:colcon.colcon_core.verb:set package 'robot_executor' build argument 'ament_cmake_args' from command line to 'None'
[0.254s] Level 5:colcon.colcon_core.verb:set package 'robot_executor' build argument 'catkin_cmake_args' from command line to 'None'
[0.254s] Level 5:colcon.colcon_core.verb:set package 'robot_executor' build argument 'catkin_skip_building_tests' from command line to 'False'
[0.254s] DEBUG:colcon.colcon_core.verb:Building package 'robot_executor' with the following arguments: {'ament_cmake_args': None, 'build_base': '/ws/ros_ws/build/robot_executor', 'catkin_cmake_args': None, 'catkin_skip_building_tests': False, 'cmake_args': None, 'cmake_clean_cache': False, 'cmake_clean_first': False, 'cmake_force_configure': False, 'cmake_target': None, 'cmake_target_skip_unavailable': False, 'install_base': '/ws/ros_ws/install/robot_executor', 'merge_install': False, 'path': '/ws/ros_ws/src/robot_executor', 'symlink_install': False, 'test_result_base': None}
[0.254s] Level 5:colcon.colcon_core.verb:set package 'robot_identity' build argument 'cmake_args' from command line to 'None'
[0.254s] Level 5:colcon.colcon_core.verb:set package 'robot_identity' build argument 'cmake_target' from command line to 'None'
[0.254s] Level 5:colcon.colcon_core.verb:set package 'robot_identity' build argument 'cmake_target_skip_unavailable' from command line to 'False'
[0.254s] Level 5:colcon.colcon_core.verb:set package 'robot_identity' build argument 'cmake_clean_cache' from command line to 'False'
[0.254s] Level 5:colcon.colcon_core.verb:set package 'robot_identity' build argument 'cmake_clean_first' from command line to 'False'
[0.254s] Level 5:colcon.colcon_core.verb:set package 'robot_identity' build argument 'cmake_force_configure' from command line to 'False'
[0.254s] Level 5:colcon.colcon_core.verb:set package 'robot_identity' build argument 'ament_cmake_args' from command line to 'None'
[0.254s] Level 5:colcon.colcon_core.verb:set package 'robot_identity' build argument 'catkin_cmake_args' from command line to 'None'
[0.254s] Level 5:colcon.colcon_core.verb:set package 'robot_identity' build argument 'catkin_skip_building_tests' from command line to 'False'
[0.254s] DEBUG:colcon.colcon_core.verb:Building package 'robot_identity' with the following arguments: {'ament_cmake_args': None, 'build_base': '/ws/ros_ws/build/robot_identity', 'catkin_cmake_args': None, 'catkin_skip_building_tests': False, 'cmake_args': None, 'cmake_clean_cache': False, 'cmake_clean_first': False, 'cmake_force_configure': False, 'cmake_target': None, 'cmake_target_skip_unavailable': False, 'install_base': '/ws/ros_ws/install/robot_identity', 'merge_install': False, 'path': '/ws/ros_ws/src/robot_identity', 'symlink_install': False, 'test_result_base': None}
[0.254s] Level 5:colcon.colcon_core.verb:set package 'robot_perception' build argument 'cmake_args' from command line to 'None'
[0.254s] Level 5:colcon.colcon_core.verb:set package 'robot_perception' build argument 'cmake_target' from command line to 'None'
[0.254s] Level 5:colcon.colcon_core.verb:set package 'robot_perception' build argument 'cmake_target_skip_unavailable' from command line to 'False'
[0.254s] Level 5:colcon.colcon_core.verb:set package 'robot_perception' build argument 'cmake_clean_cache' from command line to 'False'
[0.254s] Level 5:colcon.colcon_core.verb:set package 'robot_perception' build argument 'cmake_clean_first' from command line to 'False'
[0.254s] Level 5:colcon.colcon_core.verb:set package 'robot_perception' build argument 'cmake_force_configure' from command line to 'False'
[0.254s] Level 5:colcon.colcon_core.verb:set package 'robot_perception' build argument 'ament_cmake_args' from command line to 'None'
[0.254s] Level 5:colcon.colcon_core.verb:set package 'robot_perception' build argument 'catkin_cmake_args' from command line to 'None'
[0.254s] Level 5:colcon.colcon_core.verb:set package 'robot_perception' build argument 'catkin_skip_building_tests' from command line to 'False'
[0.254s] DEBUG:colcon.colcon_core.verb:Building package 'robot_perception' with the following arguments: {'ament_cmake_args': None, 'build_base': '/ws/ros_ws/build/robot_perception', 'catkin_cmake_args': None, 'catkin_skip_building_tests': False, 'cmake_args': None, 'cmake_clean_cache': False, 'cmake_clean_first': False, 'cmake_force_configure': False, 'cmake_target': None, 'cmake_target_skip_unavailable': False, 'install_base': '/ws/ros_ws/install/robot_perception', 'merge_install': False, 'path': '/ws/ros_ws/src/robot_perception', 'symlink_install': False, 'test_result_base': None}
[0.255s] Level 5:colcon.colcon_core.verb:set package 'robot_bringup' build argument 'cmake_args' from command line to 'None'
[0.255s] Level 5:colcon.colcon_core.verb:set package 'robot_bringup' build argument 'cmake_target' from command line to 'None'
[0.255s] Level 5:colcon.colcon_core.verb:set package 'robot_bringup' build argument 'cmake_target_skip_unavailable' from command line to 'False'
[0.255s] Level 5:colcon.colcon_core.verb:set package 'robot_bringup' build argument 'cmake_clean_cache' from command line to 'False'
[0.255s] Level 5:colcon.colcon_core.verb:set package 'robot_bringup' build argument 'cmake_clean_first' from command line to 'False'
[0.255s] Level 5:colcon.colcon_core.verb:set package 'robot_bringup' build argument 'cmake_force_configure' from command line to 'False'
[0.255s] Level 5:colcon.colcon_core.verb:set package 'robot_bringup' build argument 'ament_cmake_args' from command line to 'None'
[0.255s] Level 5:colcon.colcon_core.verb:set package 'robot_bringup' build argument 'catkin_cmake_args' from command line to 'None'
[0.255s] Level 5:colcon.colcon_core.verb:set package 'robot_bringup' build argument 'catkin_skip_building_tests' from command line to 'False'
[0.255s] DEBUG:colcon.colcon_core.verb:Building package 'robot_bringup' with the following arguments: {'ament_cmake_args': None, 'build_base': '/ws/ros_ws/build/robot_bringup', 'catkin_cmake_args': None, 'catkin_skip_building_tests': False, 'cmake_args': None, 'cmake_clean_cache': False, 'cmake_clean_first': False, 'cmake_force_configure': False, 'cmake_target': None, 'cmake_target_skip_unavailable': False, 'install_base': '/ws/ros_ws/install/robot_bringup', 'merge_install': False, 'path': '/ws/ros_ws/src/robot_bringup', 'symlink_install': False, 'test_result_base': None}
[0.255s] INFO:colcon.colcon_core.executor:Executing jobs using 'parallel' executor
[0.256s] DEBUG:colcon.colcon_parallel_executor.executor.parallel:run_until_complete
[0.256s] INFO:colcon.colcon_ros.task.catkin.build:Building ROS package in '/ws/ros_ws/src/robot_msgs' with build type 'catkin'
[0.257s] INFO:colcon.colcon_cmake.task.cmake.build:Building CMake package in '/ws/ros_ws/src/robot_msgs'
[0.259s] INFO:colcon.colcon_core.plugin_system:Skipping extension 'colcon_core.shell.bat': Not used on non-Windows systems
[0.259s] INFO:colcon.colcon_core.shell:Skip shell extension 'powershell' for command environment: Not usable outside of PowerShell
[0.259s] DEBUG:colcon.colcon_core.shell:Skip shell extension 'dsv' for command environment
[0.263s] INFO:colcon.colcon_ros.task.ament_cmake.build:Building ROS package in '/ws/ros_ws/src/robot_base' with build type 'ament_cmake'
[0.263s] INFO:colcon.colcon_cmake.task.cmake.build:Building CMake package in '/ws/ros_ws/src/robot_base'
[0.263s] INFO:colcon.colcon_core.shell:Skip shell extension 'powershell' for command environment: Not usable outside of PowerShell
[0.263s] DEBUG:colcon.colcon_core.shell:Skip shell extension 'dsv' for command environment
[0.266s] INFO:colcon.colcon_ros.task.ament_cmake.build:Building ROS package in '/ws/ros_ws/src/robot_manipulation' with build type 'ament_cmake'
[0.266s] INFO:colcon.colcon_cmake.task.cmake.build:Building CMake package in '/ws/ros_ws/src/robot_manipulation'
[0.267s] INFO:colcon.colcon_core.shell:Skip shell extension 'powershell' for command environment: Not usable outside of PowerShell
[0.267s] DEBUG:colcon.colcon_core.shell:Skip shell extension 'dsv' for command environment
[0.270s] INFO:colcon.colcon_ros.task.ament_cmake.build:Building ROS package in '/ws/ros_ws/src/robot_nav' with build type 'ament_cmake'
[0.270s] INFO:colcon.colcon_cmake.task.cmake.build:Building CMake package in '/ws/ros_ws/src/robot_nav'
[0.270s] INFO:colcon.colcon_core.shell:Skip shell extension 'powershell' for command environment: Not usable outside of PowerShell
[0.270s] DEBUG:colcon.colcon_core.shell:Skip shell extension 'dsv' for command environment
[0.276s] DEBUG:colcon.colcon_core.event_handler.log_command:Invoking command in '/ws/ros_ws/build/robot_msgs': /usr/bin/cmake /ws/ros_ws/src/robot_msgs -DCATKIN_INSTALL_INTO_PREFIX_ROOT=0 -DCMAKE_INSTALL_PREFIX=/ws/ros_ws/install/robot_msgs
[0.278s] DEBUG:colcon.colcon_core.event_handler.log_command:Invoking command in '/ws/ros_ws/build/robot_base': CMAKE_PREFIX_PATH=/opt/ros/humble /usr/bin/cmake /ws/ros_ws/src/robot_base -DCMAKE_INSTALL_PREFIX=/ws/ros_ws/install/robot_base
[0.280s] DEBUG:colcon.colcon_core.event_handler.log_command:Invoking command in '/ws/ros_ws/build/robot_manipulation': CMAKE_PREFIX_PATH=/opt/ros/humble /usr/bin/cmake /ws/ros_ws/src/robot_manipulation -DCMAKE_INSTALL_PREFIX=/ws/ros_ws/install/robot_manipulation
[0.281s] DEBUG:colcon.colcon_core.event_handler.log_command:Invoking command in '/ws/ros_ws/build/robot_nav': CMAKE_PREFIX_PATH=/opt/ros/humble /usr/bin/cmake /ws/ros_ws/src/robot_nav -DCMAKE_INSTALL_PREFIX=/ws/ros_ws/install/robot_nav
[1.700s] DEBUG:colcon.colcon_core.event_handler.log_command:Invoked command in '/ws/ros_ws/build/robot_manipulation' returned '0': CMAKE_PREFIX_PATH=/opt/ros/humble /usr/bin/cmake /ws/ros_ws/src/robot_manipulation -DCMAKE_INSTALL_PREFIX=/ws/ros_ws/install/robot_manipulation
[1.700s] DEBUG:colcon.colcon_core.event_handler.log_command:Invoking command in '/ws/ros_ws/build/robot_manipulation': CMAKE_PREFIX_PATH=/opt/ros/humble /usr/bin/cmake --build /ws/ros_ws/build/robot_manipulation -- -j4 -l4
[1.748s] DEBUG:colcon.colcon_core.event_handler.log_command:Invoked command in '/ws/ros_ws/build/robot_nav' returned '0': CMAKE_PREFIX_PATH=/opt/ros/humble /usr/bin/cmake /ws/ros_ws/src/robot_nav -DCMAKE_INSTALL_PREFIX=/ws/ros_ws/install/robot_nav
[1.749s] DEBUG:colcon.colcon_core.event_handler.log_command:Invoking command in '/ws/ros_ws/build/robot_nav': CMAKE_PREFIX_PATH=/opt/ros/humble /usr/bin/cmake --build /ws/ros_ws/build/robot_nav -- -j4 -l4
[1.758s] DEBUG:colcon.colcon_core.event_handler.log_command:Invoked command in '/ws/ros_ws/build/robot_base' returned '0': CMAKE_PREFIX_PATH=/opt/ros/humble /usr/bin/cmake /ws/ros_ws/src/robot_base -DCMAKE_INSTALL_PREFIX=/ws/ros_ws/install/robot_base
[1.759s] DEBUG:colcon.colcon_core.event_handler.log_command:Invoking command in '/ws/ros_ws/build/robot_base': CMAKE_PREFIX_PATH=/opt/ros/humble /usr/bin/cmake --build /ws/ros_ws/build/robot_base -- -j4 -l4
[4.066s] DEBUG:colcon.colcon_core.event_handler.log_command:Invoked command in '/ws/ros_ws/build/robot_msgs' returned '0': /usr/bin/cmake /ws/ros_ws/src/robot_msgs -DCATKIN_INSTALL_INTO_PREFIX_ROOT=0 -DCMAKE_INSTALL_PREFIX=/ws/ros_ws/install/robot_msgs
[4.068s] DEBUG:colcon.colcon_core.event_handler.log_command:Invoking command in '/ws/ros_ws/build/robot_msgs': /usr/bin/cmake --build /ws/ros_ws/build/robot_msgs -- -j4 -l4
[12.645s] DEBUG:colcon.colcon_core.event_handler.log_command:Invoked command in '/ws/ros_ws/build/robot_manipulation' returned '0': CMAKE_PREFIX_PATH=/opt/ros/humble /usr/bin/cmake --build /ws/ros_ws/build/robot_manipulation -- -j4 -l4
[12.679s] DEBUG:colcon.colcon_core.event_handler.log_command:Invoking command in '/ws/ros_ws/build/robot_manipulation': CMAKE_PREFIX_PATH=/opt/ros/humble /usr/bin/cmake --install /ws/ros_ws/build/robot_manipulation
[12.732s] Level 1:colcon.colcon_core.environment:create_environment_scripts_only(robot_manipulation)
[12.738s] DEBUG:colcon.colcon_core.event_handler.log_command:Invoked command in '/ws/ros_ws/build/robot_manipulation' returned '0': CMAKE_PREFIX_PATH=/opt/ros/humble /usr/bin/cmake --install /ws/ros_ws/build/robot_manipulation
[12.740s] Level 1:colcon.colcon_core.environment:checking '/ws/ros_ws/install/robot_manipulation' for CMake module files
[12.740s] Level 1:colcon.colcon_core.environment:checking '/ws/ros_ws/install/robot_manipulation' for CMake config files
[12.741s] Level 1:colcon.colcon_core.shell:create_environment_hook('robot_manipulation', 'cmake_prefix_path')
[12.741s] INFO:colcon.colcon_core.shell:Creating environment hook '/ws/ros_ws/install/robot_manipulation/share/robot_manipulation/hook/cmake_prefix_path.ps1'
[12.749s] INFO:colcon.colcon_core.shell:Creating environment descriptor '/ws/ros_ws/install/robot_manipulation/share/robot_manipulation/hook/cmake_prefix_path.dsv'
[12.750s] INFO:colcon.colcon_core.shell:Creating environment hook '/ws/ros_ws/install/robot_manipulation/share/robot_manipulation/hook/cmake_prefix_path.sh'
[12.758s] Level 1:colcon.colcon_core.environment:checking '/ws/ros_ws/install/robot_manipulation/lib'
[12.758s] Level 1:colcon.colcon_core.environment:checking '/ws/ros_ws/install/robot_manipulation/bin'
[12.758s] Level 1:colcon.colcon_core.environment:checking '/ws/ros_ws/install/robot_manipulation/lib/pkgconfig/robot_manipulation.pc'
[12.766s] Level 1:colcon.colcon_core.environment:checking '/ws/ros_ws/install/robot_manipulation/lib/python3.10/site-packages'
[12.767s] Level 1:colcon.colcon_core.environment:checking '/ws/ros_ws/install/robot_manipulation/bin'
[12.767s] INFO:colcon.colcon_core.shell:Creating package script '/ws/ros_ws/install/robot_manipulation/share/robot_manipulation/package.ps1'
[12.775s] INFO:colcon.colcon_core.shell:Creating package descriptor '/ws/ros_ws/install/robot_manipulation/share/robot_manipulation/package.dsv'
[12.776s] INFO:colcon.colcon_core.shell:Creating package script '/ws/ros_ws/install/robot_manipulation/share/robot_manipulation/package.sh'
[12.777s] INFO:colcon.colcon_core.shell:Creating package script '/ws/ros_ws/install/robot_manipulation/share/robot_manipulation/package.bash'
[12.784s] INFO:colcon.colcon_core.shell:Creating package script '/ws/ros_ws/install/robot_manipulation/share/robot_manipulation/package.zsh'
[12.785s] Level 1:colcon.colcon_core.environment:create_file_with_runtime_dependencies(/ws/ros_ws/install/robot_manipulation/share/colcon-core/packages/robot_manipulation)
[12.786s] Level 1:colcon.colcon_core.environment:create_environment_scripts_only(robot_manipulation)
[12.793s] Level 1:colcon.colcon_core.environment:checking '/ws/ros_ws/install/robot_manipulation' for CMake module files
[12.794s] Level 1:colcon.colcon_core.environment:checking '/ws/ros_ws/install/robot_manipulation' for CMake config files
[12.794s] Level 1:colcon.colcon_core.shell:create_environment_hook('robot_manipulation', 'cmake_prefix_path')
[12.794s] INFO:colcon.colcon_core.shell:Creating environment hook '/ws/ros_ws/install/robot_manipulation/share/robot_manipulation/hook/cmake_prefix_path.ps1'
[12.795s] INFO:colcon.colcon_core.shell:Creating environment descriptor '/ws/ros_ws/install/robot_manipulation/share/robot_manipulation/hook/cmake_prefix_path.dsv'
[12.799s] INFO:colcon.colcon_core.shell:Creating environment hook '/ws/ros_ws/install/robot_manipulation/share/robot_manipulation/hook/cmake_prefix_path.sh'
[12.803s] Level 1:colcon.colcon_core.environment:checking '/ws/ros_ws/install/robot_manipulation/lib'
[12.803s] Level 1:colcon.colcon_core.environment:checking '/ws/ros_ws/install/robot_manipulation/bin'
[12.803s] Level 1:colcon.colcon_core.environment:checking '/ws/ros_ws/install/robot_manipulation/lib/pkgconfig/robot_manipulation.pc'
[12.803s] Level 1:colcon.colcon_core.environment:checking '/ws/ros_ws/install/robot_manipulation/lib/python3.10/site-packages'
[12.804s] Level 1:colcon.colcon_core.environment:checking '/ws/ros_ws/install/robot_manipulation/bin'
[12.804s] INFO:colcon.colcon_core.shell:Creating package script '/ws/ros_ws/install/robot_manipulation/share/robot_manipulation/package.ps1'
[12.808s] INFO:colcon.colcon_core.shell:Creating package descriptor '/ws/ros_ws/install/robot_manipulation/share/robot_manipulation/package.dsv'
[12.809s] INFO:colcon.colcon_core.shell:Creating package script '/ws/ros_ws/install/robot_manipulation/share/robot_manipulation/package.sh'
[12.810s] INFO:colcon.colcon_core.shell:Creating package script '/ws/ros_ws/install/robot_manipulation/share/robot_manipulation/package.bash'
[12.813s] INFO:colcon.colcon_core.shell:Creating package script '/ws/ros_ws/install/robot_manipulation/share/robot_manipulation/package.zsh'
[12.814s] Level 1:colcon.colcon_core.environment:create_file_with_runtime_dependencies(/ws/ros_ws/install/robot_manipulation/share/colcon-core/packages/robot_manipulation)
[12.818s] INFO:colcon.colcon_ros.task.ament_cmake.build:Building ROS package in '/ws/ros_ws/src/robot_nlu' with build type 'ament_cmake'
[12.819s] INFO:colcon.colcon_cmake.task.cmake.build:Building CMake package in '/ws/ros_ws/src/robot_nlu'
[12.819s] INFO:colcon.colcon_core.shell:Skip shell extension 'powershell' for command environment: Not usable outside of PowerShell
[12.819s] DEBUG:colcon.colcon_core.shell:Skip shell extension 'dsv' for command environment
[12.837s] DEBUG:colcon.colcon_core.event_handler.log_command:Invoking command in '/ws/ros_ws/build/robot_nlu': CMAKE_PREFIX_PATH=/opt/ros/humble /usr/bin/cmake /ws/ros_ws/src/robot_nlu -DCMAKE_INSTALL_PREFIX=/ws/ros_ws/install/robot_nlu
[15.616s] DEBUG:colcon.colcon_core.event_handler.log_command:Invoked command in '/ws/ros_ws/build/robot_nlu' returned '0': CMAKE_PREFIX_PATH=/opt/ros/humble /usr/bin/cmake /ws/ros_ws/src/robot_nlu -DCMAKE_INSTALL_PREFIX=/ws/ros_ws/install/robot_nlu
[15.617s] DEBUG:colcon.colcon_core.event_handler.log_command:Invoking command in '/ws/ros_ws/build/robot_nlu': CMAKE_PREFIX_PATH=/opt/ros/humble /usr/bin/cmake --build /ws/ros_ws/build/robot_nlu -- -j4 -l4
[16.667s] DEBUG:colcon.colcon_core.event_handler.log_command:Invoked command in '/ws/ros_ws/build/robot_nav' returned '0': CMAKE_PREFIX_PATH=/opt/ros/humble /usr/bin/cmake --build /ws/ros_ws/build/robot_nav -- -j4 -l4
[16.667s] DEBUG:colcon.colcon_core.event_handler.log_command:Invoking command in '/ws/ros_ws/build/robot_nav': CMAKE_PREFIX_PATH=/opt/ros/humble /usr/bin/cmake --install /ws/ros_ws/build/robot_nav
[16.721s] Level 1:colcon.colcon_core.environment:create_environment_scripts_only(robot_nav)
[16.724s] Level 1:colcon.colcon_core.environment:checking '/ws/ros_ws/install/robot_nav' for CMake module files
[16.721s] DEBUG:colcon.colcon_core.event_handler.log_command:Invoked command in '/ws/ros_ws/build/robot_nav' returned '0': CMAKE_PREFIX_PATH=/opt/ros/humble /usr/bin/cmake --install /ws/ros_ws/build/robot_nav
[16.725s] Level 1:colcon.colcon_core.environment:checking '/ws/ros_ws/install/robot_nav' for CMake config files
[16.725s] Level 1:colcon.colcon_core.shell:create_environment_hook('robot_nav', 'cmake_prefix_path')
[16.725s] INFO:colcon.colcon_core.shell:Creating environment hook '/ws/ros_ws/install/robot_nav/share/robot_nav/hook/cmake_prefix_path.ps1'
[16.726s] INFO:colcon.colcon_core.shell:Creating environment descriptor '/ws/ros_ws/install/robot_nav/share/robot_nav/hook/cmake_prefix_path.dsv'
[16.726s] INFO:colcon.colcon_core.shell:Creating environment hook '/ws/ros_ws/install/robot_nav/share/robot_nav/hook/cmake_prefix_path.sh'
[16.727s] Level 1:colcon.colcon_core.environment:checking '/ws/ros_ws/install/robot_nav/lib'
[16.727s] Level 1:colcon.colcon_core.environment:checking '/ws/ros_ws/install/robot_nav/bin'
[16.727s] Level 1:colcon.colcon_core.environment:checking '/ws/ros_ws/install/robot_nav/lib/pkgconfig/robot_nav.pc'
[16.727s] Level 1:colcon.colcon_core.environment:checking '/ws/ros_ws/install/robot_nav/lib/python3.10/site-packages'
[16.731s] Level 1:colcon.colcon_core.environment:checking '/ws/ros_ws/install/robot_nav/bin'
[16.731s] INFO:colcon.colcon_core.shell:Creating package script '/ws/ros_ws/install/robot_nav/share/robot_nav/package.ps1'
[16.732s] INFO:colcon.colcon_core.shell:Creating package descriptor '/ws/ros_ws/install/robot_nav/share/robot_nav/package.dsv'
[16.735s] INFO:colcon.colcon_core.shell:Creating package script '/ws/ros_ws/install/robot_nav/share/robot_nav/package.sh'
[16.737s] INFO:colcon.colcon_core.shell:Creating package script '/ws/ros_ws/install/robot_nav/share/robot_nav/package.bash'
[16.738s] INFO:colcon.colcon_core.shell:Creating package script '/ws/ros_ws/install/robot_nav/share/robot_nav/package.zsh'
[16.738s] Level 1:colcon.colcon_core.environment:create_file_with_runtime_dependencies(/ws/ros_ws/install/robot_nav/share/colcon-core/packages/robot_nav)
[16.742s] Level 1:colcon.colcon_core.environment:create_environment_scripts_only(robot_nav)
[16.742s] Level 1:colcon.colcon_core.environment:checking '/ws/ros_ws/install/robot_nav' for CMake module files
[16.743s] Level 1:colcon.colcon_core.environment:checking '/ws/ros_ws/install/robot_nav' for CMake config files
[16.743s] Level 1:colcon.colcon_core.shell:create_environment_hook('robot_nav', 'cmake_prefix_path')
[16.743s] INFO:colcon.colcon_core.shell:Creating environment hook '/ws/ros_ws/install/robot_nav/share/robot_nav/hook/cmake_prefix_path.ps1'
[16.744s] INFO:colcon.colcon_core.shell:Creating environment descriptor '/ws/ros_ws/install/robot_nav/share/robot_nav/hook/cmake_prefix_path.dsv'
[16.747s] INFO:colcon.colcon_core.shell:Creating environment hook '/ws/ros_ws/install/robot_nav/share/robot_nav/hook/cmake_prefix_path.sh'
[16.751s] Level 1:colcon.colcon_core.environment:checking '/ws/ros_ws/install/robot_nav/lib'
[16.751s] Level 1:colcon.colcon_core.environment:checking '/ws/ros_ws/install/robot_nav/bin'
[16.751s] Level 1:colcon.colcon_core.environment:checking '/ws/ros_ws/install/robot_nav/lib/pkgconfig/robot_nav.pc'
[16.751s] Level 1:colcon.colcon_core.environment:checking '/ws/ros_ws/install/robot_nav/lib/python3.10/site-packages'
[16.752s] Level 1:colcon.colcon_core.environment:checking '/ws/ros_ws/install/robot_nav/bin'
[16.752s] INFO:colcon.colcon_core.shell:Creating package script '/ws/ros_ws/install/robot_nav/share/robot_nav/package.ps1'
[16.753s] INFO:colcon.colcon_core.shell:Creating package descriptor '/ws/ros_ws/install/robot_nav/share/robot_nav/package.dsv'
[16.756s] INFO:colcon.colcon_core.shell:Creating package script '/ws/ros_ws/install/robot_nav/share/robot_nav/package.sh'
[16.757s] INFO:colcon.colcon_core.shell:Creating package script '/ws/ros_ws/install/robot_nav/share/robot_nav/package.bash'
[16.758s] INFO:colcon.colcon_core.shell:Creating package script '/ws/ros_ws/install/robot_nav/share/robot_nav/package.zsh'
[16.761s] Level 1:colcon.colcon_core.environment:create_file_with_runtime_dependencies(/ws/ros_ws/install/robot_nav/share/colcon-core/packages/robot_nav)
[16.762s] INFO:colcon.colcon_ros.task.ament_cmake.build:Building ROS package in '/ws/ros_ws/src/robot_safety' with build type 'ament_cmake'
[16.762s] INFO:colcon.colcon_cmake.task.cmake.build:Building CMake package in '/ws/ros_ws/src/robot_safety'
[16.762s] INFO:colcon.colcon_core.shell:Skip shell extension 'powershell' for command environment: Not usable outside of PowerShell
[16.762s] DEBUG:colcon.colcon_core.shell:Skip shell extension 'dsv' for command environment
[16.785s] DEBUG:colcon.colcon_core.event_handler.log_command:Invoking command in '/ws/ros_ws/build/robot_safety': CMAKE_PREFIX_PATH=/opt/ros/humble /usr/bin/cmake /ws/ros_ws/src/robot_safety -DCMAKE_INSTALL_PREFIX=/ws/ros_ws/install/robot_safety
[20.570s] DEBUG:colcon.colcon_core.event_handler.log_command:Invoked command in '/ws/ros_ws/build/robot_safety' returned '0': CMAKE_PREFIX_PATH=/opt/ros/humble /usr/bin/cmake /ws/ros_ws/src/robot_safety -DCMAKE_INSTALL_PREFIX=/ws/ros_ws/install/robot_safety
[20.570s] DEBUG:colcon.colcon_core.event_handler.log_command:Invoking command in '/ws/ros_ws/build/robot_safety': CMAKE_PREFIX_PATH=/opt/ros/humble /usr/bin/cmake --build /ws/ros_ws/build/robot_safety -- -j4 -l4
[24.017s] DEBUG:colcon.colcon_core.event_handler.log_command:Invoked command in '/ws/ros_ws/build/robot_msgs' returned '0': /usr/bin/cmake --build /ws/ros_ws/build/robot_msgs -- -j4 -l4
[24.017s] DEBUG:colcon.colcon_core.event_handler.log_command:Invoking command in '/ws/ros_ws/build/robot_msgs': /usr/bin/cmake --install /ws/ros_ws/build/robot_msgs
[24.213s] DEBUG:colcon.colcon_core.event_handler.log_command:Invoked command in '/ws/ros_ws/build/robot_msgs' returned '0': /usr/bin/cmake --install /ws/ros_ws/build/robot_msgs
[24.213s] Level 1:colcon.colcon_core.shell:create_environment_hook('robot_msgs', 'ros_package_path')
[24.214s] INFO:colcon.colcon_core.shell:Creating environment hook '/ws/ros_ws/install/robot_msgs/share/robot_msgs/hook/ros_package_path.ps1'
[24.214s] INFO:colcon.colcon_core.shell:Creating environment descriptor '/ws/ros_ws/install/robot_msgs/share/robot_msgs/hook/ros_package_path.dsv'
[24.215s] INFO:colcon.colcon_core.shell:Creating environment hook '/ws/ros_ws/install/robot_msgs/share/robot_msgs/hook/ros_package_path.sh'
[24.215s] Level 1:colcon.colcon_ros.task.catkin:checking '/ws/ros_ws/install/robot_msgs/local/lib/python3.10/dist-packages'
[24.215s] Level 1:colcon.colcon_core.shell:create_environment_hook('robot_msgs', 'catkin_pythonpath')
[24.216s] INFO:colcon.colcon_core.shell:Creating environment hook '/ws/ros_ws/install/robot_msgs/share/robot_msgs/hook/catkin_pythonpath.ps1'
[24.216s] INFO:colcon.colcon_core.shell:Creating environment descriptor '/ws/ros_ws/install/robot_msgs/share/robot_msgs/hook/catkin_pythonpath.dsv'
[24.217s] INFO:colcon.colcon_core.shell:Creating environment hook '/ws/ros_ws/install/robot_msgs/share/robot_msgs/hook/catkin_pythonpath.sh'
[24.217s] Level 1:colcon.colcon_core.shell:create_environment_hook('robot_msgs', 'pkg_config_path')
[24.217s] INFO:colcon.colcon_core.shell:Creating environment hook '/ws/ros_ws/install/robot_msgs/share/robot_msgs/hook/pkg_config_path.ps1'
[24.218s] INFO:colcon.colcon_core.shell:Creating environment descriptor '/ws/ros_ws/install/robot_msgs/share/robot_msgs/hook/pkg_config_path.dsv'
[24.218s] INFO:colcon.colcon_core.shell:Creating environment hook '/ws/ros_ws/install/robot_msgs/share/robot_msgs/hook/pkg_config_path.sh'
[24.221s] Level 1:colcon.colcon_core.shell:create_environment_hook('robot_msgs', 'pkg_config_path_multiarch')
[24.221s] INFO:colcon.colcon_core.shell:Creating environment hook '/ws/ros_ws/install/robot_msgs/share/robot_msgs/hook/pkg_config_path_multiarch.ps1'
[24.222s] INFO:colcon.colcon_core.shell:Creating environment descriptor '/ws/ros_ws/install/robot_msgs/share/robot_msgs/hook/pkg_config_path_multiarch.dsv'
[24.223s] INFO:colcon.colcon_core.shell:Creating environment hook '/ws/ros_ws/install/robot_msgs/share/robot_msgs/hook/pkg_config_path_multiarch.sh'
[24.224s] Level 1:colcon.colcon_core.environment:create_environment_scripts_only(robot_msgs)
[24.224s] Level 1:colcon.colcon_core.environment:checking '/ws/ros_ws/install/robot_msgs' for CMake module files
[24.225s] Level 1:colcon.colcon_core.environment:checking '/ws/ros_ws/install/robot_msgs' for CMake config files
[24.226s] Level 1:colcon.colcon_core.shell:create_environment_hook('robot_msgs', 'cmake_prefix_path')
[24.227s] INFO:colcon.colcon_core.shell:Creating environment hook '/ws/ros_ws/install/robot_msgs/share/robot_msgs/hook/cmake_prefix_path.ps1'
[24.228s] INFO:colcon.colcon_core.shell:Creating environment descriptor '/ws/ros_ws/install/robot_msgs/share/robot_msgs/hook/cmake_prefix_path.dsv'
[24.228s] INFO:colcon.colcon_core.shell:Creating environment hook '/ws/ros_ws/install/robot_msgs/share/robot_msgs/hook/cmake_prefix_path.sh'
[24.229s] Level 1:colcon.colcon_core.environment:checking '/ws/ros_ws/install/robot_msgs/lib'
[24.229s] Level 1:colcon.colcon_core.shell:create_environment_hook('robot_msgs', 'ld_library_path_lib')
[24.229s] INFO:colcon.colcon_core.shell:Creating environment hook '/ws/ros_ws/install/robot_msgs/share/robot_msgs/hook/ld_library_path_lib.ps1'
[24.230s] INFO:colcon.colcon_core.shell:Creating environment descriptor '/ws/ros_ws/install/robot_msgs/share/robot_msgs/hook/ld_library_path_lib.dsv'
[24.231s] INFO:colcon.colcon_core.shell:Creating environment hook '/ws/ros_ws/install/robot_msgs/share/robot_msgs/hook/ld_library_path_lib.sh'
[24.231s] Level 1:colcon.colcon_core.environment:checking '/ws/ros_ws/install/robot_msgs/bin'
[24.231s] Level 1:colcon.colcon_core.environment:checking '/ws/ros_ws/install/robot_msgs/lib/pkgconfig/robot_msgs.pc'
[24.231s] Level 1:colcon.colcon_core.environment:checking '/ws/ros_ws/install/robot_msgs/lib/python3.10/site-packages'
[24.232s] Level 1:colcon.colcon_core.environment:checking '/ws/ros_ws/install/robot_msgs/bin'
[24.232s] INFO:colcon.colcon_core.shell:Creating package script '/ws/ros_ws/install/robot_msgs/share/robot_msgs/package.ps1'
[24.234s] INFO:colcon.colcon_core.shell:Creating package descriptor '/ws/ros_ws/install/robot_msgs/share/robot_msgs/package.dsv'
[24.235s] INFO:colcon.colcon_core.shell:Creating package script '/ws/ros_ws/install/robot_msgs/share/robot_msgs/package.sh'
[24.236s] INFO:colcon.colcon_core.shell:Creating package script '/ws/ros_ws/install/robot_msgs/share/robot_msgs/package.bash'
[24.236s] INFO:colcon.colcon_core.shell:Creating package script '/ws/ros_ws/install/robot_msgs/share/robot_msgs/package.zsh'
[24.236s] Level 1:colcon.colcon_core.environment:create_file_with_runtime_dependencies(/ws/ros_ws/install/robot_msgs/share/colcon-core/packages/robot_msgs)
[24.238s] INFO:colcon.colcon_ros.task.ament_cmake.build:Building ROS package in '/ws/ros_ws/src/robot_voice' with build type 'ament_cmake'
[24.238s] INFO:colcon.colcon_cmake.task.cmake.build:Building CMake package in '/ws/ros_ws/src/robot_voice'
[24.239s] INFO:colcon.colcon_core.shell:Skip shell extension 'powershell' for command environment: Not usable outside of PowerShell
[24.239s] DEBUG:colcon.colcon_core.shell:Skip shell extension 'dsv' for command environment
[24.247s] DEBUG:colcon.colcon_core.event_handler.log_command:Invoking command in '/ws/ros_ws/build/robot_voice': CMAKE_PREFIX_PATH=/opt/ros/humble /usr/bin/cmake /ws/ros_ws/src/robot_voice -DCMAKE_INSTALL_PREFIX=/ws/ros_ws/install/robot_voice
[24.462s] DEBUG:colcon.colcon_core.event_handler.log_command:Invoked command in '/ws/ros_ws/build/robot_base' returned '0': CMAKE_PREFIX_PATH=/opt/ros/humble /usr/bin/cmake --build /ws/ros_ws/build/robot_base -- -j4 -l4
[24.463s] DEBUG:colcon.colcon_core.event_handler.log_command:Invoking command in '/ws/ros_ws/build/robot_base': CMAKE_PREFIX_PATH=/opt/ros/humble /usr/bin/cmake --install /ws/ros_ws/build/robot_base
[24.487s] Level 1:colcon.colcon_core.environment:create_environment_scripts_only(robot_base)
[24.488s] Level 1:colcon.colcon_core.environment:checking '/ws/ros_ws/install/robot_base' for CMake module files
[24.489s] Level 1:colcon.colcon_core.environment:checking '/ws/ros_ws/install/robot_base' for CMake config files
[24.489s] Level 1:colcon.colcon_core.shell:create_environment_hook('robot_base', 'cmake_prefix_path')
[24.490s] INFO:colcon.colcon_core.shell:Creating environment hook '/ws/ros_ws/install/robot_base/share/robot_base/hook/cmake_prefix_path.ps1'
[24.491s] INFO:colcon.colcon_core.shell:Creating environment descriptor '/ws/ros_ws/install/robot_base/share/robot_base/hook/cmake_prefix_path.dsv'
[24.492s] INFO:colcon.colcon_core.shell:Creating environment hook '/ws/ros_ws/install/robot_base/share/robot_base/hook/cmake_prefix_path.sh'
[24.493s] Level 1:colcon.colcon_core.environment:checking '/ws/ros_ws/install/robot_base/lib'
[24.493s] Level 1:colcon.colcon_core.environment:checking '/ws/ros_ws/install/robot_base/bin'
[24.493s] Level 1:colcon.colcon_core.environment:checking '/ws/ros_ws/install/robot_base/lib/pkgconfig/robot_base.pc'
[24.494s] Level 1:colcon.colcon_core.environment:checking '/ws/ros_ws/install/robot_base/lib/python3.10/site-packages'
[24.494s] Level 1:colcon.colcon_core.environment:checking '/ws/ros_ws/install/robot_base/bin'
[24.495s] INFO:colcon.colcon_core.shell:Creating package script '/ws/ros_ws/install/robot_base/share/robot_base/package.ps1'
[24.496s] INFO:colcon.colcon_core.shell:Creating package descriptor '/ws/ros_ws/install/robot_base/share/robot_base/package.dsv'
[24.497s] DEBUG:colcon.colcon_core.event_handler.log_command:Invoked command in '/ws/ros_ws/build/robot_base' returned '0': CMAKE_PREFIX_PATH=/opt/ros/humble /usr/bin/cmake --install /ws/ros_ws/build/robot_base
[24.498s] INFO:colcon.colcon_core.shell:Creating package script '/ws/ros_ws/install/robot_base/share/robot_base/package.sh'
[24.499s] INFO:colcon.colcon_core.shell:Creating package script '/ws/ros_ws/install/robot_base/share/robot_base/package.bash'
[24.500s] INFO:colcon.colcon_core.shell:Creating package script '/ws/ros_ws/install/robot_base/share/robot_base/package.zsh'
[24.500s] Level 1:colcon.colcon_core.environment:create_file_with_runtime_dependencies(/ws/ros_ws/install/robot_base/share/colcon-core/packages/robot_base)
[24.501s] Level 1:colcon.colcon_core.environment:create_environment_scripts_only(robot_base)
[24.501s] Level 1:colcon.colcon_core.environment:checking '/ws/ros_ws/install/robot_base' for CMake module files
[24.502s] Level 1:colcon.colcon_core.environment:checking '/ws/ros_ws/install/robot_base' for CMake config files
[24.502s] Level 1:colcon.colcon_core.shell:create_environment_hook('robot_base', 'cmake_prefix_path')
[24.502s] INFO:colcon.colcon_core.shell:Creating environment hook '/ws/ros_ws/install/robot_base/share/robot_base/hook/cmake_prefix_path.ps1'
[24.503s] INFO:colcon.colcon_core.shell:Creating environment descriptor '/ws/ros_ws/install/robot_base/share/robot_base/hook/cmake_prefix_path.dsv'
[24.503s] INFO:colcon.colcon_core.shell:Creating environment hook '/ws/ros_ws/install/robot_base/share/robot_base/hook/cmake_prefix_path.sh'
[24.504s] Level 1:colcon.colcon_core.environment:checking '/ws/ros_ws/install/robot_base/lib'
[24.504s] Level 1:colcon.colcon_core.environment:checking '/ws/ros_ws/install/robot_base/bin'
[24.504s] Level 1:colcon.colcon_core.environment:checking '/ws/ros_ws/install/robot_base/lib/pkgconfig/robot_base.pc'
[24.505s] Level 1:colcon.colcon_core.environment:checking '/ws/ros_ws/install/robot_base/lib/python3.10/site-packages'
[24.505s] Level 1:colcon.colcon_core.environment:checking '/ws/ros_ws/install/robot_base/bin'
[24.505s] INFO:colcon.colcon_core.shell:Creating package script '/ws/ros_ws/install/robot_base/share/robot_base/package.ps1'
[24.506s] INFO:colcon.colcon_core.shell:Creating package descriptor '/ws/ros_ws/install/robot_base/share/robot_base/package.dsv'
[24.507s] INFO:colcon.colcon_core.shell:Creating package script '/ws/ros_ws/install/robot_base/share/robot_base/package.sh'
[24.507s] INFO:colcon.colcon_core.shell:Creating package script '/ws/ros_ws/install/robot_base/share/robot_base/package.bash'
[24.508s] INFO:colcon.colcon_core.shell:Creating package script '/ws/ros_ws/install/robot_base/share/robot_base/package.zsh'
[24.508s] Level 1:colcon.colcon_core.environment:create_file_with_runtime_dependencies(/ws/ros_ws/install/robot_base/share/colcon-core/packages/robot_base)
[24.509s] INFO:colcon.colcon_ros.task.ament_cmake.build:Building ROS package in '/ws/ros_ws/src/robot_executor' with build type 'ament_cmake'
[24.510s] INFO:colcon.colcon_cmake.task.cmake.build:Building CMake package in '/ws/ros_ws/src/robot_executor'
[24.510s] INFO:colcon.colcon_core.shell:Skip shell extension 'powershell' for command environment: Not usable outside of PowerShell
[24.510s] DEBUG:colcon.colcon_core.shell:Skip shell extension 'dsv' for command environment
[24.521s] DEBUG:colcon.colcon_core.event_handler.log_command:Invoking command in '/ws/ros_ws/build/robot_executor': CMAKE_PREFIX_PATH=/opt/ros/humble:/ws/ros_ws/install/robot_msgs LD_LIBRARY_PATH=/ws/ros_ws/install/robot_msgs/lib:${LD_LIBRARY_PATH} PKG_CONFIG_PATH=/ws/ros_ws/install/robot_msgs/lib/x86_64-linux-gnu/pkgconfig:/ws/ros_ws/install/robot_msgs/lib/pkgconfig PYTHONPATH=/ws/ros_ws/install/robot_msgs/local/lib/python3.10/dist-packages:${PYTHONPATH} ROS_PACKAGE_PATH=/ws/ros_ws/install/robot_msgs/share /usr/bin/cmake /ws/ros_ws/src/robot_executor -DCMAKE_INSTALL_PREFIX=/ws/ros_ws/install/robot_executor
[25.981s] DEBUG:colcon.colcon_core.event_handler.log_command:Invoked command in '/ws/ros_ws/build/robot_voice' returned '0': CMAKE_PREFIX_PATH=/opt/ros/humble /usr/bin/cmake /ws/ros_ws/src/robot_voice -DCMAKE_INSTALL_PREFIX=/ws/ros_ws/install/robot_voice
[25.982s] DEBUG:colcon.colcon_core.event_handler.log_command:Invoking command in '/ws/ros_ws/build/robot_voice': CMAKE_PREFIX_PATH=/opt/ros/humble /usr/bin/cmake --build /ws/ros_ws/build/robot_voice -- -j4 -l4
[26.133s] DEBUG:colcon.colcon_core.event_handler.log_command:Invoked command in '/ws/ros_ws/build/robot_executor' returned '0': CMAKE_PREFIX_PATH=/opt/ros/humble:/ws/ros_ws/install/robot_msgs LD_LIBRARY_PATH=/ws/ros_ws/install/robot_msgs/lib:${LD_LIBRARY_PATH} PKG_CONFIG_PATH=/ws/ros_ws/install/robot_msgs/lib/x86_64-linux-gnu/pkgconfig:/ws/ros_ws/install/robot_msgs/lib/pkgconfig PYTHONPATH=/ws/ros_ws/install/robot_msgs/local/lib/python3.10/dist-packages:${PYTHONPATH} ROS_PACKAGE_PATH=/ws/ros_ws/install/robot_msgs/share /usr/bin/cmake /ws/ros_ws/src/robot_executor -DCMAKE_INSTALL_PREFIX=/ws/ros_ws/install/robot_executor
[26.134s] DEBUG:colcon.colcon_core.event_handler.log_command:Invoking command in '/ws/ros_ws/build/robot_executor': CMAKE_PREFIX_PATH=/opt/ros/humble:/ws/ros_ws/install/robot_msgs LD_LIBRARY_PATH=/ws/ros_ws/install/robot_msgs/lib:${LD_LIBRARY_PATH} PKG_CONFIG_PATH=/ws/ros_ws/install/robot_msgs/lib/x86_64-linux-gnu/pkgconfig:/ws/ros_ws/install/robot_msgs/lib/pkgconfig PYTHONPATH=/ws/ros_ws/install/robot_msgs/local/lib/python3.10/dist-packages:${PYTHONPATH} ROS_PACKAGE_PATH=/ws/ros_ws/install/robot_msgs/share /usr/bin/cmake --build /ws/ros_ws/build/robot_executor -- -j4 -l4
[28.636s] DEBUG:colcon.colcon_core.event_handler.log_command:Invoked command in '/ws/ros_ws/build/robot_nlu' returned '0': CMAKE_PREFIX_PATH=/opt/ros/humble /usr/bin/cmake --build /ws/ros_ws/build/robot_nlu -- -j4 -l4
[28.637s] DEBUG:colcon.colcon_core.event_handler.log_command:Invoking command in '/ws/ros_ws/build/robot_nlu': CMAKE_PREFIX_PATH=/opt/ros/humble /usr/bin/cmake --install /ws/ros_ws/build/robot_nlu
[28.661s] Level 1:colcon.colcon_core.environment:create_environment_scripts_only(robot_nlu)
[28.661s] Level 1:colcon.colcon_core.environment:checking '/ws/ros_ws/install/robot_nlu' for CMake module files
[28.662s] DEBUG:colcon.colcon_core.event_handler.log_command:Invoked command in '/ws/ros_ws/build/robot_nlu' returned '0': CMAKE_PREFIX_PATH=/opt/ros/humble /usr/bin/cmake --install /ws/ros_ws/build/robot_nlu
[28.662s] Level 1:colcon.colcon_core.environment:checking '/ws/ros_ws/install/robot_nlu' for CMake config files
[28.662s] Level 1:colcon.colcon_core.shell:create_environment_hook('robot_nlu', 'cmake_prefix_path')
[28.663s] INFO:colcon.colcon_core.shell:Creating environment hook '/ws/ros_ws/install/robot_nlu/share/robot_nlu/hook/cmake_prefix_path.ps1'
[28.663s] INFO:colcon.colcon_core.shell:Creating environment descriptor '/ws/ros_ws/install/robot_nlu/share/robot_nlu/hook/cmake_prefix_path.dsv'
[28.664s] INFO:colcon.colcon_core.shell:Creating environment hook '/ws/ros_ws/install/robot_nlu/share/robot_nlu/hook/cmake_prefix_path.sh'
[28.664s] Level 1:colcon.colcon_core.environment:checking '/ws/ros_ws/install/robot_nlu/lib'
[28.664s] Level 1:colcon.colcon_core.environment:checking '/ws/ros_ws/install/robot_nlu/bin'
[28.664s] Level 1:colcon.colcon_core.environment:checking '/ws/ros_ws/install/robot_nlu/lib/pkgconfig/robot_nlu.pc'
[28.664s] Level 1:colcon.colcon_core.environment:checking '/ws/ros_ws/install/robot_nlu/lib/python3.10/site-packages'
[28.665s] Level 1:colcon.colcon_core.environment:checking '/ws/ros_ws/install/robot_nlu/bin'
[28.665s] INFO:colcon.colcon_core.shell:Creating package script '/ws/ros_ws/install/robot_nlu/share/robot_nlu/package.ps1'
[28.666s] INFO:colcon.colcon_core.shell:Creating package descriptor '/ws/ros_ws/install/robot_nlu/share/robot_nlu/package.dsv'
[28.666s] INFO:colcon.colcon_core.shell:Creating package script '/ws/ros_ws/install/robot_nlu/share/robot_nlu/package.sh'
[28.666s] INFO:colcon.colcon_core.shell:Creating package script '/ws/ros_ws/install/robot_nlu/share/robot_nlu/package.bash'
[28.667s] INFO:colcon.colcon_core.shell:Creating package script '/ws/ros_ws/install/robot_nlu/share/robot_nlu/package.zsh'
[28.667s] Level 1:colcon.colcon_core.environment:create_file_with_runtime_dependencies(/ws/ros_ws/install/robot_nlu/share/colcon-core/packages/robot_nlu)
[28.668s] Level 1:colcon.colcon_core.environment:create_environment_scripts_only(robot_nlu)
[28.668s] Level 1:colcon.colcon_core.environment:checking '/ws/ros_ws/install/robot_nlu' for CMake module files
[28.668s] Level 1:colcon.colcon_core.environment:checking '/ws/ros_ws/install/robot_nlu' for CMake config files
[28.669s] Level 1:colcon.colcon_core.shell:create_environment_hook('robot_nlu', 'cmake_prefix_path')
[28.669s] INFO:colcon.colcon_core.shell:Creating environment hook '/ws/ros_ws/install/robot_nlu/share/robot_nlu/hook/cmake_prefix_path.ps1'
[28.669s] INFO:colcon.colcon_core.shell:Creating environment descriptor '/ws/ros_ws/install/robot_nlu/share/robot_nlu/hook/cmake_prefix_path.dsv'
[28.670s] INFO:colcon.colcon_core.shell:Creating environment hook '/ws/ros_ws/install/robot_nlu/share/robot_nlu/hook/cmake_prefix_path.sh'
[28.670s] Level 1:colcon.colcon_core.environment:checking '/ws/ros_ws/install/robot_nlu/lib'
[28.670s] Level 1:colcon.colcon_core.environment:checking '/ws/ros_ws/install/robot_nlu/bin'
[28.670s] Level 1:colcon.colcon_core.environment:checking '/ws/ros_ws/install/robot_nlu/lib/pkgconfig/robot_nlu.pc'
[28.670s] Level 1:colcon.colcon_core.environment:checking '/ws/ros_ws/install/robot_nlu/lib/python3.10/site-packages'
[28.671s] Level 1:colcon.colcon_core.environment:checking '/ws/ros_ws/install/robot_nlu/bin'
[28.671s] INFO:colcon.colcon_core.shell:Creating package script '/ws/ros_ws/install/robot_nlu/share/robot_nlu/package.ps1'
[28.672s] INFO:colcon.colcon_core.shell:Creating package descriptor '/ws/ros_ws/install/robot_nlu/share/robot_nlu/package.dsv'
[28.672s] INFO:colcon.colcon_core.shell:Creating package script '/ws/ros_ws/install/robot_nlu/share/robot_nlu/package.sh'
[28.673s] INFO:colcon.colcon_core.shell:Creating package script '/ws/ros_ws/install/robot_nlu/share/robot_nlu/package.bash'
[28.673s] INFO:colcon.colcon_core.shell:Creating package script '/ws/ros_ws/install/robot_nlu/share/robot_nlu/package.zsh'
[28.673s] Level 1:colcon.colcon_core.environment:create_file_with_runtime_dependencies(/ws/ros_ws/install/robot_nlu/share/colcon-core/packages/robot_nlu)
[28.675s] INFO:colcon.colcon_ros.task.ament_cmake.build:Building ROS package in '/ws/ros_ws/src/robot_identity' with build type 'ament_cmake'
[28.675s] INFO:colcon.colcon_cmake.task.cmake.build:Building CMake package in '/ws/ros_ws/src/robot_identity'
[28.675s] INFO:colcon.colcon_core.shell:Skip shell extension 'powershell' for command environment: Not usable outside of PowerShell
[28.675s] DEBUG:colcon.colcon_core.shell:Skip shell extension 'dsv' for command environment
[28.686s] DEBUG:colcon.colcon_core.event_handler.log_command:Invoking command in '/ws/ros_ws/build/robot_identity': CMAKE_PREFIX_PATH=/opt/ros/humble:/ws/ros_ws/install/robot_msgs LD_LIBRARY_PATH=/ws/ros_ws/install/robot_msgs/lib:${LD_LIBRARY_PATH} PKG_CONFIG_PATH=/ws/ros_ws/install/robot_msgs/lib/x86_64-linux-gnu/pkgconfig:/ws/ros_ws/install/robot_msgs/lib/pkgconfig PYTHONPATH=/ws/ros_ws/install/robot_msgs/local/lib/python3.10/dist-packages:${PYTHONPATH} ROS_PACKAGE_PATH=/ws/ros_ws/install/robot_msgs/share /usr/bin/cmake /ws/ros_ws/src/robot_identity -DCMAKE_INSTALL_PREFIX=/ws/ros_ws/install/robot_identity
[30.466s] DEBUG:colcon.colcon_core.event_handler.log_command:Invoked command in '/ws/ros_ws/build/robot_identity' returned '0': CMAKE_PREFIX_PATH=/opt/ros/humble:/ws/ros_ws/install/robot_msgs LD_LIBRARY_PATH=/ws/ros_ws/install/robot_msgs/lib:${LD_LIBRARY_PATH} PKG_CONFIG_PATH=/ws/ros_ws/install/robot_msgs/lib/x86_64-linux-gnu/pkgconfig:/ws/ros_ws/install/robot_msgs/lib/pkgconfig PYTHONPATH=/ws/ros_ws/install/robot_msgs/local/lib/python3.10/dist-packages:${PYTHONPATH} ROS_PACKAGE_PATH=/ws/ros_ws/install/robot_msgs/share /usr/bin/cmake /ws/ros_ws/src/robot_identity -DCMAKE_INSTALL_PREFIX=/ws/ros_ws/install/robot_identity
[30.468s] DEBUG:colcon.colcon_core.event_handler.log_command:Invoking command in '/ws/ros_ws/build/robot_identity': CMAKE_PREFIX_PATH=/opt/ros/humble:/ws/ros_ws/install/robot_msgs LD_LIBRARY_PATH=/ws/ros_ws/install/robot_msgs/lib:${LD_LIBRARY_PATH} PKG_CONFIG_PATH=/ws/ros_ws/install/robot_msgs/lib/x86_64-linux-gnu/pkgconfig:/ws/ros_ws/install/robot_msgs/lib/pkgconfig PYTHONPATH=/ws/ros_ws/install/robot_msgs/local/lib/python3.10/dist-packages:${PYTHONPATH} ROS_PACKAGE_PATH=/ws/ros_ws/install/robot_msgs/share /usr/bin/cmake --build /ws/ros_ws/build/robot_identity -- -j4 -l4
[37.379s] DEBUG:colcon.colcon_core.event_handler.log_command:Invoked command in '/ws/ros_ws/build/robot_safety' returned '0': CMAKE_PREFIX_PATH=/opt/ros/humble /usr/bin/cmake --build /ws/ros_ws/build/robot_safety -- -j4 -l4
[37.379s] DEBUG:colcon.colcon_core.event_handler.log_command:Invoking command in '/ws/ros_ws/build/robot_safety': CMAKE_PREFIX_PATH=/opt/ros/humble /usr/bin/cmake --install /ws/ros_ws/build/robot_safety
[37.412s] Level 1:colcon.colcon_core.environment:create_environment_scripts_only(robot_safety)
[37.413s] Level 1:colcon.colcon_core.environment:checking '/ws/ros_ws/install/robot_safety' for CMake module files
[37.413s] DEBUG:colcon.colcon_core.event_handler.log_command:Invoked command in '/ws/ros_ws/build/robot_safety' returned '0': CMAKE_PREFIX_PATH=/opt/ros/humble /usr/bin/cmake --install /ws/ros_ws/build/robot_safety
[37.416s] Level 1:colcon.colcon_core.environment:checking '/ws/ros_ws/install/robot_safety' for CMake config files
[37.416s] Level 1:colcon.colcon_core.shell:create_environment_hook('robot_safety', 'cmake_prefix_path')
[37.416s] INFO:colcon.colcon_core.shell:Creating environment hook '/ws/ros_ws/install/robot_safety/share/robot_safety/hook/cmake_prefix_path.ps1'
[37.417s] INFO:colcon.colcon_core.shell:Creating environment descriptor '/ws/ros_ws/install/robot_safety/share/robot_safety/hook/cmake_prefix_path.dsv'
[37.419s] INFO:colcon.colcon_core.shell:Creating environment hook '/ws/ros_ws/install/robot_safety/share/robot_safety/hook/cmake_prefix_path.sh'
[37.420s] Level 1:colcon.colcon_core.environment:checking '/ws/ros_ws/install/robot_safety/lib'
[37.420s] Level 1:colcon.colcon_core.environment:checking '/ws/ros_ws/install/robot_safety/bin'
[37.420s] Level 1:colcon.colcon_core.environment:checking '/ws/ros_ws/install/robot_safety/lib/pkgconfig/robot_safety.pc'
[37.420s] Level 1:colcon.colcon_core.environment:checking '/ws/ros_ws/install/robot_safety/lib/python3.10/site-packages'
[37.421s] Level 1:colcon.colcon_core.environment:checking '/ws/ros_ws/install/robot_safety/bin'
[37.424s] INFO:colcon.colcon_core.shell:Creating package script '/ws/ros_ws/install/robot_safety/share/robot_safety/package.ps1'
[37.425s] INFO:colcon.colcon_core.shell:Creating package descriptor '/ws/ros_ws/install/robot_safety/share/robot_safety/package.dsv'
[37.425s] INFO:colcon.colcon_core.shell:Creating package script '/ws/ros_ws/install/robot_safety/share/robot_safety/package.sh'
[37.426s] INFO:colcon.colcon_core.shell:Creating package script '/ws/ros_ws/install/robot_safety/share/robot_safety/package.bash'
[37.426s] INFO:colcon.colcon_core.shell:Creating package script '/ws/ros_ws/install/robot_safety/share/robot_safety/package.zsh'
[37.429s] Level 1:colcon.colcon_core.environment:create_file_with_runtime_dependencies(/ws/ros_ws/install/robot_safety/share/colcon-core/packages/robot_safety)
[37.431s] Level 1:colcon.colcon_core.environment:create_environment_scripts_only(robot_safety)
[37.431s] Level 1:colcon.colcon_core.environment:checking '/ws/ros_ws/install/robot_safety' for CMake module files
[37.432s] Level 1:colcon.colcon_core.environment:checking '/ws/ros_ws/install/robot_safety' for CMake config files
[37.433s] Level 1:colcon.colcon_core.shell:create_environment_hook('robot_safety', 'cmake_prefix_path')
[37.433s] INFO:colcon.colcon_core.shell:Creating environment hook '/ws/ros_ws/install/robot_safety/share/robot_safety/hook/cmake_prefix_path.ps1'
[37.436s] INFO:colcon.colcon_core.shell:Creating environment descriptor '/ws/ros_ws/install/robot_safety/share/robot_safety/hook/cmake_prefix_path.dsv'
[37.436s] INFO:colcon.colcon_core.shell:Creating environment hook '/ws/ros_ws/install/robot_safety/share/robot_safety/hook/cmake_prefix_path.sh'
[37.437s] Level 1:colcon.colcon_core.environment:checking '/ws/ros_ws/install/robot_safety/lib'
[37.437s] Level 1:colcon.colcon_core.environment:checking '/ws/ros_ws/install/robot_safety/bin'
[37.437s] Level 1:colcon.colcon_core.environment:checking '/ws/ros_ws/install/robot_safety/lib/pkgconfig/robot_safety.pc'
[37.441s] Level 1:colcon.colcon_core.environment:checking '/ws/ros_ws/install/robot_safety/lib/python3.10/site-packages'
[37.441s] Level 1:colcon.colcon_core.environment:checking '/ws/ros_ws/install/robot_safety/bin'
[37.442s] INFO:colcon.colcon_core.shell:Creating package script '/ws/ros_ws/install/robot_safety/share/robot_safety/package.ps1'
[37.443s] INFO:colcon.colcon_core.shell:Creating package descriptor '/ws/ros_ws/install/robot_safety/share/robot_safety/package.dsv'
[37.444s] INFO:colcon.colcon_core.shell:Creating package script '/ws/ros_ws/install/robot_safety/share/robot_safety/package.sh'
[37.446s] INFO:colcon.colcon_core.shell:Creating package script '/ws/ros_ws/install/robot_safety/share/robot_safety/package.bash'
[37.447s] INFO:colcon.colcon_core.shell:Creating package script '/ws/ros_ws/install/robot_safety/share/robot_safety/package.zsh'
[37.448s] Level 1:colcon.colcon_core.environment:create_file_with_runtime_dependencies(/ws/ros_ws/install/robot_safety/share/colcon-core/packages/robot_safety)
[37.450s] INFO:colcon.colcon_ros.task.ament_python.build:Building ROS package in '/ws/ros_ws/src/robot_perception' with build type 'ament_python'
[37.450s] Level 1:colcon.colcon_core.shell:create_environment_hook('robot_perception', 'ament_prefix_path')
[37.450s] INFO:colcon.colcon_core.shell:Creating environment hook '/ws/ros_ws/install/robot_perception/share/robot_perception/hook/ament_prefix_path.ps1'
[37.452s] INFO:colcon.colcon_core.shell:Creating environment descriptor '/ws/ros_ws/install/robot_perception/share/robot_perception/hook/ament_prefix_path.dsv'
[37.452s] INFO:colcon.colcon_core.shell:Creating environment hook '/ws/ros_ws/install/robot_perception/share/robot_perception/hook/ament_prefix_path.sh'
[37.453s] INFO:colcon.colcon_core.shell:Skip shell extension 'powershell' for command environment: Not usable outside of PowerShell
[37.453s] DEBUG:colcon.colcon_core.shell:Skip shell extension 'dsv' for command environment
[37.768s] INFO:colcon.colcon_core.task.python.build:Building Python package in '/ws/ros_ws/src/robot_perception'
[37.768s] INFO:colcon.colcon_core.shell:Skip shell extension 'powershell' for command environment: Not usable outside of PowerShell
[37.768s] DEBUG:colcon.colcon_core.shell:Skip shell extension 'dsv' for command environment
[38.196s] DEBUG:colcon.colcon_core.event_handler.log_command:Invoking command in '/ws/ros_ws/src/robot_perception': CMAKE_PREFIX_PATH=/ws/ros_ws/install/robot_msgs LD_LIBRARY_PATH=/ws/ros_ws/install/robot_msgs/lib:${LD_LIBRARY_PATH} PKG_CONFIG_PATH=/ws/ros_ws/install/robot_msgs/lib/x86_64-linux-gnu/pkgconfig:/ws/ros_ws/install/robot_msgs/lib/pkgconfig PYTHONPATH=/ws/ros_ws/build/robot_perception/prefix_override:/usr/lib/python3/dist-packages/colcon_core/task/python/colcon_distutils_commands:/ws/ros_ws/install/robot_perception/lib/python3.10/site-packages:/ws/ros_ws/install/robot_msgs/local/lib/python3.10/dist-packages:${PYTHONPATH} ROS_PACKAGE_PATH=/ws/ros_ws/install/robot_msgs/share /usr/bin/python3 -W ignore:setup.py install is deprecated -W ignore:easy_install command is deprecated setup.py egg_info --egg-base ../../build/robot_perception build --build-base /ws/ros_ws/build/robot_perception/build install --record /ws/ros_ws/build/robot_perception/install.log --single-version-externally-managed install_data
[38.520s] Level 1:colcon.colcon_core.environment:checking '/ws/ros_ws/install/robot_perception' for CMake module files
[38.521s] DEBUG:colcon.colcon_core.event_handler.log_command:Invoked command in '/ws/ros_ws/src/robot_perception' returned '0': CMAKE_PREFIX_PATH=/ws/ros_ws/install/robot_msgs LD_LIBRARY_PATH=/ws/ros_ws/install/robot_msgs/lib:${LD_LIBRARY_PATH} PKG_CONFIG_PATH=/ws/ros_ws/install/robot_msgs/lib/x86_64-linux-gnu/pkgconfig:/ws/ros_ws/install/robot_msgs/lib/pkgconfig PYTHONPATH=/ws/ros_ws/build/robot_perception/prefix_override:/usr/lib/python3/dist-packages/colcon_core/task/python/colcon_distutils_commands:/ws/ros_ws/install/robot_perception/lib/python3.10/site-packages:/ws/ros_ws/install/robot_msgs/local/lib/python3.10/dist-packages:${PYTHONPATH} ROS_PACKAGE_PATH=/ws/ros_ws/install/robot_msgs/share /usr/bin/python3 -W ignore:setup.py install is deprecated -W ignore:easy_install command is deprecated setup.py egg_info --egg-base ../../build/robot_perception build --build-base /ws/ros_ws/build/robot_perception/build install --record /ws/ros_ws/build/robot_perception/install.log --single-version-externally-managed install_data
[38.521s] Level 1:colcon.colcon_core.environment:checking '/ws/ros_ws/install/robot_perception' for CMake config files
[38.522s] Level 1:colcon.colcon_core.environment:checking '/ws/ros_ws/install/robot_perception/lib'
[38.522s] Level 1:colcon.colcon_core.environment:checking '/ws/ros_ws/install/robot_perception/bin'
[38.522s] Level 1:colcon.colcon_core.environment:checking '/ws/ros_ws/install/robot_perception/lib/pkgconfig/robot_perception.pc'
[38.522s] Level 1:colcon.colcon_core.environment:checking '/ws/ros_ws/install/robot_perception/lib/python3.10/site-packages'
[38.522s] Level 1:colcon.colcon_core.shell:create_environment_hook('robot_perception', 'pythonpath')
[38.522s] INFO:colcon.colcon_core.shell:Creating environment hook '/ws/ros_ws/install/robot_perception/share/robot_perception/hook/pythonpath.ps1'
[38.523s] INFO:colcon.colcon_core.shell:Creating environment descriptor '/ws/ros_ws/install/robot_perception/share/robot_perception/hook/pythonpath.dsv'
[38.523s] INFO:colcon.colcon_core.shell:Creating environment hook '/ws/ros_ws/install/robot_perception/share/robot_perception/hook/pythonpath.sh'
[38.524s] Level 1:colcon.colcon_core.environment:checking '/ws/ros_ws/install/robot_perception/bin'
[38.524s] Level 1:colcon.colcon_core.environment:create_environment_scripts_only(robot_perception)
[38.524s] INFO:colcon.colcon_core.shell:Creating package script '/ws/ros_ws/install/robot_perception/share/robot_perception/package.ps1'
[38.525s] INFO:colcon.colcon_core.shell:Creating package descriptor '/ws/ros_ws/install/robot_perception/share/robot_perception/package.dsv'
[38.525s] INFO:colcon.colcon_core.shell:Creating package script '/ws/ros_ws/install/robot_perception/share/robot_perception/package.sh'
[38.526s] INFO:colcon.colcon_core.shell:Creating package script '/ws/ros_ws/install/robot_perception/share/robot_perception/package.bash'
[38.526s] INFO:colcon.colcon_core.shell:Creating package script '/ws/ros_ws/install/robot_perception/share/robot_perception/package.zsh'
[38.526s] Level 1:colcon.colcon_core.environment:create_file_with_runtime_dependencies(/ws/ros_ws/install/robot_perception/share/colcon-core/packages/robot_perception)
[38.588s] DEBUG:colcon.colcon_core.event_handler.log_command:Invoked command in '/ws/ros_ws/build/robot_identity' returned '0': CMAKE_PREFIX_PATH=/opt/ros/humble:/ws/ros_ws/install/robot_msgs LD_LIBRARY_PATH=/ws/ros_ws/install/robot_msgs/lib:${LD_LIBRARY_PATH} PKG_CONFIG_PATH=/ws/ros_ws/install/robot_msgs/lib/x86_64-linux-gnu/pkgconfig:/ws/ros_ws/install/robot_msgs/lib/pkgconfig PYTHONPATH=/ws/ros_ws/install/robot_msgs/local/lib/python3.10/dist-packages:${PYTHONPATH} ROS_PACKAGE_PATH=/ws/ros_ws/install/robot_msgs/share /usr/bin/cmake --build /ws/ros_ws/build/robot_identity -- -j4 -l4
[38.589s] DEBUG:colcon.colcon_core.event_handler.log_command:Invoking command in '/ws/ros_ws/build/robot_identity': CMAKE_PREFIX_PATH=/opt/ros/humble:/ws/ros_ws/install/robot_msgs LD_LIBRARY_PATH=/ws/ros_ws/install/robot_msgs/lib:${LD_LIBRARY_PATH} PKG_CONFIG_PATH=/ws/ros_ws/install/robot_msgs/lib/x86_64-linux-gnu/pkgconfig:/ws/ros_ws/install/robot_msgs/lib/pkgconfig PYTHONPATH=/ws/ros_ws/install/robot_msgs/local/lib/python3.10/dist-packages:${PYTHONPATH} ROS_PACKAGE_PATH=/ws/ros_ws/install/robot_msgs/share /usr/bin/cmake --install /ws/ros_ws/build/robot_identity
[38.610s] Level 1:colcon.colcon_core.environment:create_environment_scripts_only(robot_identity)
[38.610s] DEBUG:colcon.colcon_core.event_handler.log_command:Invoked command in '/ws/ros_ws/build/robot_identity' returned '0': CMAKE_PREFIX_PATH=/opt/ros/humble:/ws/ros_ws/install/robot_msgs LD_LIBRARY_PATH=/ws/ros_ws/install/robot_msgs/lib:${LD_LIBRARY_PATH} PKG_CONFIG_PATH=/ws/ros_ws/install/robot_msgs/lib/x86_64-linux-gnu/pkgconfig:/ws/ros_ws/install/robot_msgs/lib/pkgconfig PYTHONPATH=/ws/ros_ws/install/robot_msgs/local/lib/python3.10/dist-packages:${PYTHONPATH} ROS_PACKAGE_PATH=/ws/ros_ws/install/robot_msgs/share /usr/bin/cmake --install /ws/ros_ws/build/robot_identity
[38.610s] Level 1:colcon.colcon_core.environment:checking '/ws/ros_ws/install/robot_identity' for CMake module files
[38.611s] Level 1:colcon.colcon_core.environment:checking '/ws/ros_ws/install/robot_identity' for CMake config files
[38.611s] Level 1:colcon.colcon_core.shell:create_environment_hook('robot_identity', 'cmake_prefix_path')
[38.612s] INFO:colcon.colcon_core.shell:Creating environment hook '/ws/ros_ws/install/robot_identity/share/robot_identity/hook/cmake_prefix_path.ps1'
[38.612s] INFO:colcon.colcon_core.shell:Creating environment descriptor '/ws/ros_ws/install/robot_identity/share/robot_identity/hook/cmake_prefix_path.dsv'
[38.612s] INFO:colcon.colcon_core.shell:Creating environment hook '/ws/ros_ws/install/robot_identity/share/robot_identity/hook/cmake_prefix_path.sh'
[38.613s] Level 1:colcon.colcon_core.environment:checking '/ws/ros_ws/install/robot_identity/lib'
[38.613s] Level 1:colcon.colcon_core.environment:checking '/ws/ros_ws/install/robot_identity/bin'
[38.613s] Level 1:colcon.colcon_core.environment:checking '/ws/ros_ws/install/robot_identity/lib/pkgconfig/robot_identity.pc'
[38.613s] Level 1:colcon.colcon_core.environment:checking '/ws/ros_ws/install/robot_identity/lib/python3.10/site-packages'
[38.614s] Level 1:colcon.colcon_core.environment:checking '/ws/ros_ws/install/robot_identity/bin'
[38.614s] INFO:colcon.colcon_core.shell:Creating package script '/ws/ros_ws/install/robot_identity/share/robot_identity/package.ps1'
[38.614s] INFO:colcon.colcon_core.shell:Creating package descriptor '/ws/ros_ws/install/robot_identity/share/robot_identity/package.dsv'
[38.615s] INFO:colcon.colcon_core.shell:Creating package script '/ws/ros_ws/install/robot_identity/share/robot_identity/package.sh'
[38.615s] INFO:colcon.colcon_core.shell:Creating package script '/ws/ros_ws/install/robot_identity/share/robot_identity/package.bash'
[38.615s] INFO:colcon.colcon_core.shell:Creating package script '/ws/ros_ws/install/robot_identity/share/robot_identity/package.zsh'
[38.615s] Level 1:colcon.colcon_core.environment:create_file_with_runtime_dependencies(/ws/ros_ws/install/robot_identity/share/colcon-core/packages/robot_identity)
[38.616s] Level 1:colcon.colcon_core.environment:create_environment_scripts_only(robot_identity)
[38.616s] Level 1:colcon.colcon_core.environment:checking '/ws/ros_ws/install/robot_identity' for CMake module files
[38.617s] Level 1:colcon.colcon_core.environment:checking '/ws/ros_ws/install/robot_identity' for CMake config files
[38.617s] Level 1:colcon.colcon_core.shell:create_environment_hook('robot_identity', 'cmake_prefix_path')
[38.617s] INFO:colcon.colcon_core.shell:Creating environment hook '/ws/ros_ws/install/robot_identity/share/robot_identity/hook/cmake_prefix_path.ps1'
[38.617s] INFO:colcon.colcon_core.shell:Creating environment descriptor '/ws/ros_ws/install/robot_identity/share/robot_identity/hook/cmake_prefix_path.dsv'
[38.618s] INFO:colcon.colcon_core.shell:Creating environment hook '/ws/ros_ws/install/robot_identity/share/robot_identity/hook/cmake_prefix_path.sh'
[38.643s] Level 1:colcon.colcon_core.environment:checking '/ws/ros_ws/install/robot_identity/lib'
[38.643s] Level 1:colcon.colcon_core.environment:checking '/ws/ros_ws/install/robot_identity/bin'
[38.643s] Level 1:colcon.colcon_core.environment:checking '/ws/ros_ws/install/robot_identity/lib/pkgconfig/robot_identity.pc'
[38.644s] Level 1:colcon.colcon_core.environment:checking '/ws/ros_ws/install/robot_identity/lib/python3.10/site-packages'
[38.644s] Level 1:colcon.colcon_core.environment:checking '/ws/ros_ws/install/robot_identity/bin'
[38.644s] INFO:colcon.colcon_core.shell:Creating package script '/ws/ros_ws/install/robot_identity/share/robot_identity/package.ps1'
[38.645s] INFO:colcon.colcon_core.shell:Creating package descriptor '/ws/ros_ws/install/robot_identity/share/robot_identity/package.dsv'
[38.645s] INFO:colcon.colcon_core.shell:Creating package script '/ws/ros_ws/install/robot_identity/share/robot_identity/package.sh'
[38.645s] INFO:colcon.colcon_core.shell:Creating package script '/ws/ros_ws/install/robot_identity/share/robot_identity/package.bash'
[38.646s] INFO:colcon.colcon_core.shell:Creating package script '/ws/ros_ws/install/robot_identity/share/robot_identity/package.zsh'
[38.646s] Level 1:colcon.colcon_core.environment:create_file_with_runtime_dependencies(/ws/ros_ws/install/robot_identity/share/colcon-core/packages/robot_identity)
[38.648s] DEBUG:colcon.colcon_core.event_handler.log_command:Invoked command in '/ws/ros_ws/build/robot_voice' returned '0': CMAKE_PREFIX_PATH=/opt/ros/humble /usr/bin/cmake --build /ws/ros_ws/build/robot_voice -- -j4 -l4
[38.649s] DEBUG:colcon.colcon_core.event_handler.log_command:Invoking command in '/ws/ros_ws/build/robot_voice': CMAKE_PREFIX_PATH=/opt/ros/humble /usr/bin/cmake --install /ws/ros_ws/build/robot_voice
[38.667s] Level 1:colcon.colcon_core.environment:create_environment_scripts_only(robot_voice)
[38.667s] Level 1:colcon.colcon_core.environment:checking '/ws/ros_ws/install/robot_voice' for CMake module files
[38.669s] Level 1:colcon.colcon_core.environment:checking '/ws/ros_ws/install/robot_voice' for CMake config files
[38.670s] DEBUG:colcon.colcon_core.event_handler.log_command:Invoked command in '/ws/ros_ws/build/robot_voice' returned '0': CMAKE_PREFIX_PATH=/opt/ros/humble /usr/bin/cmake --install /ws/ros_ws/build/robot_voice
[38.670s] Level 1:colcon.colcon_core.shell:create_environment_hook('robot_voice', 'cmake_prefix_path')
[38.670s] INFO:colcon.colcon_core.shell:Creating environment hook '/ws/ros_ws/install/robot_voice/share/robot_voice/hook/cmake_prefix_path.ps1'
[38.671s] INFO:colcon.colcon_core.shell:Creating environment descriptor '/ws/ros_ws/install/robot_voice/share/robot_voice/hook/cmake_prefix_path.dsv'
[38.671s] INFO:colcon.colcon_core.shell:Creating environment hook '/ws/ros_ws/install/robot_voice/share/robot_voice/hook/cmake_prefix_path.sh'
[38.671s] Level 1:colcon.colcon_core.environment:checking '/ws/ros_ws/install/robot_voice/lib'
[38.671s] Level 1:colcon.colcon_core.environment:checking '/ws/ros_ws/install/robot_voice/bin'
[38.671s] Level 1:colcon.colcon_core.environment:checking '/ws/ros_ws/install/robot_voice/lib/pkgconfig/robot_voice.pc'
[38.672s] Level 1:colcon.colcon_core.environment:checking '/ws/ros_ws/install/robot_voice/lib/python3.10/site-packages'
[38.672s] Level 1:colcon.colcon_core.environment:checking '/ws/ros_ws/install/robot_voice/bin'
[38.672s] INFO:colcon.colcon_core.shell:Creating package script '/ws/ros_ws/install/robot_voice/share/robot_voice/package.ps1'
[38.672s] INFO:colcon.colcon_core.shell:Creating package descriptor '/ws/ros_ws/install/robot_voice/share/robot_voice/package.dsv'
[38.673s] INFO:colcon.colcon_core.shell:Creating package script '/ws/ros_ws/install/robot_voice/share/robot_voice/package.sh'
[38.673s] INFO:colcon.colcon_core.shell:Creating package script '/ws/ros_ws/install/robot_voice/share/robot_voice/package.bash'
[38.673s] INFO:colcon.colcon_core.shell:Creating package script '/ws/ros_ws/install/robot_voice/share/robot_voice/package.zsh'
[38.674s] Level 1:colcon.colcon_core.environment:create_file_with_runtime_dependencies(/ws/ros_ws/install/robot_voice/share/colcon-core/packages/robot_voice)
[38.674s] Level 1:colcon.colcon_core.environment:create_environment_scripts_only(robot_voice)
[38.674s] Level 1:colcon.colcon_core.environment:checking '/ws/ros_ws/install/robot_voice' for CMake module files
[38.675s] Level 1:colcon.colcon_core.environment:checking '/ws/ros_ws/install/robot_voice' for CMake config files
[38.675s] Level 1:colcon.colcon_core.shell:create_environment_hook('robot_voice', 'cmake_prefix_path')
[38.675s] INFO:colcon.colcon_core.shell:Creating environment hook '/ws/ros_ws/install/robot_voice/share/robot_voice/hook/cmake_prefix_path.ps1'
[38.675s] INFO:colcon.colcon_core.shell:Creating environment descriptor '/ws/ros_ws/install/robot_voice/share/robot_voice/hook/cmake_prefix_path.dsv'
[38.676s] INFO:colcon.colcon_core.shell:Creating environment hook '/ws/ros_ws/install/robot_voice/share/robot_voice/hook/cmake_prefix_path.sh'
[38.676s] Level 1:colcon.colcon_core.environment:checking '/ws/ros_ws/install/robot_voice/lib'
[38.676s] Level 1:colcon.colcon_core.environment:checking '/ws/ros_ws/install/robot_voice/bin'
[38.676s] Level 1:colcon.colcon_core.environment:checking '/ws/ros_ws/install/robot_voice/lib/pkgconfig/robot_voice.pc'
[38.676s] Level 1:colcon.colcon_core.environment:checking '/ws/ros_ws/install/robot_voice/lib/python3.10/site-packages'
[38.677s] Level 1:colcon.colcon_core.environment:checking '/ws/ros_ws/install/robot_voice/bin'
[38.677s] INFO:colcon.colcon_core.shell:Creating package script '/ws/ros_ws/install/robot_voice/share/robot_voice/package.ps1'
[38.677s] INFO:colcon.colcon_core.shell:Creating package descriptor '/ws/ros_ws/install/robot_voice/share/robot_voice/package.dsv'
[38.678s] INFO:colcon.colcon_core.shell:Creating package script '/ws/ros_ws/install/robot_voice/share/robot_voice/package.sh'
[38.678s] INFO:colcon.colcon_core.shell:Creating package script '/ws/ros_ws/install/robot_voice/share/robot_voice/package.bash'
[38.678s] INFO:colcon.colcon_core.shell:Creating package script '/ws/ros_ws/install/robot_voice/share/robot_voice/package.zsh'
[38.679s] Level 1:colcon.colcon_core.environment:create_file_with_runtime_dependencies(/ws/ros_ws/install/robot_voice/share/colcon-core/packages/robot_voice)
[40.788s] DEBUG:colcon.colcon_core.event_handler.log_command:Invoked command in '/ws/ros_ws/build/robot_executor' returned '0': CMAKE_PREFIX_PATH=/opt/ros/humble:/ws/ros_ws/install/robot_msgs LD_LIBRARY_PATH=/ws/ros_ws/install/robot_msgs/lib:${LD_LIBRARY_PATH} PKG_CONFIG_PATH=/ws/ros_ws/install/robot_msgs/lib/x86_64-linux-gnu/pkgconfig:/ws/ros_ws/install/robot_msgs/lib/pkgconfig PYTHONPATH=/ws/ros_ws/install/robot_msgs/local/lib/python3.10/dist-packages:${PYTHONPATH} ROS_PACKAGE_PATH=/ws/ros_ws/install/robot_msgs/share /usr/bin/cmake --build /ws/ros_ws/build/robot_executor -- -j4 -l4
[40.790s] DEBUG:colcon.colcon_core.event_handler.log_command:Invoking command in '/ws/ros_ws/build/robot_executor': CMAKE_PREFIX_PATH=/opt/ros/humble:/ws/ros_ws/install/robot_msgs LD_LIBRARY_PATH=/ws/ros_ws/install/robot_msgs/lib:${LD_LIBRARY_PATH} PKG_CONFIG_PATH=/ws/ros_ws/install/robot_msgs/lib/x86_64-linux-gnu/pkgconfig:/ws/ros_ws/install/robot_msgs/lib/pkgconfig PYTHONPATH=/ws/ros_ws/install/robot_msgs/local/lib/python3.10/dist-packages:${PYTHONPATH} ROS_PACKAGE_PATH=/ws/ros_ws/install/robot_msgs/share /usr/bin/cmake --install /ws/ros_ws/build/robot_executor
[40.808s] Level 1:colcon.colcon_core.environment:create_environment_scripts_only(robot_executor)
[40.808s] Level 1:colcon.colcon_core.environment:checking '/ws/ros_ws/install/robot_executor' for CMake module files
[40.808s] DEBUG:colcon.colcon_core.event_handler.log_command:Invoked command in '/ws/ros_ws/build/robot_executor' returned '0': CMAKE_PREFIX_PATH=/opt/ros/humble:/ws/ros_ws/install/robot_msgs LD_LIBRARY_PATH=/ws/ros_ws/install/robot_msgs/lib:${LD_LIBRARY_PATH} PKG_CONFIG_PATH=/ws/ros_ws/install/robot_msgs/lib/x86_64-linux-gnu/pkgconfig:/ws/ros_ws/install/robot_msgs/lib/pkgconfig PYTHONPATH=/ws/ros_ws/install/robot_msgs/local/lib/python3.10/dist-packages:${PYTHONPATH} ROS_PACKAGE_PATH=/ws/ros_ws/install/robot_msgs/share /usr/bin/cmake --install /ws/ros_ws/build/robot_executor
[40.809s] Level 1:colcon.colcon_core.environment:checking '/ws/ros_ws/install/robot_executor' for CMake config files
[40.809s] Level 1:colcon.colcon_core.shell:create_environment_hook('robot_executor', 'cmake_prefix_path')
[40.809s] INFO:colcon.colcon_core.shell:Creating environment hook '/ws/ros_ws/install/robot_executor/share/robot_executor/hook/cmake_prefix_path.ps1'
[40.810s] INFO:colcon.colcon_core.shell:Creating environment descriptor '/ws/ros_ws/install/robot_executor/share/robot_executor/hook/cmake_prefix_path.dsv'
[40.810s] INFO:colcon.colcon_core.shell:Creating environment hook '/ws/ros_ws/install/robot_executor/share/robot_executor/hook/cmake_prefix_path.sh'
[40.810s] Level 1:colcon.colcon_core.environment:checking '/ws/ros_ws/install/robot_executor/lib'
[40.810s] Level 1:colcon.colcon_core.environment:checking '/ws/ros_ws/install/robot_executor/bin'
[40.810s] Level 1:colcon.colcon_core.environment:checking '/ws/ros_ws/install/robot_executor/lib/pkgconfig/robot_executor.pc'
[40.811s] Level 1:colcon.colcon_core.environment:checking '/ws/ros_ws/install/robot_executor/lib/python3.10/site-packages'
[40.811s] Level 1:colcon.colcon_core.environment:checking '/ws/ros_ws/install/robot_executor/bin'
[40.811s] INFO:colcon.colcon_core.shell:Creating package script '/ws/ros_ws/install/robot_executor/share/robot_executor/package.ps1'
[40.812s] INFO:colcon.colcon_core.shell:Creating package descriptor '/ws/ros_ws/install/robot_executor/share/robot_executor/package.dsv'
[40.812s] INFO:colcon.colcon_core.shell:Creating package script '/ws/ros_ws/install/robot_executor/share/robot_executor/package.sh'
[40.812s] INFO:colcon.colcon_core.shell:Creating package script '/ws/ros_ws/install/robot_executor/share/robot_executor/package.bash'
[40.812s] INFO:colcon.colcon_core.shell:Creating package script '/ws/ros_ws/install/robot_executor/share/robot_executor/package.zsh'
[40.813s] Level 1:colcon.colcon_core.environment:create_file_with_runtime_dependencies(/ws/ros_ws/install/robot_executor/share/colcon-core/packages/robot_executor)
[40.813s] Level 1:colcon.colcon_core.environment:create_environment_scripts_only(robot_executor)
[40.813s] Level 1:colcon.colcon_core.environment:checking '/ws/ros_ws/install/robot_executor' for CMake module files
[40.814s] Level 1:colcon.colcon_core.environment:checking '/ws/ros_ws/install/robot_executor' for CMake config files
[40.814s] Level 1:colcon.colcon_core.shell:create_environment_hook('robot_executor', 'cmake_prefix_path')
[40.814s] INFO:colcon.colcon_core.shell:Creating environment hook '/ws/ros_ws/install/robot_executor/share/robot_executor/hook/cmake_prefix_path.ps1'
[40.814s] INFO:colcon.colcon_core.shell:Creating environment descriptor '/ws/ros_ws/install/robot_executor/share/robot_executor/hook/cmake_prefix_path.dsv'
[40.815s] INFO:colcon.colcon_core.shell:Creating environment hook '/ws/ros_ws/install/robot_executor/share/robot_executor/hook/cmake_prefix_path.sh'
[40.815s] Level 1:colcon.colcon_core.environment:checking '/ws/ros_ws/install/robot_executor/lib'
[40.815s] Level 1:colcon.colcon_core.environment:checking '/ws/ros_ws/install/robot_executor/bin'
[40.815s] Level 1:colcon.colcon_core.environment:checking '/ws/ros_ws/install/robot_executor/lib/pkgconfig/robot_executor.pc'
[40.815s] Level 1:colcon.colcon_core.environment:checking '/ws/ros_ws/install/robot_executor/lib/python3.10/site-packages'
[40.816s] Level 1:colcon.colcon_core.environment:checking '/ws/ros_ws/install/robot_executor/bin'
[40.816s] INFO:colcon.colcon_core.shell:Creating package script '/ws/ros_ws/install/robot_executor/share/robot_executor/package.ps1'
[40.817s] INFO:colcon.colcon_core.shell:Creating package descriptor '/ws/ros_ws/install/robot_executor/share/robot_executor/package.dsv'
[40.817s] INFO:colcon.colcon_core.shell:Creating package script '/ws/ros_ws/install/robot_executor/share/robot_executor/package.sh'
[40.817s] INFO:colcon.colcon_core.shell:Creating package script '/ws/ros_ws/install/robot_executor/share/robot_executor/package.bash'
[40.817s] INFO:colcon.colcon_core.shell:Creating package script '/ws/ros_ws/install/robot_executor/share/robot_executor/package.zsh'
[40.818s] Level 1:colcon.colcon_core.environment:create_file_with_runtime_dependencies(/ws/ros_ws/install/robot_executor/share/colcon-core/packages/robot_executor)
[40.818s] INFO:colcon.colcon_ros.task.ament_cmake.build:Building ROS package in '/ws/ros_ws/src/robot_bringup' with build type 'ament_cmake'
[40.819s] INFO:colcon.colcon_cmake.task.cmake.build:Building CMake package in '/ws/ros_ws/src/robot_bringup'
[40.819s] INFO:colcon.colcon_core.shell:Skip shell extension 'powershell' for command environment: Not usable outside of PowerShell
[40.819s] DEBUG:colcon.colcon_core.shell:Skip shell extension 'dsv' for command environment
[40.832s] DEBUG:colcon.colcon_core.event_handler.log_command:Invoking command in '/ws/ros_ws/build/robot_bringup': AMENT_PREFIX_PATH=/ws/ros_ws/install/robot_perception:/ws/ros_ws/install/robot_identity:/ws/ros_ws/install/robot_executor:/ws/ros_ws/install/robot_voice:/ws/ros_ws/install/robot_safety:/ws/ros_ws/install/robot_nlu:/ws/ros_ws/install/robot_nav:/ws/ros_ws/install/robot_manipulation:/ws/ros_ws/install/robot_base:${AMENT_PREFIX_PATH} CMAKE_PREFIX_PATH=/ws/ros_ws/install/robot_identity:/ws/ros_ws/install/robot_executor:/ws/ros_ws/install/robot_voice:/ws/ros_ws/install/robot_safety:/ws/ros_ws/install/robot_nlu:/ws/ros_ws/install/robot_nav:/opt/ros/humble:/ws/ros_ws/install/robot_msgs:/ws/ros_ws/install/robot_manipulation:/ws/ros_ws/install/robot_base LD_LIBRARY_PATH=/ws/ros_ws/install/robot_msgs/lib:${LD_LIBRARY_PATH} PKG_CONFIG_PATH=/ws/ros_ws/install/robot_msgs/lib/x86_64-linux-gnu/pkgconfig:/ws/ros_ws/install/robot_msgs/lib/pkgconfig PYTHONPATH=/ws/ros_ws/install/robot_perception/lib/python3.10/site-packages:/ws/ros_ws/install/robot_msgs/local/lib/python3.10/dist-packages:${PYTHONPATH} ROS_PACKAGE_PATH=/ws/ros_ws/install/robot_msgs/share /usr/bin/cmake /ws/ros_ws/src/robot_bringup -DCMAKE_INSTALL_PREFIX=/ws/ros_ws/install/robot_bringup
[41.384s] DEBUG:colcon.colcon_core.event_handler.log_command:Invoked command in '/ws/ros_ws/build/robot_bringup' returned '0': AMENT_PREFIX_PATH=/ws/ros_ws/install/robot_perception:/ws/ros_ws/install/robot_identity:/ws/ros_ws/install/robot_executor:/ws/ros_ws/install/robot_voice:/ws/ros_ws/install/robot_safety:/ws/ros_ws/install/robot_nlu:/ws/ros_ws/install/robot_nav:/ws/ros_ws/install/robot_manipulation:/ws/ros_ws/install/robot_base:${AMENT_PREFIX_PATH} CMAKE_PREFIX_PATH=/ws/ros_ws/install/robot_identity:/ws/ros_ws/install/robot_executor:/ws/ros_ws/install/robot_voice:/ws/ros_ws/install/robot_safety:/ws/ros_ws/install/robot_nlu:/ws/ros_ws/install/robot_nav:/opt/ros/humble:/ws/ros_ws/install/robot_msgs:/ws/ros_ws/install/robot_manipulation:/ws/ros_ws/install/robot_base LD_LIBRARY_PATH=/ws/ros_ws/install/robot_msgs/lib:${LD_LIBRARY_PATH} PKG_CONFIG_PATH=/ws/ros_ws/install/robot_msgs/lib/x86_64-linux-gnu/pkgconfig:/ws/ros_ws/install/robot_msgs/lib/pkgconfig PYTHONPATH=/ws/ros_ws/install/robot_perception/lib/python3.10/site-packages:/ws/ros_ws/install/robot_msgs/local/lib/python3.10/dist-packages:${PYTHONPATH} ROS_PACKAGE_PATH=/ws/ros_ws/install/robot_msgs/share /usr/bin/cmake /ws/ros_ws/src/robot_bringup -DCMAKE_INSTALL_PREFIX=/ws/ros_ws/install/robot_bringup
[41.385s] DEBUG:colcon.colcon_core.event_handler.log_command:Invoking command in '/ws/ros_ws/build/robot_bringup': AMENT_PREFIX_PATH=/ws/ros_ws/install/robot_perception:/ws/ros_ws/install/robot_identity:/ws/ros_ws/install/robot_executor:/ws/ros_ws/install/robot_voice:/ws/ros_ws/install/robot_safety:/ws/ros_ws/install/robot_nlu:/ws/ros_ws/install/robot_nav:/ws/ros_ws/install/robot_manipulation:/ws/ros_ws/install/robot_base:${AMENT_PREFIX_PATH} CMAKE_PREFIX_PATH=/ws/ros_ws/install/robot_identity:/ws/ros_ws/install/robot_executor:/ws/ros_ws/install/robot_voice:/ws/ros_ws/install/robot_safety:/ws/ros_ws/install/robot_nlu:/ws/ros_ws/install/robot_nav:/opt/ros/humble:/ws/ros_ws/install/robot_msgs:/ws/ros_ws/install/robot_manipulation:/ws/ros_ws/install/robot_base LD_LIBRARY_PATH=/ws/ros_ws/install/robot_msgs/lib:${LD_LIBRARY_PATH} PKG_CONFIG_PATH=/ws/ros_ws/install/robot_msgs/lib/x86_64-linux-gnu/pkgconfig:/ws/ros_ws/install/robot_msgs/lib/pkgconfig PYTHONPATH=/ws/ros_ws/install/robot_perception/lib/python3.10/site-packages:/ws/ros_ws/install/robot_msgs/local/lib/python3.10/dist-packages:${PYTHONPATH} ROS_PACKAGE_PATH=/ws/ros_ws/install/robot_msgs/share /usr/bin/cmake --build /ws/ros_ws/build/robot_bringup -- -j4 -l4
[41.421s] DEBUG:colcon.colcon_core.event_handler.log_command:Invoked command in '/ws/ros_ws/build/robot_bringup' returned '0': AMENT_PREFIX_PATH=/ws/ros_ws/install/robot_perception:/ws/ros_ws/install/robot_identity:/ws/ros_ws/install/robot_executor:/ws/ros_ws/install/robot_voice:/ws/ros_ws/install/robot_safety:/ws/ros_ws/install/robot_nlu:/ws/ros_ws/install/robot_nav:/ws/ros_ws/install/robot_manipulation:/ws/ros_ws/install/robot_base:${AMENT_PREFIX_PATH} CMAKE_PREFIX_PATH=/ws/ros_ws/install/robot_identity:/ws/ros_ws/install/robot_executor:/ws/ros_ws/install/robot_voice:/ws/ros_ws/install/robot_safety:/ws/ros_ws/install/robot_nlu:/ws/ros_ws/install/robot_nav:/opt/ros/humble:/ws/ros_ws/install/robot_msgs:/ws/ros_ws/install/robot_manipulation:/ws/ros_ws/install/robot_base LD_LIBRARY_PATH=/ws/ros_ws/install/robot_msgs/lib:${LD_LIBRARY_PATH} PKG_CONFIG_PATH=/ws/ros_ws/install/robot_msgs/lib/x86_64-linux-gnu/pkgconfig:/ws/ros_ws/install/robot_msgs/lib/pkgconfig PYTHONPATH=/ws/ros_ws/install/robot_perception/lib/python3.10/site-packages:/ws/ros_ws/install/robot_msgs/local/lib/python3.10/dist-packages:${PYTHONPATH} ROS_PACKAGE_PATH=/ws/ros_ws/install/robot_msgs/share /usr/bin/cmake --build /ws/ros_ws/build/robot_bringup -- -j4 -l4
[41.421s] DEBUG:colcon.colcon_core.event_handler.log_command:Invoking command in '/ws/ros_ws/build/robot_bringup': AMENT_PREFIX_PATH=/ws/ros_ws/install/robot_perception:/ws/ros_ws/install/robot_identity:/ws/ros_ws/install/robot_executor:/ws/ros_ws/install/robot_voice:/ws/ros_ws/install/robot_safety:/ws/ros_ws/install/robot_nlu:/ws/ros_ws/install/robot_nav:/ws/ros_ws/install/robot_manipulation:/ws/ros_ws/install/robot_base:${AMENT_PREFIX_PATH} CMAKE_PREFIX_PATH=/ws/ros_ws/install/robot_identity:/ws/ros_ws/install/robot_executor:/ws/ros_ws/install/robot_voice:/ws/ros_ws/install/robot_safety:/ws/ros_ws/install/robot_nlu:/ws/ros_ws/install/robot_nav:/opt/ros/humble:/ws/ros_ws/install/robot_msgs:/ws/ros_ws/install/robot_manipulation:/ws/ros_ws/install/robot_base LD_LIBRARY_PATH=/ws/ros_ws/install/robot_msgs/lib:${LD_LIBRARY_PATH} PKG_CONFIG_PATH=/ws/ros_ws/install/robot_msgs/lib/x86_64-linux-gnu/pkgconfig:/ws/ros_ws/install/robot_msgs/lib/pkgconfig PYTHONPATH=/ws/ros_ws/install/robot_perception/lib/python3.10/site-packages:/ws/ros_ws/install/robot_msgs/local/lib/python3.10/dist-packages:${PYTHONPATH} ROS_PACKAGE_PATH=/ws/ros_ws/install/robot_msgs/share /usr/bin/cmake --install /ws/ros_ws/build/robot_bringup
[41.435s] Level 1:colcon.colcon_core.environment:create_environment_scripts_only(robot_bringup)
[41.435s] Level 1:colcon.colcon_core.environment:checking '/ws/ros_ws/install/robot_bringup' for CMake module files
[41.437s] Level 1:colcon.colcon_core.environment:checking '/ws/ros_ws/install/robot_bringup' for CMake config files
[41.437s] Level 1:colcon.colcon_core.shell:create_environment_hook('robot_bringup', 'cmake_prefix_path')
[41.437s] INFO:colcon.colcon_core.shell:Creating environment hook '/ws/ros_ws/install/robot_bringup/share/robot_bringup/hook/cmake_prefix_path.ps1'
[41.438s] DEBUG:colcon.colcon_core.event_handler.log_command:Invoked command in '/ws/ros_ws/build/robot_bringup' returned '0': AMENT_PREFIX_PATH=/ws/ros_ws/install/robot_perception:/ws/ros_ws/install/robot_identity:/ws/ros_ws/install/robot_executor:/ws/ros_ws/install/robot_voice:/ws/ros_ws/install/robot_safety:/ws/ros_ws/install/robot_nlu:/ws/ros_ws/install/robot_nav:/ws/ros_ws/install/robot_manipulation:/ws/ros_ws/install/robot_base:${AMENT_PREFIX_PATH} CMAKE_PREFIX_PATH=/ws/ros_ws/install/robot_identity:/ws/ros_ws/install/robot_executor:/ws/ros_ws/install/robot_voice:/ws/ros_ws/install/robot_safety:/ws/ros_ws/install/robot_nlu:/ws/ros_ws/install/robot_nav:/opt/ros/humble:/ws/ros_ws/install/robot_msgs:/ws/ros_ws/install/robot_manipulation:/ws/ros_ws/install/robot_base LD_LIBRARY_PATH=/ws/ros_ws/install/robot_msgs/lib:${LD_LIBRARY_PATH} PKG_CONFIG_PATH=/ws/ros_ws/install/robot_msgs/lib/x86_64-linux-gnu/pkgconfig:/ws/ros_ws/install/robot_msgs/lib/pkgconfig PYTHONPATH=/ws/ros_ws/install/robot_perception/lib/python3.10/site-packages:/ws/ros_ws/install/robot_msgs/local/lib/python3.10/dist-packages:${PYTHONPATH} ROS_PACKAGE_PATH=/ws/ros_ws/install/robot_msgs/share /usr/bin/cmake --install /ws/ros_ws/build/robot_bringup
[41.439s] INFO:colcon.colcon_core.shell:Creating environment descriptor '/ws/ros_ws/install/robot_bringup/share/robot_bringup/hook/cmake_prefix_path.dsv'
[41.439s] INFO:colcon.colcon_core.shell:Creating environment hook '/ws/ros_ws/install/robot_bringup/share/robot_bringup/hook/cmake_prefix_path.sh'
[41.439s] Level 1:colcon.colcon_core.environment:checking '/ws/ros_ws/install/robot_bringup/bin'
[41.439s] Level 1:colcon.colcon_core.environment:checking '/ws/ros_ws/install/robot_bringup/lib/pkgconfig/robot_bringup.pc'
[41.440s] Level 1:colcon.colcon_core.environment:checking '/ws/ros_ws/install/robot_bringup/lib/python3.10/site-packages'
[41.440s] Level 1:colcon.colcon_core.environment:checking '/ws/ros_ws/install/robot_bringup/bin'
[41.440s] INFO:colcon.colcon_core.shell:Creating package script '/ws/ros_ws/install/robot_bringup/share/robot_bringup/package.ps1'
[41.440s] INFO:colcon.colcon_core.shell:Creating package descriptor '/ws/ros_ws/install/robot_bringup/share/robot_bringup/package.dsv'
[41.441s] INFO:colcon.colcon_core.shell:Creating package script '/ws/ros_ws/install/robot_bringup/share/robot_bringup/package.sh'
[41.441s] INFO:colcon.colcon_core.shell:Creating package script '/ws/ros_ws/install/robot_bringup/share/robot_bringup/package.bash'
[41.441s] INFO:colcon.colcon_core.shell:Creating package script '/ws/ros_ws/install/robot_bringup/share/robot_bringup/package.zsh'
[41.441s] Level 1:colcon.colcon_core.environment:create_file_with_runtime_dependencies(/ws/ros_ws/install/robot_bringup/share/colcon-core/packages/robot_bringup)
[41.442s] Level 1:colcon.colcon_core.environment:create_environment_scripts_only(robot_bringup)
[41.442s] Level 1:colcon.colcon_core.environment:checking '/ws/ros_ws/install/robot_bringup' for CMake module files
[41.442s] Level 1:colcon.colcon_core.environment:checking '/ws/ros_ws/install/robot_bringup' for CMake config files
[41.443s] Level 1:colcon.colcon_core.shell:create_environment_hook('robot_bringup', 'cmake_prefix_path')
[41.443s] INFO:colcon.colcon_core.shell:Creating environment hook '/ws/ros_ws/install/robot_bringup/share/robot_bringup/hook/cmake_prefix_path.ps1'
[41.443s] INFO:colcon.colcon_core.shell:Creating environment descriptor '/ws/ros_ws/install/robot_bringup/share/robot_bringup/hook/cmake_prefix_path.dsv'
[41.443s] INFO:colcon.colcon_core.shell:Creating environment hook '/ws/ros_ws/install/robot_bringup/share/robot_bringup/hook/cmake_prefix_path.sh'
[41.444s] Level 1:colcon.colcon_core.environment:checking '/ws/ros_ws/install/robot_bringup/bin'
[41.444s] Level 1:colcon.colcon_core.environment:checking '/ws/ros_ws/install/robot_bringup/lib/pkgconfig/robot_bringup.pc'
[41.444s] Level 1:colcon.colcon_core.environment:checking '/ws/ros_ws/install/robot_bringup/lib/python3.10/site-packages'
[41.444s] Level 1:colcon.colcon_core.environment:checking '/ws/ros_ws/install/robot_bringup/bin'
[41.444s] INFO:colcon.colcon_core.shell:Creating package script '/ws/ros_ws/install/robot_bringup/share/robot_bringup/package.ps1'
[41.445s] INFO:colcon.colcon_core.shell:Creating package descriptor '/ws/ros_ws/install/robot_bringup/share/robot_bringup/package.dsv'
[41.504s] INFO:colcon.colcon_core.shell:Creating package script '/ws/ros_ws/install/robot_bringup/share/robot_bringup/package.sh'
[41.505s] INFO:colcon.colcon_core.shell:Creating package script '/ws/ros_ws/install/robot_bringup/share/robot_bringup/package.bash'
[41.505s] INFO:colcon.colcon_core.shell:Creating package script '/ws/ros_ws/install/robot_bringup/share/robot_bringup/package.zsh'
[41.505s] Level 1:colcon.colcon_core.environment:create_file_with_runtime_dependencies(/ws/ros_ws/install/robot_bringup/share/colcon-core/packages/robot_bringup)
[41.505s] DEBUG:colcon.colcon_parallel_executor.executor.parallel:closing loop
[41.506s] DEBUG:colcon.colcon_parallel_executor.executor.parallel:loop closed
[41.506s] DEBUG:colcon.colcon_parallel_executor.executor.parallel:run_until_complete finished with '0'
[41.506s] DEBUG:colcon.colcon_core.event_reactor:joining thread
[41.511s] INFO:colcon.colcon_core.plugin_system:Skipping extension 'colcon_notification.desktop_notification.notify_send': Could not find 'notify-send'
[41.511s] INFO:colcon.colcon_core.plugin_system:Skipping extension 'colcon_notification.desktop_notification.terminal_notifier': Not used on non-Darwin systems
[41.511s] INFO:colcon.colcon_core.plugin_system:Skipping extension 'colcon_notification.desktop_notification.win32': Not used on non-Windows systems
[41.511s] INFO:colcon.colcon_notification.desktop_notification:Sending desktop notification using 'notify2'
[41.511s] DEBUG:colcon.colcon_notification.desktop_notification.notify2:Failed to initialize notify2: org.freedesktop.DBus.Error.NotSupported: Unable to autolaunch a dbus-daemon without a $DISPLAY for X11
[41.511s] DEBUG:colcon.colcon_core.event_reactor:joined thread
[41.512s] INFO:colcon.colcon_core.shell:Creating prefix script '/ws/ros_ws/install/local_setup.ps1'
[41.512s] INFO:colcon.colcon_core.shell:Creating prefix util module '/ws/ros_ws/install/_local_setup_util_ps1.py'
[41.513s] INFO:colcon.colcon_core.shell:Creating prefix chain script '/ws/ros_ws/install/setup.ps1'
[41.514s] INFO:colcon.colcon_core.shell:Creating prefix script '/ws/ros_ws/install/local_setup.sh'
[41.514s] INFO:colcon.colcon_core.shell:Creating prefix util module '/ws/ros_ws/install/_local_setup_util_sh.py'
[41.515s] INFO:colcon.colcon_core.shell:Creating prefix chain script '/ws/ros_ws/install/setup.sh'
[41.516s] INFO:colcon.colcon_core.shell:Creating prefix script '/ws/ros_ws/install/local_setup.bash'
[41.516s] INFO:colcon.colcon_core.shell:Creating prefix chain script '/ws/ros_ws/install/setup.bash'
[41.516s] INFO:colcon.colcon_core.shell:Creating prefix script '/ws/ros_ws/install/local_setup.zsh'
[41.517s] INFO:colcon.colcon_core.shell:Creating prefix chain script '/ws/ros_ws/install/setup.zsh'
