[0.000000] (-) TimerEvent: {}
[0.000356] (robot_base) JobQueued: {'identifier': 'robot_base', 'dependencies': OrderedDict()}
[0.000382] (robot_manipulation) JobQueued: {'identifier': 'robot_manipulation', 'dependencies': OrderedDict()}
[0.000397] (robot_msgs) JobQueued: {'identifier': 'robot_msgs', 'dependencies': OrderedDict()}
[0.000410] (robot_nav) JobQueued: {'identifier': 'robot_nav', 'dependencies': OrderedDict()}
[0.000422] (robot_nlu) JobQueued: {'identifier': 'robot_nlu', 'dependencies': OrderedDict()}
[0.000436] (robot_safety) JobQueued: {'identifier': 'robot_safety', 'dependencies': OrderedDict()}
[0.000447] (robot_voice) JobQueued: {'identifier': 'robot_voice', 'dependencies': OrderedDict()}
[0.000458] (robot_executor) JobQueued: {'identifier': 'robot_executor', 'dependencies': OrderedDict([('robot_msgs', '/ws/ros_ws/install/robot_msgs')])}
[0.000472] (robot_identity) JobQueued: {'identifier': 'robot_identity', 'dependencies': OrderedDict([('robot_msgs', '/ws/ros_ws/install/robot_msgs')])}
[0.000485] (robot_perception) JobQueued: {'identifier': 'robot_perception', 'dependencies': OrderedDict([('robot_msgs', '/ws/ros_ws/install/robot_msgs')])}
[0.000497] (robot_bringup) JobQueued: {'identifier': 'robot_bringup', 'dependencies': OrderedDict([('robot_base', '/ws/ros_ws/install/robot_base'), ('robot_manipulation', '/ws/ros_ws/install/robot_manipulation'), ('robot_msgs', '/ws/ros_ws/install/robot_msgs'), ('robot_nav', '/ws/ros_ws/install/robot_nav'), ('robot_nlu', '/ws/ros_ws/install/robot_nlu'), ('robot_safety', '/ws/ros_ws/install/robot_safety'), ('robot_voice', '/ws/ros_ws/install/robot_voice'), ('robot_executor', '/ws/ros_ws/install/robot_executor'), ('robot_identity', '/ws/ros_ws/install/robot_identity'), ('robot_perception', '/ws/ros_ws/install/robot_perception')])}
[0.000517] (robot_msgs) JobStarted: {'identifier': 'robot_msgs'}
[0.006713] (robot_base) JobStarted: {'identifier': 'robot_base'}
[0.009987] (robot_manipulation) JobStarted: {'identifier': 'robot_manipulation'}
[0.013286] (robot_nav) JobStarted: {'identifier': 'robot_nav'}
[0.017648] (robot_msgs) JobProgress: {'identifier': 'robot_msgs', 'progress': 'cmake'}
[0.018376] (robot_msgs) JobProgress: {'identifier': 'robot_msgs', 'progress': 'build'}
[0.019102] (robot_msgs) Command: {'cmd': ['/usr/bin/cmake', '--build', '/ws/ros_ws/build/robot_msgs', '--', '-j4', '-l4'], 'cwd': '/ws/ros_ws/build/robot_msgs', 'env': OrderedDict([('HOSTNAME', '35f211623a71'), ('SHLVL', '1'), ('LD_LIBRARY_PATH', '/opt/ros/humble/lib/x86_64-linux-gnu:/opt/ros/humble/lib'), ('HOME', '/root'), ('ROS_PYTHON_VERSION', '3'), ('ROS_DISTRO', 'humble'), ('_', '/usr/bin/colcon'), ('ROS_VERSION', '2'), ('ROS_LOCALHOST_ONLY', '0'), ('PATH', '/opt/ros/humble/bin:/usr/local/sbin:/usr/local/bin:/usr/sbin:/usr/bin:/sbin:/bin'), ('LANG', 'C.UTF-8'), ('AMENT_PREFIX_PATH', '/opt/ros/humble'), ('PWD', '/ws/ros_ws/build/robot_msgs'), ('LC_ALL', 'C.UTF-8'), ('PYTHONPATH', '/opt/ros/humble/lib/python3.10/site-packages:/opt/ros/humble/local/lib/python3.10/dist-packages'), ('COLCON', '1')]), 'shell': False}
[0.020707] (robot_base) JobProgress: {'identifier': 'robot_base', 'progress': 'cmake'}
[0.021353] (robot_base) JobProgress: {'identifier': 'robot_base', 'progress': 'build'}
[0.021400] (robot_base) Command: {'cmd': ['/usr/bin/cmake', '--build', '/ws/ros_ws/build/robot_base', '--', '-j4', '-l4'], 'cwd': '/ws/ros_ws/build/robot_base', 'env': OrderedDict([('HOSTNAME', '35f211623a71'), ('SHLVL', '1'), ('LD_LIBRARY_PATH', '/opt/ros/humble/lib/x86_64-linux-gnu:/opt/ros/humble/lib'), ('HOME', '/root'), ('ROS_PYTHON_VERSION', '3'), ('ROS_DISTRO', 'humble'), ('_', '/usr/bin/colcon'), ('ROS_VERSION', '2'), ('ROS_LOCALHOST_ONLY', '0'), ('PATH', '/opt/ros/humble/bin:/usr/local/sbin:/usr/local/bin:/usr/sbin:/usr/bin:/sbin:/bin'), ('LANG', 'C.UTF-8'), ('AMENT_PREFIX_PATH', '/opt/ros/humble'), ('PWD', '/ws/ros_ws/build/robot_base'), ('LC_ALL', 'C.UTF-8'), ('PYTHONPATH', '/opt/ros/humble/lib/python3.10/site-packages:/opt/ros/humble/local/lib/python3.10/dist-packages'), ('COLCON', '1'), ('CMAKE_PREFIX_PATH', '/opt/ros/humble')]), 'shell': False}
[0.023228] (robot_manipulation) JobProgress: {'identifier': 'robot_manipulation', 'progress': 'cmake'}
[0.023495] (robot_manipulation) JobProgress: {'identifier': 'robot_manipulation', 'progress': 'build'}
[0.023843] (robot_manipulation) Command: {'cmd': ['/usr/bin/cmake', '--build', '/ws/ros_ws/build/robot_manipulation', '--', '-j4', '-l4'], 'cwd': '/ws/ros_ws/build/robot_manipulation', 'env': OrderedDict([('HOSTNAME', '35f211623a71'), ('SHLVL', '1'), ('LD_LIBRARY_PATH', '/opt/ros/humble/lib/x86_64-linux-gnu:/opt/ros/humble/lib'), ('HOME', '/root'), ('ROS_PYTHON_VERSION', '3'), ('ROS_DISTRO', 'humble'), ('_', '/usr/bin/colcon'), ('ROS_VERSION', '2'), ('ROS_LOCALHOST_ONLY', '0'), ('PATH', '/opt/ros/humble/bin:/usr/local/sbin:/usr/local/bin:/usr/sbin:/usr/bin:/sbin:/bin'), ('LANG', 'C.UTF-8'), ('AMENT_PREFIX_PATH', '/opt/ros/humble'), ('PWD', '/ws/ros_ws/build/robot_manipulation'), ('LC_ALL', 'C.UTF-8'), ('PYTHONPATH', '/opt/ros/humble/lib/python3.10/site-packages:/opt/ros/humble/local/lib/python3.10/dist-packages'), ('COLCON', '1'), ('CMAKE_PREFIX_PATH', '/opt/ros/humble')]), 'shell': False}
[0.028691] (robot_nav) JobProgress: {'identifier': 'robot_nav', 'progress': 'cmake'}
[0.032183] (robot_nav) JobProgress: {'identifier': 'robot_nav', 'progress': 'build'}
[0.032247] (robot_nav) Command: {'cmd': ['/usr/bin/cmake', '--build', '/ws/ros_ws/build/robot_nav', '--', '-j4', '-l4'], 'cwd': '/ws/ros_ws/build/robot_nav', 'env': OrderedDict([('HOSTNAME', '35f211623a71'), ('SHLVL', '1'), ('LD_LIBRARY_PATH', '/opt/ros/humble/lib/x86_64-linux-gnu:/opt/ros/humble/lib'), ('HOME', '/root'), ('ROS_PYTHON_VERSION', '3'), ('ROS_DISTRO', 'humble'), ('_', '/usr/bin/colcon'), ('ROS_VERSION', '2'), ('ROS_LOCALHOST_ONLY', '0'), ('PATH', '/opt/ros/humble/bin:/usr/local/sbin:/usr/local/bin:/usr/sbin:/usr/bin:/sbin:/bin'), ('LANG', 'C.UTF-8'), ('AMENT_PREFIX_PATH', '/opt/ros/humble'), ('PWD', '/ws/ros_ws/build/robot_nav'), ('LC_ALL', 'C.UTF-8'), ('PYTHONPATH', '/opt/ros/humble/lib/python3.10/site-packages:/opt/ros/humble/local/lib/python3.10/dist-packages'), ('COLCON', '1'), ('CMAKE_PREFIX_PATH', '/opt/ros/humble')]), 'shell': False}
[0.103161] (-) TimerEvent: {}
[0.111368] (robot_base) StdoutLine: {'line': b'Consolidate compiler generated dependencies of target serial_interface_stub\n'}
[0.117888] (robot_msgs) StdoutLine: {'line': b'[  1%] Built target robot_msgs__cpp\n'}
[0.123262] (robot_nav) StdoutLine: {'line': b'Consolidate compiler generated dependencies of target nav_server_node\n'}
[0.139330] (robot_manipulation) StdoutLine: {'line': b'Consolidate compiler generated dependencies of target manipulation_node\n'}
[0.164919] (robot_msgs) StdoutLine: {'line': b'[  3%] Built target robot_msgs__rs\n'}
[0.177824] (robot_base) StdoutLine: {'line': b'[  8%] Building CXX object CMakeFiles/serial_interface_stub.dir/src/serial_interface_stub.cpp.o\n'}
[0.178211] (robot_msgs) StdoutLine: {'line': b'[  3%] Built target ament_cmake_python_copy_robot_msgs\n'}
[0.181305] (robot_base) StdoutLine: {'line': b'Consolidate compiler generated dependencies of target base_safety_utils\n'}
[0.182533] (robot_base) StdoutLine: {'line': b'[ 25%] Built target gtest\n'}
[0.184211] (robot_msgs) StdoutLine: {'line': b'[ 14%] Built target robot_msgs__rosidl_generator_c\n'}
[0.198054] (robot_base) StdoutLine: {'line': b'[ 50%] Building CXX object CMakeFiles/base_safety_utils.dir/src/safety_utils.cpp.o\n'}
[0.198282] (robot_nav) StdoutLine: {'line': b'[ 20%] Built target gtest\n'}
[0.203286] (-) TimerEvent: {}
[0.213101] (robot_base) StdoutLine: {'line': b'[ 41%] Built target gtest_main\n'}
[0.219136] (robot_nav) StdoutLine: {'line': b'[ 30%] Building CXX object CMakeFiles/nav_server_node.dir/src/nav_server_node.cpp.o\n'}
[0.223127] (robot_nav) StdoutLine: {'line': b'[ 40%] Building CXX object CMakeFiles/nav_server_node.dir/src/location_manager.cpp.o\n'}
[0.235497] (robot_nav) StdoutLine: {'line': b'[ 60%] Built target gtest_main\n'}
[0.246109] (robot_manipulation) StdoutLine: {'line': b'[ 50%] Building CXX object CMakeFiles/manipulation_node.dir/src/manipulation_node.cpp.o\n'}
[0.303408] (-) TimerEvent: {}
[0.309052] (robot_msgs) StdoutLine: {'line': b'[ 25%] Built target robot_msgs__rosidl_typesupport_fastrtps_cpp\n'}
[0.329786] (robot_nav) StdoutLine: {'line': b'Consolidate compiler generated dependencies of target test_location_manager\n'}
[0.339307] (robot_msgs) StdoutLine: {'line': b'[ 35%] Built target robot_msgs__rosidl_typesupport_cpp\n'}
[0.364390] (robot_msgs) StdoutLine: {'line': b'[ 46%] Built target robot_msgs__rosidl_typesupport_introspection_cpp\n'}
[0.415110] (robot_nav) StdoutLine: {'line': b'[ 70%] Building CXX object CMakeFiles/test_location_manager.dir/src/location_manager.cpp.o\n'}
[0.415418] (-) TimerEvent: {}
[0.437636] (robot_msgs) StdoutLine: {'line': b'[ 57%] Built target robot_msgs__rosidl_typesupport_introspection_c\n'}
[0.439567] (robot_nav) StdoutLine: {'line': b'[ 80%] Building CXX object CMakeFiles/test_location_manager.dir/test/test_location_manager.cpp.o\n'}
[0.448111] (robot_msgs) StdoutLine: {'line': b'[ 68%] Built target robot_msgs__rosidl_typesupport_fastrtps_c\n'}
[0.464938] (robot_msgs) StdoutLine: {'line': b'[ 79%] Built target robot_msgs__rosidl_typesupport_c\n'}
[0.515582] (-) TimerEvent: {}
[0.543503] (robot_msgs) StdoutLine: {'line': b'[ 79%] Built target robot_msgs\n'}
[0.615711] (-) TimerEvent: {}
[0.636629] (robot_msgs) StdoutLine: {'line': b'[ 81%] Built target robot_msgs__py\n'}
[0.715860] (-) TimerEvent: {}
[0.720468] (robot_msgs) StdoutLine: {'line': b'[ 90%] Built target robot_msgs__rosidl_generator_py\n'}
[0.798337] (robot_msgs) StdoutLine: {'line': b'[ 93%] Built target robot_msgs__rosidl_typesupport_fastrtps_c__pyext\n'}
[0.816049] (-) TimerEvent: {}
[0.840278] (robot_msgs) StdoutLine: {'line': b'[ 96%] Built target robot_msgs__rosidl_typesupport_introspection_c__pyext\n'}
[0.841781] (robot_msgs) StdoutLine: {'line': b'[100%] Built target robot_msgs__rosidl_typesupport_c__pyext\n'}
[0.917098] (-) TimerEvent: {}
[0.984117] (robot_msgs) StdoutLine: {'line': b'running egg_info\n'}
[0.984655] (robot_base) StdoutLine: {'line': b'[ 58%] Linking CXX static library libserial_interface_stub.a\n'}
[0.991078] (robot_msgs) StdoutLine: {'line': b'writing robot_msgs.egg-info/PKG-INFO\n'}
[0.991634] (robot_msgs) StdoutLine: {'line': b'writing dependency_links to robot_msgs.egg-info/dependency_links.txt\n'}
[0.991974] (robot_msgs) StdoutLine: {'line': b'writing top-level names to robot_msgs.egg-info/top_level.txt\n'}
[1.004093] (robot_msgs) StdoutLine: {'line': b"reading manifest file 'robot_msgs.egg-info/SOURCES.txt'\n"}
[1.004492] (robot_msgs) StdoutLine: {'line': b"writing manifest file 'robot_msgs.egg-info/SOURCES.txt'\n"}
[1.017345] (-) TimerEvent: {}
[1.094394] (robot_base) StdoutLine: {'line': b'[ 58%] Built target serial_interface_stub\n'}
[1.117490] (-) TimerEvent: {}
[1.136158] (robot_base) StdoutLine: {'line': b'[ 66%] Linking CXX static library libbase_safety_utils.a\n'}
[1.139443] (robot_msgs) StdoutLine: {'line': b'[100%] Built target ament_cmake_python_build_robot_msgs_egg\n'}
[1.181730] (robot_msgs) CommandEnded: {'returncode': 0}
[1.184126] (robot_msgs) JobProgress: {'identifier': 'robot_msgs', 'progress': 'install'}
[1.215392] (robot_msgs) Command: {'cmd': ['/usr/bin/cmake', '--install', '/ws/ros_ws/build/robot_msgs'], 'cwd': '/ws/ros_ws/build/robot_msgs', 'env': OrderedDict([('HOSTNAME', '35f211623a71'), ('SHLVL', '1'), ('LD_LIBRARY_PATH', '/opt/ros/humble/lib/x86_64-linux-gnu:/opt/ros/humble/lib'), ('HOME', '/root'), ('ROS_PYTHON_VERSION', '3'), ('ROS_DISTRO', 'humble'), ('_', '/usr/bin/colcon'), ('ROS_VERSION', '2'), ('ROS_LOCALHOST_ONLY', '0'), ('PATH', '/opt/ros/humble/bin:/usr/local/sbin:/usr/local/bin:/usr/sbin:/usr/bin:/sbin:/bin'), ('LANG', 'C.UTF-8'), ('AMENT_PREFIX_PATH', '/opt/ros/humble'), ('PWD', '/ws/ros_ws/build/robot_msgs'), ('LC_ALL', 'C.UTF-8'), ('PYTHONPATH', '/opt/ros/humble/lib/python3.10/site-packages:/opt/ros/humble/local/lib/python3.10/dist-packages'), ('COLCON', '1')]), 'shell': False}
[1.217651] (-) TimerEvent: {}
[1.232109] (robot_base) StdoutLine: {'line': b'[ 66%] Built target base_safety_utils\n'}
[1.240193] (robot_msgs) StdoutLine: {'line': b'-- Install configuration: ""\n'}
[1.240486] (robot_msgs) StdoutLine: {'line': b'-- Up-to-date: /ws/ros_ws/install/robot_msgs/share/ament_index/resource_index/rosidl_interfaces/robot_msgs\n'}
[1.245441] (robot_msgs) StdoutLine: {'line': b'-- Up-to-date: /ws/ros_ws/install/robot_msgs/include/robot_msgs/robot_msgs\n'}
[1.245689] (robot_msgs) StdoutLine: {'line': b'-- Up-to-date: /ws/ros_ws/install/robot_msgs/include/robot_msgs/robot_msgs/msg\n'}
[1.245807] (robot_msgs) StdoutLine: {'line': b'-- Up-to-date: /ws/ros_ws/install/robot_msgs/include/robot_msgs/robot_msgs/msg/rosidl_generator_c__visibility_control.h\n'}
[1.245911] (robot_msgs) StdoutLine: {'line': b'-- Up-to-date: /ws/ros_ws/install/robot_msgs/include/robot_msgs/robot_msgs/srv\n'}
[1.245990] (robot_msgs) StdoutLine: {'line': b'-- Up-to-date: /ws/ros_ws/install/robot_msgs/include/robot_msgs/robot_msgs/srv/find_person.h\n'}
[1.246080] (robot_msgs) StdoutLine: {'line': b'-- Up-to-date: /ws/ros_ws/install/robot_msgs/include/robot_msgs/robot_msgs/srv/detect_object.h\n'}
[1.246157] (robot_msgs) StdoutLine: {'line': b'-- Up-to-date: /ws/ros_ws/install/robot_msgs/include/robot_msgs/robot_msgs/srv/detail\n'}
[1.246228] (robot_msgs) StdoutLine: {'line': b'-- Up-to-date: /ws/ros_ws/install/robot_msgs/include/robot_msgs/robot_msgs/srv/detail/detect_object__type_support.h\n'}
[1.246280] (robot_msgs) StdoutLine: {'line': b'-- Up-to-date: /ws/ros_ws/install/robot_msgs/include/robot_msgs/robot_msgs/srv/detail/enroll_owner__functions.h\n'}
[1.246344] (robot_msgs) StdoutLine: {'line': b'-- Up-to-date: /ws/ros_ws/install/robot_msgs/include/robot_msgs/robot_msgs/srv/detail/find_person__struct.h\n'}
[1.246395] (robot_msgs) StdoutLine: {'line': b'-- Up-to-date: /ws/ros_ws/install/robot_msgs/include/robot_msgs/robot_msgs/srv/detail/detect_object__struct.h\n'}
[1.246463] (robot_msgs) StdoutLine: {'line': b'-- Up-to-date: /ws/ros_ws/install/robot_msgs/include/robot_msgs/robot_msgs/srv/detail/find_person__functions.c\n'}
[1.246530] (robot_msgs) StdoutLine: {'line': b'-- Up-to-date: /ws/ros_ws/install/robot_msgs/include/robot_msgs/robot_msgs/srv/detail/enroll_owner__functions.c\n'}
[1.246600] (robot_msgs) StdoutLine: {'line': b'-- Up-to-date: /ws/ros_ws/install/robot_msgs/include/robot_msgs/robot_msgs/srv/detail/detect_object__functions.h\n'}
[1.246652] (robot_msgs) StdoutLine: {'line': b'-- Up-to-date: /ws/ros_ws/install/robot_msgs/include/robot_msgs/robot_msgs/srv/detail/enroll_owner__struct.h\n'}
[1.246700] (robot_msgs) StdoutLine: {'line': b'-- Up-to-date: /ws/ros_ws/install/robot_msgs/include/robot_msgs/robot_msgs/srv/detail/find_person__functions.h\n'}
[1.246747] (robot_msgs) StdoutLine: {'line': b'-- Up-to-date: /ws/ros_ws/install/robot_msgs/include/robot_msgs/robot_msgs/srv/detail/find_person__type_support.h\n'}
[1.246811] (robot_msgs) StdoutLine: {'line': b'-- Up-to-date: /ws/ros_ws/install/robot_msgs/include/robot_msgs/robot_msgs/srv/detail/enroll_owner__type_support.h\n'}
[1.246881] (robot_msgs) StdoutLine: {'line': b'-- Up-to-date: /ws/ros_ws/install/robot_msgs/include/robot_msgs/robot_msgs/srv/detail/detect_object__functions.c\n'}
[1.246947] (robot_msgs) StdoutLine: {'line': b'-- Up-to-date: /ws/ros_ws/install/robot_msgs/include/robot_msgs/robot_msgs/srv/enroll_owner.h\n'}
[1.247024] (robot_msgs) StdoutLine: {'line': b'-- Up-to-date: /ws/ros_ws/install/robot_msgs/include/robot_msgs/robot_msgs/action\n'}
[1.247084] (robot_msgs) StdoutLine: {'line': b'-- Up-to-date: /ws/ros_ws/install/robot_msgs/include/robot_msgs/robot_msgs/action/hand_over.h\n'}
[1.247150] (robot_msgs) StdoutLine: {'line': b'-- Up-to-date: /ws/ros_ws/install/robot_msgs/include/robot_msgs/robot_msgs/action/pick_bottle.h\n'}
[1.247218] (robot_msgs) StdoutLine: {'line': b'-- Up-to-date: /ws/ros_ws/install/robot_msgs/include/robot_msgs/robot_msgs/action/detail\n'}
[1.247282] (robot_msgs) StdoutLine: {'line': b'-- Up-to-date: /ws/ros_ws/install/robot_msgs/include/robot_msgs/robot_msgs/action/detail/hand_over__functions.h\n'}
[1.247330] (robot_msgs) StdoutLine: {'line': b'-- Up-to-date: /ws/ros_ws/install/robot_msgs/include/robot_msgs/robot_msgs/action/detail/pick_bottle__struct.h\n'}
[1.247401] (robot_msgs) StdoutLine: {'line': b'-- Up-to-date: /ws/ros_ws/install/robot_msgs/include/robot_msgs/robot_msgs/action/detail/pick_bottle__functions.h\n'}
[1.247483] (robot_msgs) StdoutLine: {'line': b'-- Up-to-date: /ws/ros_ws/install/robot_msgs/include/robot_msgs/robot_msgs/action/detail/hand_over__struct.h\n'}
[1.247534] (robot_msgs) StdoutLine: {'line': b'-- Up-to-date: /ws/ros_ws/install/robot_msgs/include/robot_msgs/robot_msgs/action/detail/pick_bottle__functions.c\n'}
[1.247597] (robot_msgs) StdoutLine: {'line': b'-- Up-to-date: /ws/ros_ws/install/robot_msgs/include/robot_msgs/robot_msgs/action/detail/hand_over__type_support.h\n'}
[1.247649] (robot_msgs) StdoutLine: {'line': b'-- Up-to-date: /ws/ros_ws/install/robot_msgs/include/robot_msgs/robot_msgs/action/detail/pick_bottle__type_support.h\n'}
[1.247714] (robot_msgs) StdoutLine: {'line': b'-- Up-to-date: /ws/ros_ws/install/robot_msgs/include/robot_msgs/robot_msgs/action/detail/hand_over__functions.c\n'}
[1.253236] (robot_msgs) StdoutLine: {'line': b'-- Up-to-date: /ws/ros_ws/install/robot_msgs/share/robot_msgs/environment/library_path.sh\n'}
[1.253366] (robot_msgs) StdoutLine: {'line': b'-- Up-to-date: /ws/ros_ws/install/robot_msgs/share/robot_msgs/environment/library_path.dsv\n'}
[1.253506] (robot_msgs) StdoutLine: {'line': b'-- Up-to-date: /ws/ros_ws/install/robot_msgs/lib/librobot_msgs__rosidl_generator_c.so\n'}
[1.254022] (robot_msgs) StdoutLine: {'line': b'-- Up-to-date: /ws/ros_ws/install/robot_msgs/include/robot_msgs/robot_msgs\n'}
[1.254162] (robot_msgs) StdoutLine: {'line': b'-- Up-to-date: /ws/ros_ws/install/robot_msgs/include/robot_msgs/robot_msgs/msg\n'}
[1.254231] (robot_msgs) StdoutLine: {'line': b'-- Up-to-date: /ws/ros_ws/install/robot_msgs/include/robot_msgs/robot_msgs/msg/rosidl_typesupport_fastrtps_c__visibility_control.h\n'}
[1.254308] (robot_msgs) StdoutLine: {'line': b'-- Up-to-date: /ws/ros_ws/install/robot_msgs/include/robot_msgs/robot_msgs/srv\n'}
[1.254382] (robot_msgs) StdoutLine: {'line': b'-- Up-to-date: /ws/ros_ws/install/robot_msgs/include/robot_msgs/robot_msgs/srv/detail\n'}
[1.254449] (robot_msgs) StdoutLine: {'line': b'-- Up-to-date: /ws/ros_ws/install/robot_msgs/include/robot_msgs/robot_msgs/srv/detail/enroll_owner__rosidl_typesupport_fastrtps_c.h\n'}
[1.254519] (robot_msgs) StdoutLine: {'line': b'-- Up-to-date: /ws/ros_ws/install/robot_msgs/include/robot_msgs/robot_msgs/srv/detail/detect_object__rosidl_typesupport_fastrtps_c.h\n'}
[1.254587] (robot_msgs) StdoutLine: {'line': b'-- Up-to-date: /ws/ros_ws/install/robot_msgs/include/robot_msgs/robot_msgs/srv/detail/find_person__rosidl_typesupport_fastrtps_c.h\n'}
[1.254640] (robot_msgs) StdoutLine: {'line': b'-- Up-to-date: /ws/ros_ws/install/robot_msgs/include/robot_msgs/robot_msgs/action\n'}
[1.254710] (robot_msgs) StdoutLine: {'line': b'-- Up-to-date: /ws/ros_ws/install/robot_msgs/include/robot_msgs/robot_msgs/action/detail\n'}
[1.254782] (robot_msgs) StdoutLine: {'line': b'-- Up-to-date: /ws/ros_ws/install/robot_msgs/include/robot_msgs/robot_msgs/action/detail/pick_bottle__rosidl_typesupport_fastrtps_c.h\n'}
[1.254836] (robot_msgs) StdoutLine: {'line': b'-- Up-to-date: /ws/ros_ws/install/robot_msgs/include/robot_msgs/robot_msgs/action/detail/hand_over__rosidl_typesupport_fastrtps_c.h\n'}
[1.254901] (robot_msgs) StdoutLine: {'line': b'-- Up-to-date: /ws/ros_ws/install/robot_msgs/lib/librobot_msgs__rosidl_typesupport_fastrtps_c.so\n'}
[1.254970] (robot_msgs) StdoutLine: {'line': b'-- Up-to-date: /ws/ros_ws/install/robot_msgs/include/robot_msgs/robot_msgs\n'}
[1.255065] (robot_msgs) StdoutLine: {'line': b'-- Up-to-date: /ws/ros_ws/install/robot_msgs/include/robot_msgs/robot_msgs/msg\n'}
[1.255135] (robot_msgs) StdoutLine: {'line': b'-- Up-to-date: /ws/ros_ws/install/robot_msgs/include/robot_msgs/robot_msgs/msg/rosidl_typesupport_introspection_c__visibility_control.h\n'}
[1.255209] (robot_msgs) StdoutLine: {'line': b'-- Up-to-date: /ws/ros_ws/install/robot_msgs/include/robot_msgs/robot_msgs/srv\n'}
[1.255286] (robot_msgs) StdoutLine: {'line': b'-- Up-to-date: /ws/ros_ws/install/robot_msgs/include/robot_msgs/robot_msgs/srv/detail\n'}
[1.256737] (robot_msgs) StdoutLine: {'line': b'-- Up-to-date: /ws/ros_ws/install/robot_msgs/include/robot_msgs/robot_msgs/srv/detail/enroll_owner__rosidl_typesupport_introspection_c.h\n'}
[1.256887] (robot_msgs) StdoutLine: {'line': b'-- Up-to-date: /ws/ros_ws/install/robot_msgs/include/robot_msgs/robot_msgs/srv/detail/find_person__rosidl_typesupport_introspection_c.h\n'}
[1.256949] (robot_msgs) StdoutLine: {'line': b'-- Up-to-date: /ws/ros_ws/install/robot_msgs/include/robot_msgs/robot_msgs/srv/detail/find_person__type_support.c\n'}
[1.257022] (robot_msgs) StdoutLine: {'line': b'-- Up-to-date: /ws/ros_ws/install/robot_msgs/include/robot_msgs/robot_msgs/srv/detail/detect_object__type_support.c\n'}
[1.257079] (robot_msgs) StdoutLine: {'line': b'-- Up-to-date: /ws/ros_ws/install/robot_msgs/include/robot_msgs/robot_msgs/srv/detail/enroll_owner__type_support.c\n'}
[1.257125] (robot_msgs) StdoutLine: {'line': b'-- Up-to-date: /ws/ros_ws/install/robot_msgs/include/robot_msgs/robot_msgs/srv/detail/detect_object__rosidl_typesupport_introspection_c.h\n'}
[1.257170] (robot_msgs) StdoutLine: {'line': b'-- Up-to-date: /ws/ros_ws/install/robot_msgs/include/robot_msgs/robot_msgs/action\n'}
[1.257214] (robot_msgs) StdoutLine: {'line': b'-- Up-to-date: /ws/ros_ws/install/robot_msgs/include/robot_msgs/robot_msgs/action/detail\n'}
[1.257257] (robot_msgs) StdoutLine: {'line': b'-- Up-to-date: /ws/ros_ws/install/robot_msgs/include/robot_msgs/robot_msgs/action/detail/pick_bottle__rosidl_typesupport_introspection_c.h\n'}
[1.261103] (robot_msgs) StdoutLine: {'line': b'-- Up-to-date: /ws/ros_ws/install/robot_msgs/include/robot_msgs/robot_msgs/action/detail/hand_over__rosidl_typesupport_introspection_c.h\n'}
[1.265060] (robot_msgs) StdoutLine: {'line': b'-- Up-to-date: /ws/ros_ws/install/robot_msgs/include/robot_msgs/robot_msgs/action/detail/pick_bottle__type_support.c\n'}
[1.265240] (robot_msgs) StdoutLine: {'line': b'-- Up-to-date: /ws/ros_ws/install/robot_msgs/include/robot_msgs/robot_msgs/action/detail/hand_over__type_support.c\n'}
[1.265370] (robot_msgs) StdoutLine: {'line': b'-- Up-to-date: /ws/ros_ws/install/robot_msgs/lib/librobot_msgs__rosidl_typesupport_introspection_c.so\n'}
[1.265457] (robot_msgs) StdoutLine: {'line': b'-- Up-to-date: /ws/ros_ws/install/robot_msgs/lib/librobot_msgs__rosidl_typesupport_c.so\n'}
[1.265530] (robot_msgs) StdoutLine: {'line': b'-- Up-to-date: /ws/ros_ws/install/robot_msgs/include/robot_msgs/robot_msgs\n'}
[1.265639] (robot_msgs) StdoutLine: {'line': b'-- Up-to-date: /ws/ros_ws/install/robot_msgs/include/robot_msgs/robot_msgs/msg\n'}
[1.265709] (robot_msgs) StdoutLine: {'line': b'-- Up-to-date: /ws/ros_ws/install/robot_msgs/include/robot_msgs/robot_msgs/msg/rosidl_generator_cpp__visibility_control.hpp\n'}
[1.265776] (robot_msgs) StdoutLine: {'line': b'-- Up-to-date: /ws/ros_ws/install/robot_msgs/include/robot_msgs/robot_msgs/srv\n'}
[1.265841] (robot_msgs) StdoutLine: {'line': b'-- Up-to-date: /ws/ros_ws/install/robot_msgs/include/robot_msgs/robot_msgs/srv/enroll_owner.hpp\n'}
[1.265936] (robot_msgs) StdoutLine: {'line': b'-- Up-to-date: /ws/ros_ws/install/robot_msgs/include/robot_msgs/robot_msgs/srv/detect_object.hpp\n'}
[1.266002] (robot_msgs) StdoutLine: {'line': b'-- Up-to-date: /ws/ros_ws/install/robot_msgs/include/robot_msgs/robot_msgs/srv/find_person.hpp\n'}
[1.266091] (robot_msgs) StdoutLine: {'line': b'-- Up-to-date: /ws/ros_ws/install/robot_msgs/include/robot_msgs/robot_msgs/srv/detail\n'}
[1.266169] (robot_msgs) StdoutLine: {'line': b'-- Up-to-date: /ws/ros_ws/install/robot_msgs/include/robot_msgs/robot_msgs/srv/detail/detect_object__builder.hpp\n'}
[1.266235] (robot_msgs) StdoutLine: {'line': b'-- Up-to-date: /ws/ros_ws/install/robot_msgs/include/robot_msgs/robot_msgs/srv/detail/find_person__type_support.hpp\n'}
[1.266301] (robot_msgs) StdoutLine: {'line': b'-- Up-to-date: /ws/ros_ws/install/robot_msgs/include/robot_msgs/robot_msgs/srv/detail/enroll_owner__struct.hpp\n'}
[1.266394] (robot_msgs) StdoutLine: {'line': b'-- Up-to-date: /ws/ros_ws/install/robot_msgs/include/robot_msgs/robot_msgs/srv/detail/find_person__struct.hpp\n'}
[1.266473] (robot_msgs) StdoutLine: {'line': b'-- Up-to-date: /ws/ros_ws/install/robot_msgs/include/robot_msgs/robot_msgs/srv/detail/enroll_owner__traits.hpp\n'}
[1.266527] (robot_msgs) StdoutLine: {'line': b'-- Up-to-date: /ws/ros_ws/install/robot_msgs/include/robot_msgs/robot_msgs/srv/detail/enroll_owner__type_support.hpp\n'}
[1.266603] (robot_msgs) StdoutLine: {'line': b'-- Up-to-date: /ws/ros_ws/install/robot_msgs/include/robot_msgs/robot_msgs/srv/detail/detect_object__struct.hpp\n'}
[1.266655] (robot_msgs) StdoutLine: {'line': b'-- Up-to-date: /ws/ros_ws/install/robot_msgs/include/robot_msgs/robot_msgs/srv/detail/find_person__builder.hpp\n'}
[1.266735] (robot_msgs) StdoutLine: {'line': b'-- Up-to-date: /ws/ros_ws/install/robot_msgs/include/robot_msgs/robot_msgs/srv/detail/detect_object__type_support.hpp\n'}
[1.266813] (robot_msgs) StdoutLine: {'line': b'-- Up-to-date: /ws/ros_ws/install/robot_msgs/include/robot_msgs/robot_msgs/srv/detail/detect_object__traits.hpp\n'}
[1.266865] (robot_msgs) StdoutLine: {'line': b'-- Up-to-date: /ws/ros_ws/install/robot_msgs/include/robot_msgs/robot_msgs/srv/detail/enroll_owner__builder.hpp\n'}
[1.266944] (robot_msgs) StdoutLine: {'line': b'-- Up-to-date: /ws/ros_ws/install/robot_msgs/include/robot_msgs/robot_msgs/srv/detail/find_person__traits.hpp\n'}
[1.270179] (robot_msgs) StdoutLine: {'line': b'-- Up-to-date: /ws/ros_ws/install/robot_msgs/include/robot_msgs/robot_msgs/action\n'}
[1.270291] (robot_msgs) StdoutLine: {'line': b'-- Up-to-date: /ws/ros_ws/install/robot_msgs/include/robot_msgs/robot_msgs/action/pick_bottle.hpp\n'}
[1.270375] (robot_msgs) StdoutLine: {'line': b'-- Up-to-date: /ws/ros_ws/install/robot_msgs/include/robot_msgs/robot_msgs/action/detail\n'}
[1.270446] (robot_msgs) StdoutLine: {'line': b'-- Up-to-date: /ws/ros_ws/install/robot_msgs/include/robot_msgs/robot_msgs/action/detail/pick_bottle__builder.hpp\n'}
[1.270527] (robot_msgs) StdoutLine: {'line': b'-- Up-to-date: /ws/ros_ws/install/robot_msgs/include/robot_msgs/robot_msgs/action/detail/hand_over__struct.hpp\n'}
[1.270595] (robot_msgs) StdoutLine: {'line': b'-- Up-to-date: /ws/ros_ws/install/robot_msgs/include/robot_msgs/robot_msgs/action/detail/hand_over__type_support.hpp\n'}
[1.273151] (robot_msgs) StdoutLine: {'line': b'-- Up-to-date: /ws/ros_ws/install/robot_msgs/include/robot_msgs/robot_msgs/action/detail/pick_bottle__struct.hpp\n'}
[1.273266] (robot_msgs) StdoutLine: {'line': b'-- Up-to-date: /ws/ros_ws/install/robot_msgs/include/robot_msgs/robot_msgs/action/detail/pick_bottle__type_support.hpp\n'}
[1.273358] (robot_msgs) StdoutLine: {'line': b'-- Up-to-date: /ws/ros_ws/install/robot_msgs/include/robot_msgs/robot_msgs/action/detail/pick_bottle__traits.hpp\n'}
[1.273469] (robot_msgs) StdoutLine: {'line': b'-- Up-to-date: /ws/ros_ws/install/robot_msgs/include/robot_msgs/robot_msgs/action/detail/hand_over__traits.hpp\n'}
[1.273532] (robot_msgs) StdoutLine: {'line': b'-- Up-to-date: /ws/ros_ws/install/robot_msgs/include/robot_msgs/robot_msgs/action/detail/hand_over__builder.hpp\n'}
[1.273633] (robot_msgs) StdoutLine: {'line': b'-- Up-to-date: /ws/ros_ws/install/robot_msgs/include/robot_msgs/robot_msgs/action/hand_over.hpp\n'}
[1.276068] (robot_msgs) StdoutLine: {'line': b'-- Up-to-date: /ws/ros_ws/install/robot_msgs/include/robot_msgs/robot_msgs\n'}
[1.276208] (robot_msgs) StdoutLine: {'line': b'-- Up-to-date: /ws/ros_ws/install/robot_msgs/include/robot_msgs/robot_msgs/msg\n'}
[1.276273] (robot_msgs) StdoutLine: {'line': b'-- Up-to-date: /ws/ros_ws/install/robot_msgs/include/robot_msgs/robot_msgs/msg/rosidl_typesupport_fastrtps_cpp__visibility_control.h\n'}
[1.276351] (robot_msgs) StdoutLine: {'line': b'-- Up-to-date: /ws/ros_ws/install/robot_msgs/include/robot_msgs/robot_msgs/srv\n'}
[1.276424] (robot_msgs) StdoutLine: {'line': b'-- Up-to-date: /ws/ros_ws/install/robot_msgs/include/robot_msgs/robot_msgs/srv/detail\n'}
[1.276504] (robot_msgs) StdoutLine: {'line': b'-- Up-to-date: /ws/ros_ws/install/robot_msgs/include/robot_msgs/robot_msgs/srv/detail/detect_object__rosidl_typesupport_fastrtps_cpp.hpp\n'}
[1.276606] (robot_msgs) StdoutLine: {'line': b'-- Up-to-date: /ws/ros_ws/install/robot_msgs/include/robot_msgs/robot_msgs/srv/detail/find_person__rosidl_typesupport_fastrtps_cpp.hpp\n'}
[1.276730] (robot_msgs) StdoutLine: {'line': b'-- Up-to-date: /ws/ros_ws/install/robot_msgs/include/robot_msgs/robot_msgs/srv/detail/dds_fastrtps\n'}
[1.276834] (robot_msgs) StdoutLine: {'line': b'-- Up-to-date: /ws/ros_ws/install/robot_msgs/include/robot_msgs/robot_msgs/srv/detail/enroll_owner__rosidl_typesupport_fastrtps_cpp.hpp\n'}
[1.276937] (robot_msgs) StdoutLine: {'line': b'-- Up-to-date: /ws/ros_ws/install/robot_msgs/include/robot_msgs/robot_msgs/action\n'}
[1.277064] (robot_msgs) StdoutLine: {'line': b'-- Up-to-date: /ws/ros_ws/install/robot_msgs/include/robot_msgs/robot_msgs/action/detail\n'}
[1.277192] (robot_msgs) StdoutLine: {'line': b'-- Up-to-date: /ws/ros_ws/install/robot_msgs/include/robot_msgs/robot_msgs/action/detail/pick_bottle__rosidl_typesupport_fastrtps_cpp.hpp\n'}
[1.277267] (robot_msgs) StdoutLine: {'line': b'-- Up-to-date: /ws/ros_ws/install/robot_msgs/include/robot_msgs/robot_msgs/action/detail/hand_over__rosidl_typesupport_fastrtps_cpp.hpp\n'}
[1.277388] (robot_msgs) StdoutLine: {'line': b'-- Up-to-date: /ws/ros_ws/install/robot_msgs/include/robot_msgs/robot_msgs/action/detail/dds_fastrtps\n'}
[1.277488] (robot_msgs) StdoutLine: {'line': b'-- Up-to-date: /ws/ros_ws/install/robot_msgs/lib/librobot_msgs__rosidl_typesupport_fastrtps_cpp.so\n'}
[1.277575] (robot_msgs) StdoutLine: {'line': b'-- Up-to-date: /ws/ros_ws/install/robot_msgs/include/robot_msgs/robot_msgs\n'}
[1.277675] (robot_msgs) StdoutLine: {'line': b'-- Up-to-date: /ws/ros_ws/install/robot_msgs/include/robot_msgs/robot_msgs/srv\n'}
[1.277799] (robot_msgs) StdoutLine: {'line': b'-- Up-to-date: /ws/ros_ws/install/robot_msgs/include/robot_msgs/robot_msgs/srv/detail\n'}
[1.279048] (robot_msgs) StdoutLine: {'line': b'-- Up-to-date: /ws/ros_ws/install/robot_msgs/include/robot_msgs/robot_msgs/srv/detail/enroll_owner__rosidl_typesupport_introspection_cpp.hpp\n'}
[1.279208] (robot_msgs) StdoutLine: {'line': b'-- Up-to-date: /ws/ros_ws/install/robot_msgs/include/robot_msgs/robot_msgs/srv/detail/find_person__rosidl_typesupport_introspection_cpp.hpp\n'}
[1.279320] (robot_msgs) StdoutLine: {'line': b'-- Up-to-date: /ws/ros_ws/install/robot_msgs/include/robot_msgs/robot_msgs/srv/detail/detect_object__rosidl_typesupport_introspection_cpp.hpp\n'}
[1.279430] (robot_msgs) StdoutLine: {'line': b'-- Up-to-date: /ws/ros_ws/install/robot_msgs/include/robot_msgs/robot_msgs/srv/detail/enroll_owner__type_support.cpp\n'}
[1.283212] (robot_msgs) StdoutLine: {'line': b'-- Up-to-date: /ws/ros_ws/install/robot_msgs/include/robot_msgs/robot_msgs/srv/detail/find_person__type_support.cpp\n'}
[1.283343] (robot_msgs) StdoutLine: {'line': b'-- Up-to-date: /ws/ros_ws/install/robot_msgs/include/robot_msgs/robot_msgs/srv/detail/detect_object__type_support.cpp\n'}
[1.283424] (robot_msgs) StdoutLine: {'line': b'-- Up-to-date: /ws/ros_ws/install/robot_msgs/include/robot_msgs/robot_msgs/action\n'}
[1.283486] (robot_msgs) StdoutLine: {'line': b'-- Up-to-date: /ws/ros_ws/install/robot_msgs/include/robot_msgs/robot_msgs/action/detail\n'}
[1.283541] (robot_msgs) StdoutLine: {'line': b'-- Up-to-date: /ws/ros_ws/install/robot_msgs/include/robot_msgs/robot_msgs/action/detail/hand_over__rosidl_typesupport_introspection_cpp.hpp\n'}
[1.285060] (robot_msgs) StdoutLine: {'line': b'-- Up-to-date: /ws/ros_ws/install/robot_msgs/include/robot_msgs/robot_msgs/action/detail/pick_bottle__rosidl_typesupport_introspection_cpp.hpp\n'}
[1.285258] (robot_msgs) StdoutLine: {'line': b'-- Up-to-date: /ws/ros_ws/install/robot_msgs/include/robot_msgs/robot_msgs/action/detail/pick_bottle__type_support.cpp\n'}
[1.285479] (robot_msgs) StdoutLine: {'line': b'-- Up-to-date: /ws/ros_ws/install/robot_msgs/include/robot_msgs/robot_msgs/action/detail/hand_over__type_support.cpp\n'}
[1.285625] (robot_msgs) StdoutLine: {'line': b'-- Up-to-date: /ws/ros_ws/install/robot_msgs/lib/librobot_msgs__rosidl_typesupport_introspection_cpp.so\n'}
[1.285745] (robot_msgs) StdoutLine: {'line': b'-- Up-to-date: /ws/ros_ws/install/robot_msgs/lib/librobot_msgs__rosidl_typesupport_cpp.so\n'}
[1.285922] (robot_msgs) StdoutLine: {'line': b'-- Up-to-date: /ws/ros_ws/install/robot_msgs/share/robot_msgs/environment/pythonpath.sh\n'}
[1.286038] (robot_msgs) StdoutLine: {'line': b'-- Up-to-date: /ws/ros_ws/install/robot_msgs/share/robot_msgs/environment/pythonpath.dsv\n'}
[1.286109] (robot_msgs) StdoutLine: {'line': b'-- Up-to-date: /ws/ros_ws/install/robot_msgs/local/lib/python3.10/dist-packages/robot_msgs-0.0.1-py3.10.egg-info\n'}
[1.286160] (robot_msgs) StdoutLine: {'line': b'-- Installing: /ws/ros_ws/install/robot_msgs/local/lib/python3.10/dist-packages/robot_msgs-0.0.1-py3.10.egg-info/PKG-INFO\n'}
[1.286213] (robot_msgs) StdoutLine: {'line': b'-- Installing: /ws/ros_ws/install/robot_msgs/local/lib/python3.10/dist-packages/robot_msgs-0.0.1-py3.10.egg-info/SOURCES.txt\n'}
[1.286265] (robot_msgs) StdoutLine: {'line': b'-- Installing: /ws/ros_ws/install/robot_msgs/local/lib/python3.10/dist-packages/robot_msgs-0.0.1-py3.10.egg-info/dependency_links.txt\n'}
[1.286317] (robot_msgs) StdoutLine: {'line': b'-- Installing: /ws/ros_ws/install/robot_msgs/local/lib/python3.10/dist-packages/robot_msgs-0.0.1-py3.10.egg-info/top_level.txt\n'}
[1.294899] (robot_msgs) StdoutLine: {'line': b'-- Up-to-date: /ws/ros_ws/install/robot_msgs/local/lib/python3.10/dist-packages/robot_msgs\n'}
[1.295303] (robot_msgs) StdoutLine: {'line': b'-- Up-to-date: /ws/ros_ws/install/robot_msgs/local/lib/python3.10/dist-packages/robot_msgs/robot_msgs_s__rosidl_typesupport_fastrtps_c.cpython-310-x86_64-linux-gnu.so\n'}
[1.295547] (robot_msgs) StdoutLine: {'line': b'-- Up-to-date: /ws/ros_ws/install/robot_msgs/local/lib/python3.10/dist-packages/robot_msgs/robot_msgs_s__rosidl_typesupport_c.cpython-310-x86_64-linux-gnu.so\n'}
[1.301468] (robot_msgs) StdoutLine: {'line': b'-- Up-to-date: /ws/ros_ws/install/robot_msgs/local/lib/python3.10/dist-packages/robot_msgs/srv\n'}
[1.301739] (robot_msgs) StdoutLine: {'line': b'-- Up-to-date: /ws/ros_ws/install/robot_msgs/local/lib/python3.10/dist-packages/robot_msgs/srv/_detect_object_s.c\n'}
[1.301958] (robot_msgs) StdoutLine: {'line': b'-- Up-to-date: /ws/ros_ws/install/robot_msgs/local/lib/python3.10/dist-packages/robot_msgs/srv/_detect_object.py\n'}
[1.302168] (robot_msgs) StdoutLine: {'line': b'-- Up-to-date: /ws/ros_ws/install/robot_msgs/local/lib/python3.10/dist-packages/robot_msgs/srv/_find_person_s.c\n'}
[1.302350] (robot_msgs) StdoutLine: {'line': b'-- Up-to-date: /ws/ros_ws/install/robot_msgs/local/lib/python3.10/dist-packages/robot_msgs/srv/_enroll_owner_s.c\n'}
[1.302536] (robot_msgs) StdoutLine: {'line': b'-- Up-to-date: /ws/ros_ws/install/robot_msgs/local/lib/python3.10/dist-packages/robot_msgs/srv/_find_person.py\n'}
[1.302736] (robot_msgs) StdoutLine: {'line': b'-- Up-to-date: /ws/ros_ws/install/robot_msgs/local/lib/python3.10/dist-packages/robot_msgs/srv/_enroll_owner.py\n'}
[1.302891] (robot_msgs) StdoutLine: {'line': b'-- Up-to-date: /ws/ros_ws/install/robot_msgs/local/lib/python3.10/dist-packages/robot_msgs/srv/__init__.py\n'}
[1.303034] (robot_msgs) StdoutLine: {'line': b'-- Up-to-date: /ws/ros_ws/install/robot_msgs/local/lib/python3.10/dist-packages/robot_msgs/_robot_msgs_s.ep.rosidl_typesupport_introspection_c.c\n'}
[1.303208] (robot_msgs) StdoutLine: {'line': b'-- Up-to-date: /ws/ros_ws/install/robot_msgs/local/lib/python3.10/dist-packages/robot_msgs/robot_msgs_s__rosidl_typesupport_introspection_c.cpython-310-x86_64-linux-gnu.so\n'}
[1.303389] (robot_msgs) StdoutLine: {'line': b'-- Up-to-date: /ws/ros_ws/install/robot_msgs/local/lib/python3.10/dist-packages/robot_msgs/_robot_msgs_s.ep.rosidl_typesupport_c.c\n'}
[1.303556] (robot_msgs) StdoutLine: {'line': b'-- Up-to-date: /ws/ros_ws/install/robot_msgs/local/lib/python3.10/dist-packages/robot_msgs/action\n'}
[1.303733] (robot_msgs) StdoutLine: {'line': b'-- Up-to-date: /ws/ros_ws/install/robot_msgs/local/lib/python3.10/dist-packages/robot_msgs/action/_pick_bottle_s.c\n'}
[1.303959] (robot_msgs) StdoutLine: {'line': b'-- Up-to-date: /ws/ros_ws/install/robot_msgs/local/lib/python3.10/dist-packages/robot_msgs/action/_pick_bottle.py\n'}
[1.304147] (robot_msgs) StdoutLine: {'line': b'-- Up-to-date: /ws/ros_ws/install/robot_msgs/local/lib/python3.10/dist-packages/robot_msgs/action/_hand_over_s.c\n'}
[1.304268] (robot_msgs) StdoutLine: {'line': b'-- Up-to-date: /ws/ros_ws/install/robot_msgs/local/lib/python3.10/dist-packages/robot_msgs/action/_hand_over.py\n'}
[1.304364] (robot_msgs) StdoutLine: {'line': b'-- Up-to-date: /ws/ros_ws/install/robot_msgs/local/lib/python3.10/dist-packages/robot_msgs/action/__init__.py\n'}
[1.306100] (robot_msgs) StdoutLine: {'line': b'-- Up-to-date: /ws/ros_ws/install/robot_msgs/local/lib/python3.10/dist-packages/robot_msgs/librobot_msgs__rosidl_generator_py.so\n'}
[1.306228] (robot_msgs) StdoutLine: {'line': b'-- Up-to-date: /ws/ros_ws/install/robot_msgs/local/lib/python3.10/dist-packages/robot_msgs/__init__.py\n'}
[1.306521] (robot_msgs) StdoutLine: {'line': b'-- Up-to-date: /ws/ros_ws/install/robot_msgs/local/lib/python3.10/dist-packages/robot_msgs/_robot_msgs_s.ep.rosidl_typesupport_fastrtps_c.c\n'}
[1.306604] (robot_base) StdoutLine: {'line': b'Consolidate compiler generated dependencies of target base_driver_node\n'}
[1.306927] (robot_base) StdoutLine: {'line': b'Consolidate compiler generated dependencies of target test_timeout_brake\n'}
[1.317800] (-) TimerEvent: {}
[1.334082] (robot_base) StdoutLine: {'line': b'[ 75%] Building CXX object CMakeFiles/base_driver_node.dir/src/base_driver_node.cpp.o\n'}
[1.359101] (robot_base) StdoutLine: {'line': b'[ 83%] Building CXX object CMakeFiles/test_timeout_brake.dir/test/test_timeout_brake.cpp.o\n'}
[1.405749] (robot_msgs) StdoutLine: {'line': b"Listing '/ws/ros_ws/install/robot_msgs/local/lib/python3.10/dist-packages/robot_msgs'...\n"}
[1.406096] (robot_msgs) StdoutLine: {'line': b"Listing '/ws/ros_ws/install/robot_msgs/local/lib/python3.10/dist-packages/robot_msgs/action'...\n"}
[1.406407] (robot_msgs) StdoutLine: {'line': b"Listing '/ws/ros_ws/install/robot_msgs/local/lib/python3.10/dist-packages/robot_msgs/srv'...\n"}
[1.417949] (-) TimerEvent: {}
[1.440524] (robot_msgs) StdoutLine: {'line': b'-- Up-to-date: /ws/ros_ws/install/robot_msgs/local/lib/python3.10/dist-packages/robot_msgs/robot_msgs_s__rosidl_typesupport_fastrtps_c.cpython-310-x86_64-linux-gnu.so\n'}
[1.445371] (robot_msgs) StdoutLine: {'line': b'-- Up-to-date: /ws/ros_ws/install/robot_msgs/local/lib/python3.10/dist-packages/robot_msgs/robot_msgs_s__rosidl_typesupport_introspection_c.cpython-310-x86_64-linux-gnu.so\n'}
[1.445657] (robot_msgs) StdoutLine: {'line': b'-- Up-to-date: /ws/ros_ws/install/robot_msgs/local/lib/python3.10/dist-packages/robot_msgs/robot_msgs_s__rosidl_typesupport_c.cpython-310-x86_64-linux-gnu.so\n'}
[1.445813] (robot_msgs) StdoutLine: {'line': b'-- Up-to-date: /ws/ros_ws/install/robot_msgs/lib/librobot_msgs__rosidl_generator_py.so\n'}
[1.445904] (robot_msgs) StdoutLine: {'line': b'-- Up-to-date: /ws/ros_ws/install/robot_msgs/share/ament_index/resource_index/rust_packages/robot_msgs\n'}
[1.445969] (robot_msgs) StdoutLine: {'line': b'-- Up-to-date: /ws/ros_ws/install/robot_msgs/share/robot_msgs/rust\n'}
[1.446372] (robot_msgs) StdoutLine: {'line': b'-- Up-to-date: /ws/ros_ws/install/robot_msgs/share/robot_msgs/rust/src\n'}
[1.446644] (robot_msgs) StdoutLine: {'line': b'-- Up-to-date: /ws/ros_ws/install/robot_msgs/share/robot_msgs/rust/src/lib.rs\n'}
[1.447167] (robot_msgs) StdoutLine: {'line': b'-- Up-to-date: /ws/ros_ws/install/robot_msgs/share/robot_msgs/rust/src/srv.rs\n'}
[1.447643] (robot_msgs) StdoutLine: {'line': b'-- Up-to-date: /ws/ros_ws/install/robot_msgs/share/robot_msgs/rust/src/srv\n'}
[1.450323] (robot_msgs) StdoutLine: {'line': b'-- Up-to-date: /ws/ros_ws/install/robot_msgs/share/robot_msgs/rust/src/srv/rmw.rs\n'}
[1.450532] (robot_msgs) StdoutLine: {'line': b'-- Up-to-date: /ws/ros_ws/install/robot_msgs/share/robot_msgs/rust/src/action\n'}
[1.450670] (robot_msgs) StdoutLine: {'line': b'-- Up-to-date: /ws/ros_ws/install/robot_msgs/share/robot_msgs/rust/src/action/rmw.rs\n'}
[1.450832] (robot_msgs) StdoutLine: {'line': b'-- Up-to-date: /ws/ros_ws/install/robot_msgs/share/robot_msgs/rust/src/action.rs\n'}
[1.450974] (robot_msgs) StdoutLine: {'line': b'-- Up-to-date: /ws/ros_ws/install/robot_msgs/share/robot_msgs/rust/build.rs\n'}
[1.451119] (robot_msgs) StdoutLine: {'line': b'-- Up-to-date: /ws/ros_ws/install/robot_msgs/share/robot_msgs/rust/Cargo.toml\n'}
[1.451235] (robot_msgs) StdoutLine: {'line': b'-- Up-to-date: /ws/ros_ws/install/robot_msgs/share/robot_msgs/srv/DetectObject.idl\n'}
[1.451355] (robot_msgs) StdoutLine: {'line': b'-- Up-to-date: /ws/ros_ws/install/robot_msgs/share/robot_msgs/srv/FindPerson.idl\n'}
[1.451465] (robot_msgs) StdoutLine: {'line': b'-- Up-to-date: /ws/ros_ws/install/robot_msgs/share/robot_msgs/srv/EnrollOwner.idl\n'}
[1.451618] (robot_msgs) StdoutLine: {'line': b'-- Up-to-date: /ws/ros_ws/install/robot_msgs/share/robot_msgs/action/PickBottle.idl\n'}
[1.451756] (robot_msgs) StdoutLine: {'line': b'-- Up-to-date: /ws/ros_ws/install/robot_msgs/share/robot_msgs/action/HandOver.idl\n'}
[1.454070] (robot_msgs) StdoutLine: {'line': b'-- Up-to-date: /ws/ros_ws/install/robot_msgs/share/robot_msgs/srv/DetectObject.srv\n'}
[1.454288] (robot_msgs) StdoutLine: {'line': b'-- Up-to-date: /ws/ros_ws/install/robot_msgs/share/robot_msgs/srv/DetectObject_Request.msg\n'}
[1.454477] (robot_msgs) StdoutLine: {'line': b'-- Up-to-date: /ws/ros_ws/install/robot_msgs/share/robot_msgs/srv/DetectObject_Response.msg\n'}
[1.454600] (robot_msgs) StdoutLine: {'line': b'-- Up-to-date: /ws/ros_ws/install/robot_msgs/share/robot_msgs/srv/FindPerson.srv\n'}
[1.454761] (robot_msgs) StdoutLine: {'line': b'-- Up-to-date: /ws/ros_ws/install/robot_msgs/share/robot_msgs/srv/FindPerson_Request.msg\n'}
[1.454864] (robot_msgs) StdoutLine: {'line': b'-- Up-to-date: /ws/ros_ws/install/robot_msgs/share/robot_msgs/srv/FindPerson_Response.msg\n'}
[1.454957] (robot_msgs) StdoutLine: {'line': b'-- Up-to-date: /ws/ros_ws/install/robot_msgs/share/robot_msgs/srv/EnrollOwner.srv\n'}
[1.455100] (robot_msgs) StdoutLine: {'line': b'-- Up-to-date: /ws/ros_ws/install/robot_msgs/share/robot_msgs/srv/EnrollOwner_Request.msg\n'}
[1.455218] (robot_msgs) StdoutLine: {'line': b'-- Up-to-date: /ws/ros_ws/install/robot_msgs/share/robot_msgs/srv/EnrollOwner_Response.msg\n'}
[1.455338] (robot_msgs) StdoutLine: {'line': b'-- Up-to-date: /ws/ros_ws/install/robot_msgs/share/robot_msgs/action/PickBottle.action\n'}
[1.455434] (robot_msgs) StdoutLine: {'line': b'-- Up-to-date: /ws/ros_ws/install/robot_msgs/share/robot_msgs/action/HandOver.action\n'}
[1.455528] (robot_msgs) StdoutLine: {'line': b'-- Up-to-date: /ws/ros_ws/install/robot_msgs/share/ament_index/resource_index/package_run_dependencies/robot_msgs\n'}
[1.455637] (robot_msgs) StdoutLine: {'line': b'-- Up-to-date: /ws/ros_ws/install/robot_msgs/share/ament_index/resource_index/parent_prefix_path/robot_msgs\n'}
[1.455879] (robot_msgs) StdoutLine: {'line': b'-- Up-to-date: /ws/ros_ws/install/robot_msgs/share/robot_msgs/environment/ament_prefix_path.sh\n'}
[1.456978] (robot_msgs) StdoutLine: {'line': b'-- Up-to-date: /ws/ros_ws/install/robot_msgs/share/robot_msgs/environment/ament_prefix_path.dsv\n'}
[1.457153] (robot_msgs) StdoutLine: {'line': b'-- Up-to-date: /ws/ros_ws/install/robot_msgs/share/robot_msgs/environment/path.sh\n'}
[1.457389] (robot_msgs) StdoutLine: {'line': b'-- Up-to-date: /ws/ros_ws/install/robot_msgs/share/robot_msgs/environment/path.dsv\n'}
[1.457644] (robot_msgs) StdoutLine: {'line': b'-- Up-to-date: /ws/ros_ws/install/robot_msgs/share/robot_msgs/local_setup.bash\n'}
[1.462153] (robot_msgs) StdoutLine: {'line': b'-- Up-to-date: /ws/ros_ws/install/robot_msgs/share/robot_msgs/local_setup.sh\n'}
[1.462768] (robot_msgs) StdoutLine: {'line': b'-- Up-to-date: /ws/ros_ws/install/robot_msgs/share/robot_msgs/local_setup.zsh\n'}
[1.462997] (robot_msgs) StdoutLine: {'line': b'-- Up-to-date: /ws/ros_ws/install/robot_msgs/share/robot_msgs/local_setup.dsv\n'}
[1.463195] (robot_msgs) StdoutLine: {'line': b'-- Installing: /ws/ros_ws/install/robot_msgs/share/robot_msgs/package.dsv\n'}
[1.463355] (robot_msgs) StdoutLine: {'line': b'-- Up-to-date: /ws/ros_ws/install/robot_msgs/share/ament_index/resource_index/packages/robot_msgs\n'}
[1.463493] (robot_msgs) StdoutLine: {'line': b'-- Up-to-date: /ws/ros_ws/install/robot_msgs/share/robot_msgs/cmake/export_robot_msgs__rosidl_generator_cExport.cmake\n'}
[1.463619] (robot_msgs) StdoutLine: {'line': b'-- Up-to-date: /ws/ros_ws/install/robot_msgs/share/robot_msgs/cmake/export_robot_msgs__rosidl_generator_cExport-noconfig.cmake\n'}
[1.463744] (robot_msgs) StdoutLine: {'line': b'-- Up-to-date: /ws/ros_ws/install/robot_msgs/share/robot_msgs/cmake/export_robot_msgs__rosidl_typesupport_fastrtps_cExport.cmake\n'}
[1.463863] (robot_msgs) StdoutLine: {'line': b'-- Up-to-date: /ws/ros_ws/install/robot_msgs/share/robot_msgs/cmake/export_robot_msgs__rosidl_typesupport_fastrtps_cExport-noconfig.cmake\n'}
[1.463942] (robot_msgs) StdoutLine: {'line': b'-- Up-to-date: /ws/ros_ws/install/robot_msgs/share/robot_msgs/cmake/robot_msgs__rosidl_typesupport_introspection_cExport.cmake\n'}
[1.464107] (robot_msgs) StdoutLine: {'line': b'-- Up-to-date: /ws/ros_ws/install/robot_msgs/share/robot_msgs/cmake/robot_msgs__rosidl_typesupport_introspection_cExport-noconfig.cmake\n'}
[1.464225] (robot_msgs) StdoutLine: {'line': b'-- Up-to-date: /ws/ros_ws/install/robot_msgs/share/robot_msgs/cmake/robot_msgs__rosidl_typesupport_cExport.cmake\n'}
[1.464353] (robot_msgs) StdoutLine: {'line': b'-- Up-to-date: /ws/ros_ws/install/robot_msgs/share/robot_msgs/cmake/robot_msgs__rosidl_typesupport_cExport-noconfig.cmake\n'}
[1.464467] (robot_msgs) StdoutLine: {'line': b'-- Up-to-date: /ws/ros_ws/install/robot_msgs/share/robot_msgs/cmake/export_robot_msgs__rosidl_generator_cppExport.cmake\n'}
[1.464573] (robot_msgs) StdoutLine: {'line': b'-- Up-to-date: /ws/ros_ws/install/robot_msgs/share/robot_msgs/cmake/export_robot_msgs__rosidl_typesupport_fastrtps_cppExport.cmake\n'}
[1.464694] (robot_msgs) StdoutLine: {'line': b'-- Up-to-date: /ws/ros_ws/install/robot_msgs/share/robot_msgs/cmake/export_robot_msgs__rosidl_typesupport_fastrtps_cppExport-noconfig.cmake\n'}
[1.464781] (robot_msgs) StdoutLine: {'line': b'-- Up-to-date: /ws/ros_ws/install/robot_msgs/share/robot_msgs/cmake/robot_msgs__rosidl_typesupport_introspection_cppExport.cmake\n'}
[1.464888] (robot_msgs) StdoutLine: {'line': b'-- Up-to-date: /ws/ros_ws/install/robot_msgs/share/robot_msgs/cmake/robot_msgs__rosidl_typesupport_introspection_cppExport-noconfig.cmake\n'}
[1.465028] (robot_msgs) StdoutLine: {'line': b'-- Up-to-date: /ws/ros_ws/install/robot_msgs/share/robot_msgs/cmake/robot_msgs__rosidl_typesupport_cppExport.cmake\n'}
[1.465251] (robot_msgs) StdoutLine: {'line': b'-- Up-to-date: /ws/ros_ws/install/robot_msgs/share/robot_msgs/cmake/robot_msgs__rosidl_typesupport_cppExport-noconfig.cmake\n'}
[1.468267] (robot_msgs) StdoutLine: {'line': b'-- Up-to-date: /ws/ros_ws/install/robot_msgs/share/robot_msgs/cmake/export_robot_msgs__rosidl_generator_pyExport.cmake\n'}
[1.471195] (robot_msgs) StdoutLine: {'line': b'-- Up-to-date: /ws/ros_ws/install/robot_msgs/share/robot_msgs/cmake/export_robot_msgs__rosidl_generator_pyExport-noconfig.cmake\n'}
[1.471424] (robot_msgs) StdoutLine: {'line': b'-- Up-to-date: /ws/ros_ws/install/robot_msgs/share/robot_msgs/cmake/rosidl_cmake-extras.cmake\n'}
[1.471865] (robot_msgs) StdoutLine: {'line': b'-- Up-to-date: /ws/ros_ws/install/robot_msgs/share/robot_msgs/cmake/ament_cmake_export_dependencies-extras.cmake\n'}
[1.472003] (robot_msgs) StdoutLine: {'line': b'-- Up-to-date: /ws/ros_ws/install/robot_msgs/share/robot_msgs/cmake/ament_cmake_export_include_directories-extras.cmake\n'}
[1.472142] (robot_msgs) StdoutLine: {'line': b'-- Up-to-date: /ws/ros_ws/install/robot_msgs/share/robot_msgs/cmake/ament_cmake_export_libraries-extras.cmake\n'}
[1.472252] (robot_msgs) StdoutLine: {'line': b'-- Up-to-date: /ws/ros_ws/install/robot_msgs/share/robot_msgs/cmake/ament_cmake_export_targets-extras.cmake\n'}
[1.472373] (robot_msgs) StdoutLine: {'line': b'-- Up-to-date: /ws/ros_ws/install/robot_msgs/share/robot_msgs/cmake/rosidl_cmake_export_typesupport_targets-extras.cmake\n'}
[1.472504] (robot_msgs) StdoutLine: {'line': b'-- Up-to-date: /ws/ros_ws/install/robot_msgs/share/robot_msgs/cmake/rosidl_cmake_export_typesupport_libraries-extras.cmake\n'}
[1.472623] (robot_msgs) StdoutLine: {'line': b'-- Up-to-date: /ws/ros_ws/install/robot_msgs/share/robot_msgs/cmake/robot_msgsConfig.cmake\n'}
[1.472723] (robot_msgs) StdoutLine: {'line': b'-- Up-to-date: /ws/ros_ws/install/robot_msgs/share/robot_msgs/cmake/robot_msgsConfig-version.cmake\n'}
[1.472816] (robot_msgs) StdoutLine: {'line': b'-- Up-to-date: /ws/ros_ws/install/robot_msgs/share/robot_msgs/package.xml\n'}
[1.486188] (robot_msgs) CommandEnded: {'returncode': 0}
[1.518076] (-) TimerEvent: {}
[1.565897] (robot_msgs) JobEnded: {'identifier': 'robot_msgs', 'rc': 0}
[1.581116] (robot_nlu) JobStarted: {'identifier': 'robot_nlu'}
[1.589958] (robot_nlu) JobProgress: {'identifier': 'robot_nlu', 'progress': 'cmake'}
[1.590339] (robot_nlu) JobProgress: {'identifier': 'robot_nlu', 'progress': 'build'}
[1.590745] (robot_nlu) Command: {'cmd': ['/usr/bin/cmake', '--build', '/ws/ros_ws/build/robot_nlu', '--', '-j4', '-l4'], 'cwd': '/ws/ros_ws/build/robot_nlu', 'env': OrderedDict([('HOSTNAME', '35f211623a71'), ('SHLVL', '1'), ('LD_LIBRARY_PATH', '/opt/ros/humble/lib/x86_64-linux-gnu:/opt/ros/humble/lib'), ('HOME', '/root'), ('ROS_PYTHON_VERSION', '3'), ('ROS_DISTRO', 'humble'), ('_', '/usr/bin/colcon'), ('ROS_VERSION', '2'), ('ROS_LOCALHOST_ONLY', '0'), ('PATH', '/opt/ros/humble/bin:/usr/local/sbin:/usr/local/bin:/usr/sbin:/usr/bin:/sbin:/bin'), ('LANG', 'C.UTF-8'), ('AMENT_PREFIX_PATH', '/opt/ros/humble'), ('PWD', '/ws/ros_ws/build/robot_nlu'), ('LC_ALL', 'C.UTF-8'), ('PYTHONPATH', '/opt/ros/humble/lib/python3.10/site-packages:/opt/ros/humble/local/lib/python3.10/dist-packages'), ('COLCON', '1'), ('CMAKE_PREFIX_PATH', '/opt/ros/humble')]), 'shell': False}
[1.618241] (-) TimerEvent: {}
[1.718549] (-) TimerEvent: {}
[1.727774] (robot_nlu) StdoutLine: {'line': b'Consolidate compiler generated dependencies of target nlu_parser\n'}
[1.768788] (robot_nlu) StdoutLine: {'line': b'[ 30%] Built target gtest\n'}
[1.772777] (robot_nlu) StdoutLine: {'line': b'[ 10%] Building CXX object CMakeFiles/nlu_parser.dir/src/nlu_parser.cpp.o\n'}
[1.791508] (robot_nlu) StdoutLine: {'line': b'[ 50%] Built target gtest_main\n'}
[1.820142] (-) TimerEvent: {}
[1.920455] (-) TimerEvent: {}
[2.020762] (-) TimerEvent: {}
[2.121088] (-) TimerEvent: {}
[2.223937] (-) TimerEvent: {}
[2.232111] (robot_nlu) StdoutLine: {'line': b'[ 60%] Linking CXX static library libnlu_parser.a\n'}
[2.324105] (-) TimerEvent: {}
[2.327237] (robot_nlu) StdoutLine: {'line': b'[ 60%] Built target nlu_parser\n'}
[2.360492] (robot_nlu) StdoutLine: {'line': b'Consolidate compiler generated dependencies of target nlu_node\n'}
[2.387262] (robot_nlu) StdoutLine: {'line': b'[ 70%] Building CXX object CMakeFiles/nlu_node.dir/src/nlu_node.cpp.o\n'}
[2.397393] (robot_nlu) StdoutLine: {'line': b'Consolidate compiler generated dependencies of target test_nlu_parser\n'}
[2.424260] (-) TimerEvent: {}
[2.455562] (robot_nlu) StdoutLine: {'line': b'[ 80%] Building CXX object CMakeFiles/test_nlu_parser.dir/test/test_nlu_parser.cpp.o\n'}
[2.524411] (-) TimerEvent: {}
[2.624705] (-) TimerEvent: {}
[2.727148] (-) TimerEvent: {}
[2.829138] (-) TimerEvent: {}
[2.929457] (-) TimerEvent: {}
[3.029777] (-) TimerEvent: {}
[3.130089] (-) TimerEvent: {}
[3.230365] (-) TimerEvent: {}
[3.332138] (-) TimerEvent: {}
[3.434188] (-) TimerEvent: {}
[3.534453] (-) TimerEvent: {}
[3.634745] (-) TimerEvent: {}
[3.735055] (-) TimerEvent: {}
[3.810114] (robot_nav) StdoutLine: {'line': b'[ 90%] Linking CXX executable test_location_manager\n'}
[3.838132] (-) TimerEvent: {}
[3.938412] (-) TimerEvent: {}
[4.038681] (-) TimerEvent: {}
[4.040359] (robot_base) StdoutLine: {'line': b'[ 91%] Linking CXX executable test_timeout_brake\n'}
[4.138842] (-) TimerEvent: {}
[4.239125] (-) TimerEvent: {}
[4.339409] (-) TimerEvent: {}
[4.410973] (robot_nav) StdoutLine: {'line': b'[ 90%] Built target test_location_manager\n'}
[4.423192] (robot_base) StdoutLine: {'line': b'[ 91%] Built target test_timeout_brake\n'}
[4.439565] (-) TimerEvent: {}
[4.539879] (-) TimerEvent: {}
[4.640200] (-) TimerEvent: {}
[4.740533] (-) TimerEvent: {}
[4.841127] (-) TimerEvent: {}
[4.908321] (robot_nlu) StdoutLine: {'line': b'[ 90%] Linking CXX executable test_nlu_parser\n'}
[4.941264] (-) TimerEvent: {}
[5.041522] (-) TimerEvent: {}
[5.141808] (-) TimerEvent: {}
[5.188102] (robot_nlu) StdoutLine: {'line': b'[ 90%] Built target test_nlu_parser\n'}
[5.241970] (-) TimerEvent: {}
[5.342289] (-) TimerEvent: {}
[5.442629] (-) TimerEvent: {}
[5.542948] (-) TimerEvent: {}
[5.644136] (-) TimerEvent: {}
[5.744441] (-) TimerEvent: {}
[5.844765] (-) TimerEvent: {}
[5.945111] (-) TimerEvent: {}
[6.046135] (-) TimerEvent: {}
[6.146445] (-) TimerEvent: {}
[6.246777] (-) TimerEvent: {}
[6.347136] (-) TimerEvent: {}
[6.448146] (-) TimerEvent: {}
[6.548482] (-) TimerEvent: {}
[6.648785] (-) TimerEvent: {}
[6.749124] (-) TimerEvent: {}
[6.850134] (-) TimerEvent: {}
[6.950432] (-) TimerEvent: {}
[7.050732] (-) TimerEvent: {}
[7.151058] (-) TimerEvent: {}
[7.190122] (robot_nav) StdoutLine: {'line': b'[100%] Linking CXX executable nav_server_node\n'}
[7.251140] (-) TimerEvent: {}
[7.351457] (-) TimerEvent: {}
[7.443907] (robot_nav) StdoutLine: {'line': b'[100%] Built target nav_server_node\n'}
[7.452102] (-) TimerEvent: {}
[7.460886] (robot_nav) CommandEnded: {'returncode': 0}
[7.462505] (robot_nav) JobProgress: {'identifier': 'robot_nav', 'progress': 'install'}
[7.465362] (robot_nav) Command: {'cmd': ['/usr/bin/cmake', '--install', '/ws/ros_ws/build/robot_nav'], 'cwd': '/ws/ros_ws/build/robot_nav', 'env': OrderedDict([('HOSTNAME', '35f211623a71'), ('SHLVL', '1'), ('LD_LIBRARY_PATH', '/opt/ros/humble/lib/x86_64-linux-gnu:/opt/ros/humble/lib'), ('HOME', '/root'), ('ROS_PYTHON_VERSION', '3'), ('ROS_DISTRO', 'humble'), ('_', '/usr/bin/colcon'), ('ROS_VERSION', '2'), ('ROS_LOCALHOST_ONLY', '0'), ('PATH', '/opt/ros/humble/bin:/usr/local/sbin:/usr/local/bin:/usr/sbin:/usr/bin:/sbin:/bin'), ('LANG', 'C.UTF-8'), ('AMENT_PREFIX_PATH', '/opt/ros/humble'), ('PWD', '/ws/ros_ws/build/robot_nav'), ('LC_ALL', 'C.UTF-8'), ('PYTHONPATH', '/opt/ros/humble/lib/python3.10/site-packages:/opt/ros/humble/local/lib/python3.10/dist-packages'), ('COLCON', '1'), ('CMAKE_PREFIX_PATH', '/opt/ros/humble')]), 'shell': False}
[7.476312] (robot_nav) StdoutLine: {'line': b'-- Install configuration: ""\n'}
[7.480032] (robot_nav) StdoutLine: {'line': b'-- Installing: /ws/ros_ws/install/robot_nav/lib/robot_nav/nav_server_node\n'}
[7.483082] (robot_nav) StdoutLine: {'line': b'-- Set runtime path of "/ws/ros_ws/install/robot_nav/lib/robot_nav/nav_server_node" to ""\n'}
[7.484081] (robot_nav) StdoutLine: {'line': b'-- Up-to-date: /ws/ros_ws/install/robot_nav/include\n'}
[7.484274] (robot_nav) StdoutLine: {'line': b'-- Up-to-date: /ws/ros_ws/install/robot_nav/include/robot_nav\n'}
[7.484382] (robot_nav) StdoutLine: {'line': b'-- Installing: /ws/ros_ws/install/robot_nav/include/robot_nav/location_manager.hpp\n'}
[7.486813] (robot_nav) StdoutLine: {'line': b'-- Up-to-date: /ws/ros_ws/install/robot_nav/share/ament_index/resource_index/package_run_dependencies/robot_nav\n'}
[7.486990] (robot_nav) StdoutLine: {'line': b'-- Up-to-date: /ws/ros_ws/install/robot_nav/share/ament_index/resource_index/parent_prefix_path/robot_nav\n'}
[7.487108] (robot_nav) StdoutLine: {'line': b'-- Up-to-date: /ws/ros_ws/install/robot_nav/share/robot_nav/environment/ament_prefix_path.sh\n'}
[7.487825] (robot_nav) StdoutLine: {'line': b'-- Up-to-date: /ws/ros_ws/install/robot_nav/share/robot_nav/environment/ament_prefix_path.dsv\n'}
[7.487920] (robot_nav) StdoutLine: {'line': b'-- Up-to-date: /ws/ros_ws/install/robot_nav/share/robot_nav/environment/path.sh\n'}
[7.488952] (robot_nav) StdoutLine: {'line': b'-- Up-to-date: /ws/ros_ws/install/robot_nav/share/robot_nav/environment/path.dsv\n'}
[7.489506] (robot_nav) StdoutLine: {'line': b'-- Up-to-date: /ws/ros_ws/install/robot_nav/share/robot_nav/local_setup.bash\n'}
[7.491088] (robot_nav) StdoutLine: {'line': b'-- Up-to-date: /ws/ros_ws/install/robot_nav/share/robot_nav/local_setup.sh\n'}
[7.491488] (robot_nav) StdoutLine: {'line': b'-- Up-to-date: /ws/ros_ws/install/robot_nav/share/robot_nav/local_setup.zsh\n'}
[7.491830] (robot_nav) StdoutLine: {'line': b'-- Up-to-date: /ws/ros_ws/install/robot_nav/share/robot_nav/local_setup.dsv\n'}
[7.492260] (robot_nav) StdoutLine: {'line': b'-- Installing: /ws/ros_ws/install/robot_nav/share/robot_nav/package.dsv\n'}
[7.492614] (robot_nav) StdoutLine: {'line': b'-- Up-to-date: /ws/ros_ws/install/robot_nav/share/ament_index/resource_index/packages/robot_nav\n'}
[7.493222] (robot_nav) StdoutLine: {'line': b'-- Up-to-date: /ws/ros_ws/install/robot_nav/share/robot_nav/cmake/robot_navConfig.cmake\n'}
[7.493362] (robot_nav) StdoutLine: {'line': b'-- Up-to-date: /ws/ros_ws/install/robot_nav/share/robot_nav/cmake/robot_navConfig-version.cmake\n'}
[7.493803] (robot_nav) StdoutLine: {'line': b'-- Up-to-date: /ws/ros_ws/install/robot_nav/share/robot_nav/package.xml\n'}
[7.496418] (robot_nav) CommandEnded: {'returncode': 0}
[7.513208] (robot_nav) JobEnded: {'identifier': 'robot_nav', 'rc': 0}
[7.514977] (robot_safety) JobStarted: {'identifier': 'robot_safety'}
[7.526034] (robot_safety) JobProgress: {'identifier': 'robot_safety', 'progress': 'cmake'}
[7.526925] (robot_safety) JobProgress: {'identifier': 'robot_safety', 'progress': 'build'}
[7.527386] (robot_safety) Command: {'cmd': ['/usr/bin/cmake', '--build', '/ws/ros_ws/build/robot_safety', '--', '-j4', '-l4'], 'cwd': '/ws/ros_ws/build/robot_safety', 'env': OrderedDict([('HOSTNAME', '35f211623a71'), ('SHLVL', '1'), ('LD_LIBRARY_PATH', '/opt/ros/humble/lib/x86_64-linux-gnu:/opt/ros/humble/lib'), ('HOME', '/root'), ('ROS_PYTHON_VERSION', '3'), ('ROS_DISTRO', 'humble'), ('_', '/usr/bin/colcon'), ('ROS_VERSION', '2'), ('ROS_LOCALHOST_ONLY', '0'), ('PATH', '/opt/ros/humble/bin:/usr/local/sbin:/usr/local/bin:/usr/sbin:/usr/bin:/sbin:/bin'), ('LANG', 'C.UTF-8'), ('AMENT_PREFIX_PATH', '/opt/ros/humble'), ('PWD', '/ws/ros_ws/build/robot_safety'), ('LC_ALL', 'C.UTF-8'), ('PYTHONPATH', '/opt/ros/humble/lib/python3.10/site-packages:/opt/ros/humble/local/lib/python3.10/dist-packages'), ('COLCON', '1'), ('CMAKE_PREFIX_PATH', '/opt/ros/humble')]), 'shell': False}
[7.538669] (robot_manipulation) StdoutLine: {'line': b'[100%] Linking CXX executable manipulation_node\n'}
[7.553134] (-) TimerEvent: {}
[7.591592] (robot_safety) StdoutLine: {'line': b'Consolidate compiler generated dependencies of target safety_node\n'}
[7.615537] (robot_safety) StdoutLine: {'line': b'[ 50%] Building CXX object CMakeFiles/safety_node.dir/src/safety_node.cpp.o\n'}
[7.653295] (-) TimerEvent: {}
[7.754124] (-) TimerEvent: {}
[7.764216] (robot_manipulation) StdoutLine: {'line': b'[100%] Built target manipulation_node\n'}
[7.837141] (robot_manipulation) CommandEnded: {'returncode': 0}
[7.837600] (robot_manipulation) JobProgress: {'identifier': 'robot_manipulation', 'progress': 'install'}
[7.837634] (robot_manipulation) Command: {'cmd': ['/usr/bin/cmake', '--install', '/ws/ros_ws/build/robot_manipulation'], 'cwd': '/ws/ros_ws/build/robot_manipulation', 'env': OrderedDict([('HOSTNAME', '35f211623a71'), ('SHLVL', '1'), ('LD_LIBRARY_PATH', '/opt/ros/humble/lib/x86_64-linux-gnu:/opt/ros/humble/lib'), ('HOME', '/root'), ('ROS_PYTHON_VERSION', '3'), ('ROS_DISTRO', 'humble'), ('_', '/usr/bin/colcon'), ('ROS_VERSION', '2'), ('ROS_LOCALHOST_ONLY', '0'), ('PATH', '/opt/ros/humble/bin:/usr/local/sbin:/usr/local/bin:/usr/sbin:/usr/bin:/sbin:/bin'), ('LANG', 'C.UTF-8'), ('AMENT_PREFIX_PATH', '/opt/ros/humble'), ('PWD', '/ws/ros_ws/build/robot_manipulation'), ('LC_ALL', 'C.UTF-8'), ('PYTHONPATH', '/opt/ros/humble/lib/python3.10/site-packages:/opt/ros/humble/local/lib/python3.10/dist-packages'), ('COLCON', '1'), ('CMAKE_PREFIX_PATH', '/opt/ros/humble')]), 'shell': False}
[7.850366] (robot_manipulation) StdoutLine: {'line': b'-- Install configuration: ""\n'}
[7.850636] (robot_manipulation) StdoutLine: {'line': b'-- Installing: /ws/ros_ws/install/robot_manipulation/lib/robot_manipulation/manipulation_node\n'}
[7.851747] (robot_manipulation) StdoutLine: {'line': b'-- Set runtime path of "/ws/ros_ws/install/robot_manipulation/lib/robot_manipulation/manipulation_node" to ""\n'}
[7.852314] (robot_manipulation) StdoutLine: {'line': b'-- Up-to-date: /ws/ros_ws/install/robot_manipulation/share/ament_index/resource_index/package_run_dependencies/robot_manipulation\n'}
[7.852980] (robot_manipulation) StdoutLine: {'line': b'-- Up-to-date: /ws/ros_ws/install/robot_manipulation/share/ament_index/resource_index/parent_prefix_path/robot_manipulation\n'}
[7.854246] (-) TimerEvent: {}
[7.854662] (robot_manipulation) StdoutLine: {'line': b'-- Up-to-date: /ws/ros_ws/install/robot_manipulation/share/robot_manipulation/environment/ament_prefix_path.sh\n'}
[7.856320] (robot_manipulation) StdoutLine: {'line': b'-- Up-to-date: /ws/ros_ws/install/robot_manipulation/share/robot_manipulation/environment/ament_prefix_path.dsv\n'}
[7.856747] (robot_manipulation) StdoutLine: {'line': b'-- Up-to-date: /ws/ros_ws/install/robot_manipulation/share/robot_manipulation/environment/path.sh\n'}
[7.856940] (robot_manipulation) StdoutLine: {'line': b'-- Up-to-date: /ws/ros_ws/install/robot_manipulation/share/robot_manipulation/environment/path.dsv\n'}
[7.857095] (robot_manipulation) StdoutLine: {'line': b'-- Up-to-date: /ws/ros_ws/install/robot_manipulation/share/robot_manipulation/local_setup.bash\n'}
[7.857213] (robot_manipulation) StdoutLine: {'line': b'-- Up-to-date: /ws/ros_ws/install/robot_manipulation/share/robot_manipulation/local_setup.sh\n'}
[7.859169] (robot_manipulation) StdoutLine: {'line': b'-- Up-to-date: /ws/ros_ws/install/robot_manipulation/share/robot_manipulation/local_setup.zsh\n'}
[7.859324] (robot_manipulation) StdoutLine: {'line': b'-- Up-to-date: /ws/ros_ws/install/robot_manipulation/share/robot_manipulation/local_setup.dsv\n'}
[7.859451] (robot_manipulation) StdoutLine: {'line': b'-- Installing: /ws/ros_ws/install/robot_manipulation/share/robot_manipulation/package.dsv\n'}
[7.859631] (robot_manipulation) StdoutLine: {'line': b'-- Up-to-date: /ws/ros_ws/install/robot_manipulation/share/ament_index/resource_index/packages/robot_manipulation\n'}
[7.859809] (robot_manipulation) StdoutLine: {'line': b'-- Up-to-date: /ws/ros_ws/install/robot_manipulation/share/robot_manipulation/cmake/robot_manipulationConfig.cmake\n'}
[7.859982] (robot_manipulation) StdoutLine: {'line': b'-- Up-to-date: /ws/ros_ws/install/robot_manipulation/share/robot_manipulation/cmake/robot_manipulationConfig-version.cmake\n'}
[7.860188] (robot_manipulation) StdoutLine: {'line': b'-- Up-to-date: /ws/ros_ws/install/robot_manipulation/share/robot_manipulation/package.xml\n'}
[7.861537] (robot_manipulation) CommandEnded: {'returncode': 0}
[7.877672] (robot_manipulation) JobEnded: {'identifier': 'robot_manipulation', 'rc': 0}
[7.879278] (robot_voice) JobStarted: {'identifier': 'robot_voice'}
[7.888440] (robot_voice) JobProgress: {'identifier': 'robot_voice', 'progress': 'cmake'}
[7.889456] (robot_voice) JobProgress: {'identifier': 'robot_voice', 'progress': 'build'}
[7.889896] (robot_voice) Command: {'cmd': ['/usr/bin/cmake', '--build', '/ws/ros_ws/build/robot_voice', '--', '-j4', '-l4'], 'cwd': '/ws/ros_ws/build/robot_voice', 'env': OrderedDict([('HOSTNAME', '35f211623a71'), ('SHLVL', '1'), ('LD_LIBRARY_PATH', '/opt/ros/humble/lib/x86_64-linux-gnu:/opt/ros/humble/lib'), ('HOME', '/root'), ('ROS_PYTHON_VERSION', '3'), ('ROS_DISTRO', 'humble'), ('_', '/usr/bin/colcon'), ('ROS_VERSION', '2'), ('ROS_LOCALHOST_ONLY', '0'), ('PATH', '/opt/ros/humble/bin:/usr/local/sbin:/usr/local/bin:/usr/sbin:/usr/bin:/sbin:/bin'), ('LANG', 'C.UTF-8'), ('AMENT_PREFIX_PATH', '/opt/ros/humble'), ('PWD', '/ws/ros_ws/build/robot_voice'), ('LC_ALL', 'C.UTF-8'), ('PYTHONPATH', '/opt/ros/humble/lib/python3.10/site-packages:/opt/ros/humble/local/lib/python3.10/dist-packages'), ('COLCON', '1'), ('CMAKE_PREFIX_PATH', '/opt/ros/humble')]), 'shell': False}
[7.954396] (-) TimerEvent: {}
[7.963213] (robot_voice) StdoutLine: {'line': b'Consolidate compiler generated dependencies of target voice_bridge_node\n'}
[7.988332] (robot_voice) StdoutLine: {'line': b'[ 50%] Building CXX object CMakeFiles/voice_bridge_node.dir/src/voice_bridge_node.cpp.o\n'}
[8.054537] (-) TimerEvent: {}
[8.154817] (-) TimerEvent: {}
[8.255133] (-) TimerEvent: {}
[8.355427] (-) TimerEvent: {}
[8.456134] (-) TimerEvent: {}
[8.556432] (-) TimerEvent: {}
[8.657122] (-) TimerEvent: {}
[8.757428] (-) TimerEvent: {}
[8.857735] (-) TimerEvent: {}
[8.958119] (-) TimerEvent: {}
[9.059150] (-) TimerEvent: {}
[9.159484] (-) TimerEvent: {}
[9.259810] (-) TimerEvent: {}
[9.360126] (-) TimerEvent: {}
[9.460445] (-) TimerEvent: {}
[9.561145] (-) TimerEvent: {}
[9.661465] (-) TimerEvent: {}
[9.762150] (-) TimerEvent: {}
[9.862481] (-) TimerEvent: {}
[9.963134] (-) TimerEvent: {}
[10.063466] (-) TimerEvent: {}
[10.164143] (-) TimerEvent: {}
[10.264451] (-) TimerEvent: {}
[10.365125] (-) TimerEvent: {}
[10.465424] (-) TimerEvent: {}
[10.566131] (-) TimerEvent: {}
[10.666445] (-) TimerEvent: {}
[10.767141] (-) TimerEvent: {}
[10.867471] (-) TimerEvent: {}
[10.968144] (-) TimerEvent: {}
[11.068473] (-) TimerEvent: {}
[11.168802] (-) TimerEvent: {}
[11.269129] (-) TimerEvent: {}
[11.369433] (-) TimerEvent: {}
[11.469728] (-) TimerEvent: {}
[11.570029] (-) TimerEvent: {}
[11.671140] (-) TimerEvent: {}
[11.771444] (-) TimerEvent: {}
[11.871734] (-) TimerEvent: {}
[11.972047] (-) TimerEvent: {}
[12.073122] (-) TimerEvent: {}
[12.173402] (-) TimerEvent: {}
[12.273706] (-) TimerEvent: {}
[12.374002] (-) TimerEvent: {}
[12.474284] (-) TimerEvent: {}
[12.575136] (-) TimerEvent: {}
[12.675434] (-) TimerEvent: {}
[12.775737] (-) TimerEvent: {}
[12.876054] (-) TimerEvent: {}
[12.977132] (-) TimerEvent: {}
[13.077426] (-) TimerEvent: {}
[13.177710] (-) TimerEvent: {}
[13.277982] (-) TimerEvent: {}
[13.379119] (-) TimerEvent: {}
[13.479389] (-) TimerEvent: {}
[13.579664] (-) TimerEvent: {}
[13.679991] (-) TimerEvent: {}
[13.781136] (-) TimerEvent: {}
[13.881444] (-) TimerEvent: {}
[13.981739] (-) TimerEvent: {}
[14.082071] (-) TimerEvent: {}
[14.182379] (-) TimerEvent: {}
[14.282690] (-) TimerEvent: {}
[14.383130] (-) TimerEvent: {}
[14.483452] (-) TimerEvent: {}
[14.584139] (-) TimerEvent: {}
[14.684456] (-) TimerEvent: {}
[14.785140] (-) TimerEvent: {}
[14.830586] (robot_nlu) StdoutLine: {'line': b'[100%] Linking CXX executable nlu_node\n'}
[14.885308] (-) TimerEvent: {}
[14.985594] (-) TimerEvent: {}
[15.016065] (robot_base) StdoutLine: {'line': b'[100%] Linking CXX executable base_driver_node\n'}
[15.086134] (-) TimerEvent: {}
[15.186437] (-) TimerEvent: {}
[15.287126] (-) TimerEvent: {}
[15.343472] (robot_nlu) StdoutLine: {'line': b'[100%] Built target nlu_node\n'}
[15.362232] (robot_nlu) CommandEnded: {'returncode': 0}
[15.363294] (robot_nlu) JobProgress: {'identifier': 'robot_nlu', 'progress': 'install'}
[15.363703] (robot_nlu) Command: {'cmd': ['/usr/bin/cmake', '--install', '/ws/ros_ws/build/robot_nlu'], 'cwd': '/ws/ros_ws/build/robot_nlu', 'env': OrderedDict([('HOSTNAME', '35f211623a71'), ('SHLVL', '1'), ('LD_LIBRARY_PATH', '/opt/ros/humble/lib/x86_64-linux-gnu:/opt/ros/humble/lib'), ('HOME', '/root'), ('ROS_PYTHON_VERSION', '3'), ('ROS_DISTRO', 'humble'), ('_', '/usr/bin/colcon'), ('ROS_VERSION', '2'), ('ROS_LOCALHOST_ONLY', '0'), ('PATH', '/opt/ros/humble/bin:/usr/local/sbin:/usr/local/bin:/usr/sbin:/usr/bin:/sbin:/bin'), ('LANG', 'C.UTF-8'), ('AMENT_PREFIX_PATH', '/opt/ros/humble'), ('PWD', '/ws/ros_ws/build/robot_nlu'), ('LC_ALL', 'C.UTF-8'), ('PYTHONPATH', '/opt/ros/humble/lib/python3.10/site-packages:/opt/ros/humble/local/lib/python3.10/dist-packages'), ('COLCON', '1'), ('CMAKE_PREFIX_PATH', '/opt/ros/humble')]), 'shell': False}
[15.377501] (robot_nlu) StdoutLine: {'line': b'-- Install configuration: ""\n'}
[15.378563] (robot_nlu) StdoutLine: {'line': b'-- Installing: /ws/ros_ws/install/robot_nlu/lib/robot_nlu/nlu_node\n'}
[15.385618] (robot_nlu) StdoutLine: {'line': b'-- Set runtime path of "/ws/ros_ws/install/robot_nlu/lib/robot_nlu/nlu_node" to ""\n'}
[15.385905] (robot_nlu) StdoutLine: {'line': b'-- Installing: /ws/ros_ws/install/robot_nlu/lib/robot_nlu/libnlu_parser.a\n'}
[15.386724] (robot_nlu) StdoutLine: {'line': b'-- Up-to-date: /ws/ros_ws/install/robot_nlu/include\n'}
[15.388070] (-) TimerEvent: {}
[15.388347] (robot_nlu) StdoutLine: {'line': b'-- Up-to-date: /ws/ros_ws/install/robot_nlu/include/robot_nlu\n'}
[15.388510] (robot_nlu) StdoutLine: {'line': b'-- Installing: /ws/ros_ws/install/robot_nlu/include/robot_nlu/nlu_parser.hpp\n'}
[15.388601] (robot_nlu) StdoutLine: {'line': b'-- Up-to-date: /ws/ros_ws/install/robot_nlu/share/ament_index/resource_index/package_run_dependencies/robot_nlu\n'}
[15.388665] (robot_nlu) StdoutLine: {'line': b'-- Up-to-date: /ws/ros_ws/install/robot_nlu/share/ament_index/resource_index/parent_prefix_path/robot_nlu\n'}
[15.388718] (robot_nlu) StdoutLine: {'line': b'-- Up-to-date: /ws/ros_ws/install/robot_nlu/share/robot_nlu/environment/ament_prefix_path.sh\n'}
[15.388775] (robot_nlu) StdoutLine: {'line': b'-- Up-to-date: /ws/ros_ws/install/robot_nlu/share/robot_nlu/environment/ament_prefix_path.dsv\n'}
[15.388826] (robot_nlu) StdoutLine: {'line': b'-- Up-to-date: /ws/ros_ws/install/robot_nlu/share/robot_nlu/environment/path.sh\n'}
[15.388884] (robot_nlu) StdoutLine: {'line': b'-- Up-to-date: /ws/ros_ws/install/robot_nlu/share/robot_nlu/environment/path.dsv\n'}
[15.388939] (robot_nlu) StdoutLine: {'line': b'-- Up-to-date: /ws/ros_ws/install/robot_nlu/share/robot_nlu/local_setup.bash\n'}
[15.388996] (robot_nlu) StdoutLine: {'line': b'-- Up-to-date: /ws/ros_ws/install/robot_nlu/share/robot_nlu/local_setup.sh\n'}
[15.389157] (robot_nlu) StdoutLine: {'line': b'-- Up-to-date: /ws/ros_ws/install/robot_nlu/share/robot_nlu/local_setup.zsh\n'}
[15.389478] (robot_nlu) StdoutLine: {'line': b'-- Up-to-date: /ws/ros_ws/install/robot_nlu/share/robot_nlu/local_setup.dsv\n'}
[15.389874] (robot_nlu) StdoutLine: {'line': b'-- Installing: /ws/ros_ws/install/robot_nlu/share/robot_nlu/package.dsv\n'}
[15.390307] (robot_nlu) StdoutLine: {'line': b'-- Up-to-date: /ws/ros_ws/install/robot_nlu/share/ament_index/resource_index/packages/robot_nlu\n'}
[15.390683] (robot_nlu) StdoutLine: {'line': b'-- Up-to-date: /ws/ros_ws/install/robot_nlu/share/robot_nlu/cmake/robot_nluConfig.cmake\n'}
[15.390958] (robot_nlu) StdoutLine: {'line': b'-- Up-to-date: /ws/ros_ws/install/robot_nlu/share/robot_nlu/cmake/robot_nluConfig-version.cmake\n'}
[15.392199] (robot_nlu) StdoutLine: {'line': b'-- Up-to-date: /ws/ros_ws/install/robot_nlu/share/robot_nlu/package.xml\n'}
[15.394785] (robot_nlu) CommandEnded: {'returncode': 0}
[15.450148] (robot_nlu) JobEnded: {'identifier': 'robot_nlu', 'rc': 0}
[15.451146] (robot_executor) JobStarted: {'identifier': 'robot_executor'}
[15.462591] (robot_executor) JobProgress: {'identifier': 'robot_executor', 'progress': 'cmake'}
[15.464076] (robot_executor) JobProgress: {'identifier': 'robot_executor', 'progress': 'build'}
[15.464821] (robot_executor) Command: {'cmd': ['/usr/bin/cmake', '--build', '/ws/ros_ws/build/robot_executor', '--', '-j4', '-l4'], 'cwd': '/ws/ros_ws/build/robot_executor', 'env': OrderedDict([('HOSTNAME', '35f211623a71'), ('ROS_PACKAGE_PATH', '/ws/ros_ws/install/robot_msgs/share'), ('SHLVL', '1'), ('LD_LIBRARY_PATH', '/ws/ros_ws/install/robot_msgs/lib:/opt/ros/humble/lib/x86_64-linux-gnu:/opt/ros/humble/lib'), ('HOME', '/root'), ('ROS_PYTHON_VERSION', '3'), ('ROS_DISTRO', 'humble'), ('_', '/usr/bin/colcon'), ('ROS_VERSION', '2'), ('PKG_CONFIG_PATH', '/ws/ros_ws/install/robot_msgs/lib/x86_64-linux-gnu/pkgconfig:/ws/ros_ws/install/robot_msgs/lib/pkgconfig'), ('ROS_LOCALHOST_ONLY', '0'), ('PATH', '/opt/ros/humble/bin:/usr/local/sbin:/usr/local/bin:/usr/sbin:/usr/bin:/sbin:/bin'), ('LANG', 'C.UTF-8'), ('AMENT_PREFIX_PATH', '/opt/ros/humble'), ('PWD', '/ws/ros_ws/build/robot_executor'), ('LC_ALL', 'C.UTF-8'), ('PYTHONPATH', '/ws/ros_ws/install/robot_msgs/local/lib/python3.10/dist-packages:/opt/ros/humble/lib/python3.10/site-packages:/opt/ros/humble/local/lib/python3.10/dist-packages'), ('COLCON', '1'), ('CMAKE_PREFIX_PATH', '/opt/ros/humble:/ws/ros_ws/install/robot_msgs')]), 'shell': False}
[15.488263] (-) TimerEvent: {}
[15.554001] (robot_executor) StdoutLine: {'line': b'Consolidate compiler generated dependencies of target executor_node\n'}
[15.578945] (robot_executor) StdoutLine: {'line': b'[ 50%] Building CXX object CMakeFiles/executor_node.dir/src/executor_node.cpp.o\n'}
[15.588402] (-) TimerEvent: {}
[15.677490] (robot_base) StdoutLine: {'line': b'[100%] Built target base_driver_node\n'}
[15.688535] (-) TimerEvent: {}
[15.694400] (robot_base) CommandEnded: {'returncode': 0}
[15.695507] (robot_base) JobProgress: {'identifier': 'robot_base', 'progress': 'install'}
[15.695882] (robot_base) Command: {'cmd': ['/usr/bin/cmake', '--install', '/ws/ros_ws/build/robot_base'], 'cwd': '/ws/ros_ws/build/robot_base', 'env': OrderedDict([('HOSTNAME', '35f211623a71'), ('SHLVL', '1'), ('LD_LIBRARY_PATH', '/opt/ros/humble/lib/x86_64-linux-gnu:/opt/ros/humble/lib'), ('HOME', '/root'), ('ROS_PYTHON_VERSION', '3'), ('ROS_DISTRO', 'humble'), ('_', '/usr/bin/colcon'), ('ROS_VERSION', '2'), ('ROS_LOCALHOST_ONLY', '0'), ('PATH', '/opt/ros/humble/bin:/usr/local/sbin:/usr/local/bin:/usr/sbin:/usr/bin:/sbin:/bin'), ('LANG', 'C.UTF-8'), ('AMENT_PREFIX_PATH', '/opt/ros/humble'), ('PWD', '/ws/ros_ws/build/robot_base'), ('LC_ALL', 'C.UTF-8'), ('PYTHONPATH', '/opt/ros/humble/lib/python3.10/site-packages:/opt/ros/humble/local/lib/python3.10/dist-packages'), ('COLCON', '1'), ('CMAKE_PREFIX_PATH', '/opt/ros/humble')]), 'shell': False}
[15.710404] (robot_base) StdoutLine: {'line': b'-- Install configuration: ""\n'}
[15.714165] (robot_base) StdoutLine: {'line': b'-- Installing: /ws/ros_ws/install/robot_base/lib/robot_base/base_driver_node\n'}
[15.717907] (robot_base) StdoutLine: {'line': b'-- Set runtime path of "/ws/ros_ws/install/robot_base/lib/robot_base/base_driver_node" to ""\n'}
[15.718421] (robot_base) StdoutLine: {'line': b'-- Installing: /ws/ros_ws/install/robot_base/lib/robot_base/libserial_interface_stub.a\n'}
[15.721336] (robot_base) StdoutLine: {'line': b'-- Installing: /ws/ros_ws/install/robot_base/lib/robot_base/libbase_safety_utils.a\n'}
[15.721557] (robot_base) StdoutLine: {'line': b'-- Up-to-date: /ws/ros_ws/install/robot_base/include\n'}
[15.721624] (robot_base) StdoutLine: {'line': b'-- Up-to-date: /ws/ros_ws/install/robot_base/include/robot_base\n'}
[15.721668] (robot_base) StdoutLine: {'line': b'-- Installing: /ws/ros_ws/install/robot_base/include/robot_base/safety_utils.hpp\n'}
[15.721711] (robot_base) StdoutLine: {'line': b'-- Installing: /ws/ros_ws/install/robot_base/include/robot_base/serial_interface.hpp\n'}
[15.721753] (robot_base) StdoutLine: {'line': b'-- Up-to-date: /ws/ros_ws/install/robot_base/share/ament_index/resource_index/package_run_dependencies/robot_base\n'}
[15.721795] (robot_base) StdoutLine: {'line': b'-- Up-to-date: /ws/ros_ws/install/robot_base/share/ament_index/resource_index/parent_prefix_path/robot_base\n'}
[15.721833] (robot_base) StdoutLine: {'line': b'-- Up-to-date: /ws/ros_ws/install/robot_base/share/robot_base/environment/ament_prefix_path.sh\n'}
[15.721874] (robot_base) StdoutLine: {'line': b'-- Up-to-date: /ws/ros_ws/install/robot_base/share/robot_base/environment/ament_prefix_path.dsv\n'}
[15.721918] (robot_base) StdoutLine: {'line': b'-- Up-to-date: /ws/ros_ws/install/robot_base/share/robot_base/environment/path.sh\n'}
[15.721966] (robot_base) StdoutLine: {'line': b'-- Up-to-date: /ws/ros_ws/install/robot_base/share/robot_base/environment/path.dsv\n'}
[15.722022] (robot_base) StdoutLine: {'line': b'-- Up-to-date: /ws/ros_ws/install/robot_base/share/robot_base/local_setup.bash\n'}
[15.722076] (robot_base) StdoutLine: {'line': b'-- Up-to-date: /ws/ros_ws/install/robot_base/share/robot_base/local_setup.sh\n'}
[15.722115] (robot_base) StdoutLine: {'line': b'-- Up-to-date: /ws/ros_ws/install/robot_base/share/robot_base/local_setup.zsh\n'}
[15.722153] (robot_base) StdoutLine: {'line': b'-- Up-to-date: /ws/ros_ws/install/robot_base/share/robot_base/local_setup.dsv\n'}
[15.722201] (robot_base) StdoutLine: {'line': b'-- Installing: /ws/ros_ws/install/robot_base/share/robot_base/package.dsv\n'}
[15.722240] (robot_base) StdoutLine: {'line': b'-- Up-to-date: /ws/ros_ws/install/robot_base/share/ament_index/resource_index/packages/robot_base\n'}
[15.722465] (robot_base) StdoutLine: {'line': b'-- Up-to-date: /ws/ros_ws/install/robot_base/share/robot_base/cmake/robot_baseConfig.cmake\n'}
[15.722762] (robot_base) StdoutLine: {'line': b'-- Up-to-date: /ws/ros_ws/install/robot_base/share/robot_base/cmake/robot_baseConfig-version.cmake\n'}
[15.723125] (robot_base) StdoutLine: {'line': b'-- Up-to-date: /ws/ros_ws/install/robot_base/share/robot_base/package.xml\n'}
[15.725988] (robot_base) CommandEnded: {'returncode': 0}
[15.742755] (robot_base) JobEnded: {'identifier': 'robot_base', 'rc': 0}
[15.744047] (robot_identity) JobStarted: {'identifier': 'robot_identity'}
[15.759951] (robot_identity) JobProgress: {'identifier': 'robot_identity', 'progress': 'cmake'}
[15.761131] (robot_identity) JobProgress: {'identifier': 'robot_identity', 'progress': 'build'}
[15.761575] (robot_identity) Command: {'cmd': ['/usr/bin/cmake', '--build', '/ws/ros_ws/build/robot_identity', '--', '-j4', '-l4'], 'cwd': '/ws/ros_ws/build/robot_identity', 'env': OrderedDict([('HOSTNAME', '35f211623a71'), ('ROS_PACKAGE_PATH', '/ws/ros_ws/install/robot_msgs/share'), ('SHLVL', '1'), ('LD_LIBRARY_PATH', '/ws/ros_ws/install/robot_msgs/lib:/opt/ros/humble/lib/x86_64-linux-gnu:/opt/ros/humble/lib'), ('HOME', '/root'), ('ROS_PYTHON_VERSION', '3'), ('ROS_DISTRO', 'humble'), ('_', '/usr/bin/colcon'), ('ROS_VERSION', '2'), ('PKG_CONFIG_PATH', '/ws/ros_ws/install/robot_msgs/lib/x86_64-linux-gnu/pkgconfig:/ws/ros_ws/install/robot_msgs/lib/pkgconfig'), ('ROS_LOCALHOST_ONLY', '0'), ('PATH', '/opt/ros/humble/bin:/usr/local/sbin:/usr/local/bin:/usr/sbin:/usr/bin:/sbin:/bin'), ('LANG', 'C.UTF-8'), ('AMENT_PREFIX_PATH', '/opt/ros/humble'), ('PWD', '/ws/ros_ws/build/robot_identity'), ('LC_ALL', 'C.UTF-8'), ('PYTHONPATH', '/ws/ros_ws/install/robot_msgs/local/lib/python3.10/dist-packages:/opt/ros/humble/lib/python3.10/site-packages:/opt/ros/humble/local/lib/python3.10/dist-packages'), ('COLCON', '1'), ('CMAKE_PREFIX_PATH', '/opt/ros/humble:/ws/ros_ws/install/robot_msgs')]), 'shell': False}
[15.788696] (-) TimerEvent: {}
[15.835213] (robot_identity) StdoutLine: {'line': b'Consolidate compiler generated dependencies of target identity_enroll_policy\n'}
[15.869973] (robot_identity) StdoutLine: {'line': b'[ 10%] Building CXX object CMakeFiles/identity_enroll_policy.dir/src/enroll_policy.cpp.o\n'}
[15.875379] (robot_identity) StdoutLine: {'line': b'[ 30%] Built target gtest_main\n'}
[15.881948] (robot_identity) StdoutLine: {'line': b'[ 50%] Built target gtest\n'}
[15.888850] (-) TimerEvent: {}
[15.903456] (robot_identity) StdoutLine: {'line': b'[ 60%] Linking CXX static library libidentity_enroll_policy.a\n'}
[15.953112] (robot_identity) StdoutLine: {'line': b'[ 60%] Built target identity_enroll_policy\n'}
[15.989906] (robot_identity) StdoutLine: {'line': b'Consolidate compiler generated dependencies of target test_enroll_gating\n'}
[15.990171] (-) TimerEvent: {}
[15.995068] (robot_identity) StdoutLine: {'line': b'Consolidate compiler generated dependencies of target identity_node\n'}
[16.014321] (robot_identity) StdoutLine: {'line': b'[ 70%] Building CXX object CMakeFiles/test_enroll_gating.dir/test/test_enroll_gating.cpp.o\n'}
[16.049369] (robot_identity) StdoutLine: {'line': b'[ 80%] Building CXX object CMakeFiles/identity_node.dir/src/identity_node.cpp.o\n'}
[16.090359] (-) TimerEvent: {}
[16.190635] (-) TimerEvent: {}
[16.290901] (-) TimerEvent: {}
[16.393180] (-) TimerEvent: {}
[16.493597] (-) TimerEvent: {}
[16.598125] (-) TimerEvent: {}
[16.698414] (-) TimerEvent: {}
[16.798707] (-) TimerEvent: {}
[16.898976] (-) TimerEvent: {}
[16.999280] (-) TimerEvent: {}
[17.099563] (-) TimerEvent: {}
[17.199846] (-) TimerEvent: {}
[17.300145] (-) TimerEvent: {}
[17.319363] (robot_identity) StdoutLine: {'line': b'[ 90%] Linking CXX executable test_enroll_gating\n'}
[17.400302] (-) TimerEvent: {}
[17.500577] (-) TimerEvent: {}
[17.600847] (-) TimerEvent: {}
[17.661643] (robot_identity) StdoutLine: {'line': b'[ 90%] Built target test_enroll_gating\n'}
[17.701031] (-) TimerEvent: {}
[17.801324] (-) TimerEvent: {}
[17.901620] (-) TimerEvent: {}
[18.001913] (-) TimerEvent: {}
[18.102228] (-) TimerEvent: {}
[18.202524] (-) TimerEvent: {}
[18.303130] (-) TimerEvent: {}
[18.403433] (-) TimerEvent: {}
[18.504125] (-) TimerEvent: {}
[18.604412] (-) TimerEvent: {}
[18.705138] (-) TimerEvent: {}
[18.805424] (-) TimerEvent: {}
[18.906128] (-) TimerEvent: {}
[19.006413] (-) TimerEvent: {}
[19.107115] (-) TimerEvent: {}
[19.207400] (-) TimerEvent: {}
[19.308136] (-) TimerEvent: {}
[19.354782] (robot_voice) StdoutLine: {'line': b'[100%] Linking CXX executable voice_bridge_node\n'}
[19.408297] (-) TimerEvent: {}
[19.508583] (-) TimerEvent: {}
[19.608864] (-) TimerEvent: {}
[19.709138] (-) TimerEvent: {}
[19.809429] (-) TimerEvent: {}
[19.909705] (-) TimerEvent: {}
[19.977112] (robot_voice) StdoutLine: {'line': b'[100%] Built target voice_bridge_node\n'}
[19.996147] (robot_voice) CommandEnded: {'returncode': 0}
[19.996658] (robot_voice) JobProgress: {'identifier': 'robot_voice', 'progress': 'install'}
[19.996705] (robot_voice) Command: {'cmd': ['/usr/bin/cmake', '--install', '/ws/ros_ws/build/robot_voice'], 'cwd': '/ws/ros_ws/build/robot_voice', 'env': OrderedDict([('HOSTNAME', '35f211623a71'), ('SHLVL', '1'), ('LD_LIBRARY_PATH', '/opt/ros/humble/lib/x86_64-linux-gnu:/opt/ros/humble/lib'), ('HOME', '/root'), ('ROS_PYTHON_VERSION', '3'), ('ROS_DISTRO', 'humble'), ('_', '/usr/bin/colcon'), ('ROS_VERSION', '2'), ('ROS_LOCALHOST_ONLY', '0'), ('PATH', '/opt/ros/humble/bin:/usr/local/sbin:/usr/local/bin:/usr/sbin:/usr/bin:/sbin:/bin'), ('LANG', 'C.UTF-8'), ('AMENT_PREFIX_PATH', '/opt/ros/humble'), ('PWD', '/ws/ros_ws/build/robot_voice'), ('LC_ALL', 'C.UTF-8'), ('PYTHONPATH', '/opt/ros/humble/lib/python3.10/site-packages:/opt/ros/humble/local/lib/python3.10/dist-packages'), ('COLCON', '1'), ('CMAKE_PREFIX_PATH', '/opt/ros/humble')]), 'shell': False}
[20.010682] (-) TimerEvent: {}
[20.012386] (robot_voice) StdoutLine: {'line': b'-- Install configuration: ""\n'}
[20.012716] (robot_voice) StdoutLine: {'line': b'-- Installing: /ws/ros_ws/install/robot_voice/lib/robot_voice/voice_bridge_node\n'}
[20.020176] (robot_voice) StdoutLine: {'line': b'-- Set runtime path of "/ws/ros_ws/install/robot_voice/lib/robot_voice/voice_bridge_node" to ""\n'}
[20.021600] (robot_voice) StdoutLine: {'line': b'-- Up-to-date: /ws/ros_ws/install/robot_voice/share/ament_index/resource_index/package_run_dependencies/robot_voice\n'}
[20.022413] (robot_voice) StdoutLine: {'line': b'-- Up-to-date: /ws/ros_ws/install/robot_voice/share/ament_index/resource_index/parent_prefix_path/robot_voice\n'}
[20.024845] (robot_voice) StdoutLine: {'line': b'-- Up-to-date: /ws/ros_ws/install/robot_voice/share/robot_voice/environment/ament_prefix_path.sh\n'}
[20.025159] (robot_voice) StdoutLine: {'line': b'-- Up-to-date: /ws/ros_ws/install/robot_voice/share/robot_voice/environment/ament_prefix_path.dsv\n'}
[20.025402] (robot_voice) StdoutLine: {'line': b'-- Up-to-date: /ws/ros_ws/install/robot_voice/share/robot_voice/environment/path.sh\n'}
[20.025552] (robot_voice) StdoutLine: {'line': b'-- Up-to-date: /ws/ros_ws/install/robot_voice/share/robot_voice/environment/path.dsv\n'}
[20.025728] (robot_voice) StdoutLine: {'line': b'-- Up-to-date: /ws/ros_ws/install/robot_voice/share/robot_voice/local_setup.bash\n'}
[20.026171] (robot_voice) StdoutLine: {'line': b'-- Up-to-date: /ws/ros_ws/install/robot_voice/share/robot_voice/local_setup.sh\n'}
[20.026653] (robot_voice) StdoutLine: {'line': b'-- Up-to-date: /ws/ros_ws/install/robot_voice/share/robot_voice/local_setup.zsh\n'}
[20.028533] (robot_voice) StdoutLine: {'line': b'-- Up-to-date: /ws/ros_ws/install/robot_voice/share/robot_voice/local_setup.dsv\n'}
[20.029357] (robot_voice) StdoutLine: {'line': b'-- Installing: /ws/ros_ws/install/robot_voice/share/robot_voice/package.dsv\n'}
[20.029870] (robot_voice) StdoutLine: {'line': b'-- Up-to-date: /ws/ros_ws/install/robot_voice/share/ament_index/resource_index/packages/robot_voice\n'}
[20.030646] (robot_voice) StdoutLine: {'line': b'-- Up-to-date: /ws/ros_ws/install/robot_voice/share/robot_voice/cmake/robot_voiceConfig.cmake\n'}
[20.032521] (robot_voice) StdoutLine: {'line': b'-- Up-to-date: /ws/ros_ws/install/robot_voice/share/robot_voice/cmake/robot_voiceConfig-version.cmake\n'}
[20.033309] (robot_voice) StdoutLine: {'line': b'-- Up-to-date: /ws/ros_ws/install/robot_voice/share/robot_voice/package.xml\n'}
[20.033899] (robot_voice) CommandEnded: {'returncode': 0}
[20.052924] (robot_voice) JobEnded: {'identifier': 'robot_voice', 'rc': 0}
[20.056985] (robot_perception) JobStarted: {'identifier': 'robot_perception'}
[20.110829] (-) TimerEvent: {}
[20.211100] (-) TimerEvent: {}
[20.311342] (-) TimerEvent: {}
[20.411590] (-) TimerEvent: {}
[20.511844] (-) TimerEvent: {}
[20.612124] (-) TimerEvent: {}
[20.712414] (-) TimerEvent: {}
[20.770330] (robot_perception) Command: {'cmd': ['/usr/bin/python3', '-W', 'ignore:setup.py install is deprecated', '-W', 'ignore:easy_install command is deprecated', 'setup.py', 'egg_info', '--egg-base', '../../build/robot_perception', 'build', '--build-base', '/ws/ros_ws/build/robot_perception/build', 'install', '--record', '/ws/ros_ws/build/robot_perception/install.log', '--single-version-externally-managed', 'install_data'], 'cwd': '/ws/ros_ws/src/robot_perception', 'env': {'HOSTNAME': '35f211623a71', 'ROS_PACKAGE_PATH': '/ws/ros_ws/install/robot_msgs/share', 'SHLVL': '1', 'LD_LIBRARY_PATH': '/ws/ros_ws/install/robot_msgs/lib:/opt/ros/humble/lib/x86_64-linux-gnu:/opt/ros/humble/lib', 'HOME': '/root', 'ROS_PYTHON_VERSION': '3', 'ROS_DISTRO': 'humble', '_': '/usr/bin/colcon', 'ROS_VERSION': '2', 'PKG_CONFIG_PATH': '/ws/ros_ws/install/robot_msgs/lib/x86_64-linux-gnu/pkgconfig:/ws/ros_ws/install/robot_msgs/lib/pkgconfig', 'ROS_LOCALHOST_ONLY': '0', 'PATH': '/opt/ros/humble/bin:/usr/local/sbin:/usr/local/bin:/usr/sbin:/usr/bin:/sbin:/bin', 'LANG': 'C.UTF-8', 'AMENT_PREFIX_PATH': '/opt/ros/humble', 'PWD': '/ws/ros_ws/build/robot_perception', 'LC_ALL': 'C.UTF-8', 'PYTHONPATH': '/ws/ros_ws/build/robot_perception/prefix_override:/usr/lib/python3/dist-packages/colcon_core/task/python/colcon_distutils_commands:/ws/ros_ws/install/robot_perception/lib/python3.10/site-packages:/ws/ros_ws/install/robot_msgs/local/lib/python3.10/dist-packages:/opt/ros/humble/lib/python3.10/site-packages:/opt/ros/humble/local/lib/python3.10/dist-packages', 'COLCON': '1', 'CMAKE_PREFIX_PATH': '/ws/ros_ws/install/robot_msgs'}, 'shell': False}
[20.812569] (-) TimerEvent: {}
[20.912848] (-) TimerEvent: {}
[20.995355] (robot_perception) StdoutLine: {'line': b'running egg_info\n'}
[20.995627] (robot_perception) StdoutLine: {'line': b'writing ../../build/robot_perception/robot_perception.egg-info/PKG-INFO\n'}
[20.996093] (robot_perception) StdoutLine: {'line': b'writing dependency_links to ../../build/robot_perception/robot_perception.egg-info/dependency_links.txt\n'}
[20.996515] (robot_perception) StdoutLine: {'line': b'writing entry points to ../../build/robot_perception/robot_perception.egg-info/entry_points.txt\n'}
[20.996910] (robot_perception) StdoutLine: {'line': b'writing requirements to ../../build/robot_perception/robot_perception.egg-info/requires.txt\n'}
[20.997313] (robot_perception) StdoutLine: {'line': b'writing top-level names to ../../build/robot_perception/robot_perception.egg-info/top_level.txt\n'}
[21.001306] (robot_perception) StdoutLine: {'line': b"reading manifest file '../../build/robot_perception/robot_perception.egg-info/SOURCES.txt'\n"}
[21.001612] (robot_perception) StdoutLine: {'line': b"writing manifest file '../../build/robot_perception/robot_perception.egg-info/SOURCES.txt'\n"}
[21.001727] (robot_perception) StdoutLine: {'line': b'running build\n'}
[21.001840] (robot_perception) StdoutLine: {'line': b'running build_py\n'}
[21.002264] (robot_perception) StdoutLine: {'line': b'copying robot_perception/perception_node.py -> /ws/ros_ws/build/robot_perception/build/lib/robot_perception\n'}
[21.002779] (robot_perception) StdoutLine: {'line': b'copying robot_perception/__init__.py -> /ws/ros_ws/build/robot_perception/build/lib/robot_perception\n'}
[21.003355] (robot_perception) StdoutLine: {'line': b'running install\n'}
[21.004074] (robot_perception) StdoutLine: {'line': b'running install_lib\n'}
[21.005581] (robot_perception) StdoutLine: {'line': b'copying /ws/ros_ws/build/robot_perception/build/lib/robot_perception/perception_node.py -> /ws/ros_ws/install/robot_perception/lib/python3.10/site-packages/robot_perception\n'}
[21.006930] (robot_perception) StdoutLine: {'line': b'copying /ws/ros_ws/build/robot_perception/build/lib/robot_perception/__init__.py -> /ws/ros_ws/install/robot_perception/lib/python3.10/site-packages/robot_perception\n'}
[21.007104] (robot_perception) StdoutLine: {'line': b'byte-compiling /ws/ros_ws/install/robot_perception/lib/python3.10/site-packages/robot_perception/perception_node.py to perception_node.cpython-310.pyc\n'}
[21.008929] (robot_perception) StdoutLine: {'line': b'byte-compiling /ws/ros_ws/install/robot_perception/lib/python3.10/site-packages/robot_perception/__init__.py to __init__.cpython-310.pyc\n'}
[21.012218] (robot_perception) StdoutLine: {'line': b'running install_data\n'}
[21.012484] (robot_perception) StdoutLine: {'line': b'running install_egg_info\n'}
[21.012906] (-) TimerEvent: {}
[21.014532] (robot_perception) StdoutLine: {'line': b"removing '/ws/ros_ws/install/robot_perception/lib/python3.10/site-packages/robot_perception-0.0.1-py3.10.egg-info' (and everything under it)\n"}
[21.015396] (robot_perception) StdoutLine: {'line': b'Copying ../../build/robot_perception/robot_perception.egg-info to /ws/ros_ws/install/robot_perception/lib/python3.10/site-packages/robot_perception-0.0.1-py3.10.egg-info\n'}
[21.016882] (robot_perception) StdoutLine: {'line': b'running install_scripts\n'}
[21.042566] (robot_perception) StdoutLine: {'line': b'Installing perception_node script to /ws/ros_ws/install/robot_perception/lib/robot_perception\n'}
[21.046170] (robot_perception) StdoutLine: {'line': b"writing list of installed files to '/ws/ros_ws/build/robot_perception/install.log'\n"}
[21.113085] (-) TimerEvent: {}
[21.127555] (robot_perception) CommandEnded: {'returncode': 0}
[21.136615] (robot_perception) JobEnded: {'identifier': 'robot_perception', 'rc': 0}
[21.213231] (-) TimerEvent: {}
[21.313542] (-) TimerEvent: {}
[21.414126] (-) TimerEvent: {}
[21.514429] (-) TimerEvent: {}
[21.614722] (-) TimerEvent: {}
[21.714997] (-) TimerEvent: {}
[21.737108] (robot_safety) StdoutLine: {'line': b'[100%] Linking CXX executable safety_node\n'}
[21.816141] (-) TimerEvent: {}
[21.916456] (-) TimerEvent: {}
[22.016791] (-) TimerEvent: {}
[22.117110] (-) TimerEvent: {}
[22.217385] (-) TimerEvent: {}
[22.317694] (-) TimerEvent: {}
[22.336763] (robot_safety) StdoutLine: {'line': b'[100%] Built target safety_node\n'}
[22.351044] (robot_safety) CommandEnded: {'returncode': 0}
[22.352117] (robot_safety) JobProgress: {'identifier': 'robot_safety', 'progress': 'install'}
[22.352602] (robot_safety) Command: {'cmd': ['/usr/bin/cmake', '--install', '/ws/ros_ws/build/robot_safety'], 'cwd': '/ws/ros_ws/build/robot_safety', 'env': OrderedDict([('HOSTNAME', '35f211623a71'), ('SHLVL', '1'), ('LD_LIBRARY_PATH', '/opt/ros/humble/lib/x86_64-linux-gnu:/opt/ros/humble/lib'), ('HOME', '/root'), ('ROS_PYTHON_VERSION', '3'), ('ROS_DISTRO', 'humble'), ('_', '/usr/bin/colcon'), ('ROS_VERSION', '2'), ('ROS_LOCALHOST_ONLY', '0'), ('PATH', '/opt/ros/humble/bin:/usr/local/sbin:/usr/local/bin:/usr/sbin:/usr/bin:/sbin:/bin'), ('LANG', 'C.UTF-8'), ('AMENT_PREFIX_PATH', '/opt/ros/humble'), ('PWD', '/ws/ros_ws/build/robot_safety'), ('LC_ALL', 'C.UTF-8'), ('PYTHONPATH', '/opt/ros/humble/lib/python3.10/site-packages:/opt/ros/humble/local/lib/python3.10/dist-packages'), ('COLCON', '1'), ('CMAKE_PREFIX_PATH', '/opt/ros/humble')]), 'shell': False}
[22.365759] (robot_safety) StdoutLine: {'line': b'-- Install configuration: ""\n'}
[22.366314] (robot_safety) StdoutLine: {'line': b'-- Installing: /ws/ros_ws/install/robot_safety/lib/robot_safety/safety_node\n'}
[22.374672] (robot_safety) StdoutLine: {'line': b'-- Set runtime path of "/ws/ros_ws/install/robot_safety/lib/robot_safety/safety_node" to ""\n'}
[22.376317] (robot_safety) StdoutLine: {'line': b'-- Up-to-date: /ws/ros_ws/install/robot_safety/share/ament_index/resource_index/package_run_dependencies/robot_safety\n'}
[22.377443] (robot_safety) StdoutLine: {'line': b'-- Up-to-date: /ws/ros_ws/install/robot_safety/share/ament_index/resource_index/parent_prefix_path/robot_safety\n'}
[22.379276] (robot_safety) StdoutLine: {'line': b'-- Up-to-date: /ws/ros_ws/install/robot_safety/share/robot_safety/environment/ament_prefix_path.sh\n'}
[22.380099] (robot_safety) StdoutLine: {'line': b'-- Up-to-date: /ws/ros_ws/install/robot_safety/share/robot_safety/environment/ament_prefix_path.dsv\n'}
[22.381126] (robot_safety) StdoutLine: {'line': b'-- Up-to-date: /ws/ros_ws/install/robot_safety/share/robot_safety/environment/path.sh\n'}
[22.381294] (robot_safety) StdoutLine: {'line': b'-- Up-to-date: /ws/ros_ws/install/robot_safety/share/robot_safety/environment/path.dsv\n'}
[22.381405] (robot_safety) StdoutLine: {'line': b'-- Up-to-date: /ws/ros_ws/install/robot_safety/share/robot_safety/local_setup.bash\n'}
[22.382110] (robot_safety) StdoutLine: {'line': b'-- Up-to-date: /ws/ros_ws/install/robot_safety/share/robot_safety/local_setup.sh\n'}
[22.382895] (robot_safety) StdoutLine: {'line': b'-- Up-to-date: /ws/ros_ws/install/robot_safety/share/robot_safety/local_setup.zsh\n'}
[22.383743] (robot_safety) StdoutLine: {'line': b'-- Up-to-date: /ws/ros_ws/install/robot_safety/share/robot_safety/local_setup.dsv\n'}
[22.384416] (robot_safety) StdoutLine: {'line': b'-- Installing: /ws/ros_ws/install/robot_safety/share/robot_safety/package.dsv\n'}
[22.387232] (robot_safety) StdoutLine: {'line': b'-- Up-to-date: /ws/ros_ws/install/robot_safety/share/ament_index/resource_index/packages/robot_safety\n'}
[22.390906] (robot_safety) StdoutLine: {'line': b'-- Up-to-date: /ws/ros_ws/install/robot_safety/share/robot_safety/cmake/robot_safetyConfig.cmake\n'}
[22.392267] (robot_safety) StdoutLine: {'line': b'-- Up-to-date: /ws/ros_ws/install/robot_safety/share/robot_safety/cmake/robot_safetyConfig-version.cmake\n'}
[22.429450] (-) TimerEvent: {}
[22.429571] (robot_safety) StdoutLine: {'line': b'-- Up-to-date: /ws/ros_ws/install/robot_safety/share/robot_safety/package.xml\n'}
[22.430967] (robot_safety) CommandEnded: {'returncode': 0}
[22.438618] (robot_safety) JobEnded: {'identifier': 'robot_safety', 'rc': 0}
[22.529642] (-) TimerEvent: {}
[22.629965] (-) TimerEvent: {}
[22.730272] (-) TimerEvent: {}
[22.830601] (-) TimerEvent: {}
[22.911185] (robot_identity) StdoutLine: {'line': b'[100%] Linking CXX executable identity_node\n'}
[22.930768] (-) TimerEvent: {}
[23.031090] (-) TimerEvent: {}
[23.131414] (-) TimerEvent: {}
[23.152535] (robot_identity) StdoutLine: {'line': b'[100%] Built target identity_node\n'}
[23.216089] (robot_identity) CommandEnded: {'returncode': 0}
[23.216811] (robot_identity) JobProgress: {'identifier': 'robot_identity', 'progress': 'install'}
[23.217197] (robot_identity) Command: {'cmd': ['/usr/bin/cmake', '--install', '/ws/ros_ws/build/robot_identity'], 'cwd': '/ws/ros_ws/build/robot_identity', 'env': OrderedDict([('HOSTNAME', '35f211623a71'), ('ROS_PACKAGE_PATH', '/ws/ros_ws/install/robot_msgs/share'), ('SHLVL', '1'), ('LD_LIBRARY_PATH', '/ws/ros_ws/install/robot_msgs/lib:/opt/ros/humble/lib/x86_64-linux-gnu:/opt/ros/humble/lib'), ('HOME', '/root'), ('ROS_PYTHON_VERSION', '3'), ('ROS_DISTRO', 'humble'), ('_', '/usr/bin/colcon'), ('ROS_VERSION', '2'), ('PKG_CONFIG_PATH', '/ws/ros_ws/install/robot_msgs/lib/x86_64-linux-gnu/pkgconfig:/ws/ros_ws/install/robot_msgs/lib/pkgconfig'), ('ROS_LOCALHOST_ONLY', '0'), ('PATH', '/opt/ros/humble/bin:/usr/local/sbin:/usr/local/bin:/usr/sbin:/usr/bin:/sbin:/bin'), ('LANG', 'C.UTF-8'), ('AMENT_PREFIX_PATH', '/opt/ros/humble'), ('PWD', '/ws/ros_ws/build/robot_identity'), ('LC_ALL', 'C.UTF-8'), ('PYTHONPATH', '/ws/ros_ws/install/robot_msgs/local/lib/python3.10/dist-packages:/opt/ros/humble/lib/python3.10/site-packages:/opt/ros/humble/local/lib/python3.10/dist-packages'), ('COLCON', '1'), ('CMAKE_PREFIX_PATH', '/opt/ros/humble:/ws/ros_ws/install/robot_msgs')]), 'shell': False}
[23.225576] (robot_identity) StdoutLine: {'line': b'-- Install configuration: ""\n'}
[23.225863] (robot_identity) StdoutLine: {'line': b'-- Installing: /ws/ros_ws/install/robot_identity/lib/robot_identity/identity_node\n'}
[23.228359] (robot_identity) StdoutLine: {'line': b'-- Set runtime path of "/ws/ros_ws/install/robot_identity/lib/robot_identity/identity_node" to ""\n'}
[23.228682] (robot_identity) StdoutLine: {'line': b'-- Installing: /ws/ros_ws/install/robot_identity/lib/robot_identity/libidentity_enroll_policy.a\n'}
[23.228919] (robot_identity) StdoutLine: {'line': b'-- Up-to-date: /ws/ros_ws/install/robot_identity/include\n'}
[23.228990] (robot_identity) StdoutLine: {'line': b'-- Up-to-date: /ws/ros_ws/install/robot_identity/include/robot_identity\n'}
[23.229061] (robot_identity) StdoutLine: {'line': b'-- Installing: /ws/ros_ws/install/robot_identity/include/robot_identity/enroll_policy.hpp\n'}
[23.229807] (robot_identity) StdoutLine: {'line': b'-- Up-to-date: /ws/ros_ws/install/robot_identity/share/ament_index/resource_index/package_run_dependencies/robot_identity\n'}
[23.230386] (robot_identity) StdoutLine: {'line': b'-- Up-to-date: /ws/ros_ws/install/robot_identity/share/ament_index/resource_index/parent_prefix_path/robot_identity\n'}
[23.230506] (robot_identity) StdoutLine: {'line': b'-- Up-to-date: /ws/ros_ws/install/robot_identity/share/robot_identity/environment/ament_prefix_path.sh\n'}
[23.231084] (robot_identity) StdoutLine: {'line': b'-- Up-to-date: /ws/ros_ws/install/robot_identity/share/robot_identity/environment/ament_prefix_path.dsv\n'}
[23.231428] (robot_identity) StdoutLine: {'line': b'-- Up-to-date: /ws/ros_ws/install/robot_identity/share/robot_identity/environment/path.sh\n'}
[23.231539] (-) TimerEvent: {}
[23.231616] (robot_identity) StdoutLine: {'line': b'-- Up-to-date: /ws/ros_ws/install/robot_identity/share/robot_identity/environment/path.dsv\n'}
[23.232313] (robot_identity) StdoutLine: {'line': b'-- Up-to-date: /ws/ros_ws/install/robot_identity/share/robot_identity/local_setup.bash\n'}
[23.232468] (robot_identity) StdoutLine: {'line': b'-- Up-to-date: /ws/ros_ws/install/robot_identity/share/robot_identity/local_setup.sh\n'}
[23.233385] (robot_identity) StdoutLine: {'line': b'-- Up-to-date: /ws/ros_ws/install/robot_identity/share/robot_identity/local_setup.zsh\n'}
[23.233603] (robot_identity) StdoutLine: {'line': b'-- Up-to-date: /ws/ros_ws/install/robot_identity/share/robot_identity/local_setup.dsv\n'}
[23.233928] (robot_identity) StdoutLine: {'line': b'-- Installing: /ws/ros_ws/install/robot_identity/share/robot_identity/package.dsv\n'}
[23.234112] (robot_identity) StdoutLine: {'line': b'-- Up-to-date: /ws/ros_ws/install/robot_identity/share/ament_index/resource_index/packages/robot_identity\n'}
[23.234227] (robot_identity) StdoutLine: {'line': b'-- Up-to-date: /ws/ros_ws/install/robot_identity/share/robot_identity/cmake/robot_identityConfig.cmake\n'}
[23.235123] (robot_identity) StdoutLine: {'line': b'-- Up-to-date: /ws/ros_ws/install/robot_identity/share/robot_identity/cmake/robot_identityConfig-version.cmake\n'}
[23.235217] (robot_identity) StdoutLine: {'line': b'-- Up-to-date: /ws/ros_ws/install/robot_identity/share/robot_identity/package.xml\n'}
[23.235288] (robot_identity) CommandEnded: {'returncode': 0}
[23.244187] (robot_identity) JobEnded: {'identifier': 'robot_identity', 'rc': 0}
[23.331689] (-) TimerEvent: {}
[23.431936] (-) TimerEvent: {}
[23.532224] (-) TimerEvent: {}
[23.632551] (-) TimerEvent: {}
[23.732840] (-) TimerEvent: {}
[23.833150] (-) TimerEvent: {}
[23.933472] (-) TimerEvent: {}
[24.033769] (-) TimerEvent: {}
[24.134070] (-) TimerEvent: {}
[24.234375] (-) TimerEvent: {}
[24.334650] (-) TimerEvent: {}
[24.434901] (-) TimerEvent: {}
[24.535149] (-) TimerEvent: {}
[24.635410] (-) TimerEvent: {}
[24.735689] (-) TimerEvent: {}
[24.835980] (-) TimerEvent: {}
[24.936282] (-) TimerEvent: {}
[25.036566] (-) TimerEvent: {}
[25.136834] (-) TimerEvent: {}
[25.237081] (-) TimerEvent: {}
[25.337347] (-) TimerEvent: {}
[25.437613] (-) TimerEvent: {}
[25.537865] (-) TimerEvent: {}
[25.638115] (-) TimerEvent: {}
[25.738336] (-) TimerEvent: {}
[25.838568] (-) TimerEvent: {}
[25.938808] (-) TimerEvent: {}
[26.039069] (-) TimerEvent: {}
[26.139297] (-) TimerEvent: {}
[26.239577] (-) TimerEvent: {}
[26.339859] (-) TimerEvent: {}
[26.440094] (-) TimerEvent: {}
[26.540331] (-) TimerEvent: {}
[26.640603] (-) TimerEvent: {}
[26.740851] (-) TimerEvent: {}
[26.841098] (-) TimerEvent: {}
[26.941324] (-) TimerEvent: {}
[27.041583] (-) TimerEvent: {}
[27.141848] (-) TimerEvent: {}
[27.242121] (-) TimerEvent: {}
[27.342408] (-) TimerEvent: {}
[27.442700] (-) TimerEvent: {}
[27.542988] (-) TimerEvent: {}
[27.643331] (-) TimerEvent: {}
[27.743597] (-) TimerEvent: {}
[27.843887] (-) TimerEvent: {}
[27.944194] (-) TimerEvent: {}
[28.044512] (-) TimerEvent: {}
[28.083717] (robot_executor) StdoutLine: {'line': b'[100%] Linking CXX executable executor_node\n'}
[28.144678] (-) TimerEvent: {}
[28.244992] (-) TimerEvent: {}
[28.345338] (-) TimerEvent: {}
[28.445631] (-) TimerEvent: {}
[28.545962] (-) TimerEvent: {}
[28.624341] (robot_executor) StdoutLine: {'line': b'[100%] Built target executor_node\n'}
[28.636548] (robot_executor) CommandEnded: {'returncode': 0}
[28.637238] (robot_executor) JobProgress: {'identifier': 'robot_executor', 'progress': 'install'}
[28.637535] (robot_executor) Command: {'cmd': ['/usr/bin/cmake', '--install', '/ws/ros_ws/build/robot_executor'], 'cwd': '/ws/ros_ws/build/robot_executor', 'env': OrderedDict([('HOSTNAME', '35f211623a71'), ('ROS_PACKAGE_PATH', '/ws/ros_ws/install/robot_msgs/share'), ('SHLVL', '1'), ('LD_LIBRARY_PATH', '/ws/ros_ws/install/robot_msgs/lib:/opt/ros/humble/lib/x86_64-linux-gnu:/opt/ros/humble/lib'), ('HOME', '/root'), ('ROS_PYTHON_VERSION', '3'), ('ROS_DISTRO', 'humble'), ('_', '/usr/bin/colcon'), ('ROS_VERSION', '2'), ('PKG_CONFIG_PATH', '/ws/ros_ws/install/robot_msgs/lib/x86_64-linux-gnu/pkgconfig:/ws/ros_ws/install/robot_msgs/lib/pkgconfig'), ('ROS_LOCALHOST_ONLY', '0'), ('PATH', '/opt/ros/humble/bin:/usr/local/sbin:/usr/local/bin:/usr/sbin:/usr/bin:/sbin:/bin'), ('LANG', 'C.UTF-8'), ('AMENT_PREFIX_PATH', '/opt/ros/humble'), ('PWD', '/ws/ros_ws/build/robot_executor'), ('LC_ALL', 'C.UTF-8'), ('PYTHONPATH', '/ws/ros_ws/install/robot_msgs/local/lib/python3.10/dist-packages:/opt/ros/humble/lib/python3.10/site-packages:/opt/ros/humble/local/lib/python3.10/dist-packages'), ('COLCON', '1'), ('CMAKE_PREFIX_PATH', '/opt/ros/humble:/ws/ros_ws/install/robot_msgs')]), 'shell': False}
[28.645757] (robot_executor) StdoutLine: {'line': b'-- Install configuration: ""\n'}
[28.645944] (-) TimerEvent: {}
[28.646071] (robot_executor) StdoutLine: {'line': b'-- Installing: /ws/ros_ws/install/robot_executor/lib/robot_executor/executor_node\n'}
[28.651915] (robot_executor) StdoutLine: {'line': b'-- Set runtime path of "/ws/ros_ws/install/robot_executor/lib/robot_executor/executor_node" to ""\n'}
[28.652333] (robot_executor) StdoutLine: {'line': b'-- Up-to-date: /ws/ros_ws/install/robot_executor/share/ament_index/resource_index/package_run_dependencies/robot_executor\n'}
[28.652462] (robot_executor) StdoutLine: {'line': b'-- Up-to-date: /ws/ros_ws/install/robot_executor/share/ament_index/resource_index/parent_prefix_path/robot_executor\n'}
[28.652538] (robot_executor) StdoutLine: {'line': b'-- Up-to-date: /ws/ros_ws/install/robot_executor/share/robot_executor/environment/ament_prefix_path.sh\n'}
[28.652597] (robot_executor) StdoutLine: {'line': b'-- Up-to-date: /ws/ros_ws/install/robot_executor/share/robot_executor/environment/ament_prefix_path.dsv\n'}
[28.652647] (robot_executor) StdoutLine: {'line': b'-- Up-to-date: /ws/ros_ws/install/robot_executor/share/robot_executor/environment/path.sh\n'}
[28.652695] (robot_executor) StdoutLine: {'line': b'-- Up-to-date: /ws/ros_ws/install/robot_executor/share/robot_executor/environment/path.dsv\n'}
[28.652970] (robot_executor) StdoutLine: {'line': b'-- Up-to-date: /ws/ros_ws/install/robot_executor/share/robot_executor/local_setup.bash\n'}
[28.653282] (robot_executor) StdoutLine: {'line': b'-- Up-to-date: /ws/ros_ws/install/robot_executor/share/robot_executor/local_setup.sh\n'}
[28.653390] (robot_executor) StdoutLine: {'line': b'-- Up-to-date: /ws/ros_ws/install/robot_executor/share/robot_executor/local_setup.zsh\n'}
[28.653473] (robot_executor) StdoutLine: {'line': b'-- Up-to-date: /ws/ros_ws/install/robot_executor/share/robot_executor/local_setup.dsv\n'}
[28.653549] (robot_executor) StdoutLine: {'line': b'-- Installing: /ws/ros_ws/install/robot_executor/share/robot_executor/package.dsv\n'}
[28.653627] (robot_executor) StdoutLine: {'line': b'-- Up-to-date: /ws/ros_ws/install/robot_executor/share/ament_index/resource_index/packages/robot_executor\n'}
[28.653861] (robot_executor) StdoutLine: {'line': b'-- Up-to-date: /ws/ros_ws/install/robot_executor/share/robot_executor/cmake/robot_executorConfig.cmake\n'}
[28.653945] (robot_executor) StdoutLine: {'line': b'-- Up-to-date: /ws/ros_ws/install/robot_executor/share/robot_executor/cmake/robot_executorConfig-version.cmake\n'}
[28.653994] (robot_executor) StdoutLine: {'line': b'-- Up-to-date: /ws/ros_ws/install/robot_executor/share/robot_executor/package.xml\n'}
[28.655529] (robot_executor) CommandEnded: {'returncode': 0}
[28.666169] (robot_executor) JobEnded: {'identifier': 'robot_executor', 'rc': 0}
[28.666866] (robot_bringup) JobStarted: {'identifier': 'robot_bringup'}
[28.677893] (robot_bringup) JobProgress: {'identifier': 'robot_bringup', 'progress': 'cmake'}
[28.678426] (robot_bringup) JobProgress: {'identifier': 'robot_bringup', 'progress': 'build'}
[28.678695] (robot_bringup) Command: {'cmd': ['/usr/bin/cmake', '--build', '/ws/ros_ws/build/robot_bringup', '--', '-j4', '-l4'], 'cwd': '/ws/ros_ws/build/robot_bringup', 'env': OrderedDict([('HOSTNAME', '35f211623a71'), ('ROS_PACKAGE_PATH', '/ws/ros_ws/install/robot_msgs/share'), ('SHLVL', '1'), ('LD_LIBRARY_PATH', '/ws/ros_ws/install/robot_msgs/lib:/opt/ros/humble/lib/x86_64-linux-gnu:/opt/ros/humble/lib'), ('HOME', '/root'), ('ROS_PYTHON_VERSION', '3'), ('ROS_DISTRO', 'humble'), ('_', '/usr/bin/colcon'), ('ROS_VERSION', '2'), ('PKG_CONFIG_PATH', '/ws/ros_ws/install/robot_msgs/lib/x86_64-linux-gnu/pkgconfig:/ws/ros_ws/install/robot_msgs/lib/pkgconfig'), ('ROS_LOCALHOST_ONLY', '0'), ('PATH', '/opt/ros/humble/bin:/usr/local/sbin:/usr/local/bin:/usr/sbin:/usr/bin:/sbin:/bin'), ('LANG', 'C.UTF-8'), ('AMENT_PREFIX_PATH', '/ws/ros_ws/install/robot_perception:/ws/ros_ws/install/robot_identity:/ws/ros_ws/install/robot_executor:/ws/ros_ws/install/robot_voice:/ws/ros_ws/install/robot_safety:/ws/ros_ws/install/robot_nlu:/ws/ros_ws/install/robot_nav:/ws/ros_ws/install/robot_manipulation:/ws/ros_ws/install/robot_base:/opt/ros/humble'), ('PWD', '/ws/ros_ws/build/robot_bringup'), ('LC_ALL', 'C.UTF-8'), ('PYTHONPATH', '/ws/ros_ws/install/robot_perception/lib/python3.10/site-packages:/ws/ros_ws/install/robot_msgs/local/lib/python3.10/dist-packages:/opt/ros/humble/lib/python3.10/site-packages:/opt/ros/humble/local/lib/python3.10/dist-packages'), ('COLCON', '1'), ('CMAKE_PREFIX_PATH', '/ws/ros_ws/install/robot_identity:/ws/ros_ws/install/robot_executor:/ws/ros_ws/install/robot_voice:/ws/ros_ws/install/robot_safety:/ws/ros_ws/install/robot_nlu:/ws/ros_ws/install/robot_nav:/opt/ros/humble:/ws/ros_ws/install/robot_msgs:/ws/ros_ws/install/robot_manipulation:/ws/ros_ws/install/robot_base')]), 'shell': False}
[28.720037] (robot_bringup) CommandEnded: {'returncode': 0}
[28.720858] (robot_bringup) JobProgress: {'identifier': 'robot_bringup', 'progress': 'install'}
[28.721249] (robot_bringup) Command: {'cmd': ['/usr/bin/cmake', '--install', '/ws/ros_ws/build/robot_bringup'], 'cwd': '/ws/ros_ws/build/robot_bringup', 'env': OrderedDict([('HOSTNAME', '35f211623a71'), ('ROS_PACKAGE_PATH', '/ws/ros_ws/install/robot_msgs/share'), ('SHLVL', '1'), ('LD_LIBRARY_PATH', '/ws/ros_ws/install/robot_msgs/lib:/opt/ros/humble/lib/x86_64-linux-gnu:/opt/ros/humble/lib'), ('HOME', '/root'), ('ROS_PYTHON_VERSION', '3'), ('ROS_DISTRO', 'humble'), ('_', '/usr/bin/colcon'), ('ROS_VERSION', '2'), ('PKG_CONFIG_PATH', '/ws/ros_ws/install/robot_msgs/lib/x86_64-linux-gnu/pkgconfig:/ws/ros_ws/install/robot_msgs/lib/pkgconfig'), ('ROS_LOCALHOST_ONLY', '0'), ('PATH', '/opt/ros/humble/bin:/usr/local/sbin:/usr/local/bin:/usr/sbin:/usr/bin:/sbin:/bin'), ('LANG', 'C.UTF-8'), ('AMENT_PREFIX_PATH', '/ws/ros_ws/install/robot_perception:/ws/ros_ws/install/robot_identity:/ws/ros_ws/install/robot_executor:/ws/ros_ws/install/robot_voice:/ws/ros_ws/install/robot_safety:/ws/ros_ws/install/robot_nlu:/ws/ros_ws/install/robot_nav:/ws/ros_ws/install/robot_manipulation:/ws/ros_ws/install/robot_base:/opt/ros/humble'), ('PWD', '/ws/ros_ws/build/robot_bringup'), ('LC_ALL', 'C.UTF-8'), ('PYTHONPATH', '/ws/ros_ws/install/robot_perception/lib/python3.10/site-packages:/ws/ros_ws/install/robot_msgs/local/lib/python3.10/dist-packages:/opt/ros/humble/lib/python3.10/site-packages:/opt/ros/humble/local/lib/python3.10/dist-packages'), ('COLCON', '1'), ('CMAKE_PREFIX_PATH', '/ws/ros_ws/install/robot_identity:/ws/ros_ws/install/robot_executor:/ws/ros_ws/install/robot_voice:/ws/ros_ws/install/robot_safety:/ws/ros_ws/install/robot_nlu:/ws/ros_ws/install/robot_nav:/opt/ros/humble:/ws/ros_ws/install/robot_msgs:/ws/ros_ws/install/robot_manipulation:/ws/ros_ws/install/robot_base')]), 'shell': False}
[28.729793] (robot_bringup) StdoutLine: {'line': b'-- Install configuration: ""\n'}
[28.730129] (robot_bringup) StdoutLine: {'line': b'-- Up-to-date: /ws/ros_ws/install/robot_bringup/share/robot_bringup/launch\n'}
[28.730461] (robot_bringup) StdoutLine: {'line': b'-- Installing: /ws/ros_ws/install/robot_bringup/share/robot_bringup/launch/nav_mode.launch.py\n'}
[28.730562] (robot_bringup) StdoutLine: {'line': b'-- Installing: /ws/ros_ws/install/robot_bringup/share/robot_bringup/launch/dev_mode.launch.py\n'}
[28.730616] (robot_bringup) StdoutLine: {'line': b'-- Up-to-date: /ws/ros_ws/install/robot_bringup/share/robot_bringup/config\n'}
[28.730960] (robot_bringup) StdoutLine: {'line': b'-- Up-to-date: /ws/ros_ws/install/robot_bringup/share/robot_bringup/config/slam_params.yaml\n'}
[28.731105] (robot_bringup) StdoutLine: {'line': b'-- Up-to-date: /ws/ros_ws/install/robot_bringup/share/robot_bringup/config/search_areas.yaml\n'}
[28.731183] (robot_bringup) StdoutLine: {'line': b'-- Up-to-date: /ws/ros_ws/install/robot_bringup/share/robot_bringup/config/nav2_params.yaml\n'}
[28.731244] (robot_bringup) StdoutLine: {'line': b'-- Up-to-date: /ws/ros_ws/install/robot_bringup/share/robot_bringup/config/bringup.yaml\n'}
[28.731300] (robot_bringup) StdoutLine: {'line': b'-- Up-to-date: /ws/ros_ws/install/robot_bringup/share/robot_bringup/config/locations.yaml\n'}
[28.731349] (robot_bringup) StdoutLine: {'line': b'-- Up-to-date: /ws/ros_ws/install/robot_bringup/share/ament_index/resource_index/package_run_dependencies/robot_bringup\n'}
[28.731403] (robot_bringup) StdoutLine: {'line': b'-- Up-to-date: /ws/ros_ws/install/robot_bringup/share/ament_index/resource_index/parent_prefix_path/robot_bringup\n'}
[28.731458] (robot_bringup) StdoutLine: {'line': b'-- Up-to-date: /ws/ros_ws/install/robot_bringup/share/robot_bringup/environment/ament_prefix_path.sh\n'}
[28.731513] (robot_bringup) StdoutLine: {'line': b'-- Up-to-date: /ws/ros_ws/install/robot_bringup/share/robot_bringup/environment/ament_prefix_path.dsv\n'}
[28.731691] (robot_bringup) StdoutLine: {'line': b'-- Up-to-date: /ws/ros_ws/install/robot_bringup/share/robot_bringup/environment/path.sh\n'}
[28.732041] (robot_bringup) StdoutLine: {'line': b'-- Up-to-date: /ws/ros_ws/install/robot_bringup/share/robot_bringup/environment/path.dsv\n'}
[28.732137] (robot_bringup) StdoutLine: {'line': b'-- Up-to-date: /ws/ros_ws/install/robot_bringup/share/robot_bringup/local_setup.bash\n'}
[28.732403] (robot_bringup) StdoutLine: {'line': b'-- Up-to-date: /ws/ros_ws/install/robot_bringup/share/robot_bringup/local_setup.sh\n'}
[28.732574] (robot_bringup) StdoutLine: {'line': b'-- Up-to-date: /ws/ros_ws/install/robot_bringup/share/robot_bringup/local_setup.zsh\n'}
[28.732718] (robot_bringup) StdoutLine: {'line': b'-- Up-to-date: /ws/ros_ws/install/robot_bringup/share/robot_bringup/local_setup.dsv\n'}
[28.732803] (robot_bringup) StdoutLine: {'line': b'-- Installing: /ws/ros_ws/install/robot_bringup/share/robot_bringup/package.dsv\n'}
[28.732967] (robot_bringup) StdoutLine: {'line': b'-- Up-to-date: /ws/ros_ws/install/robot_bringup/share/ament_index/resource_index/packages/robot_bringup\n'}
[28.733126] (robot_bringup) StdoutLine: {'line': b'-- Up-to-date: /ws/ros_ws/install/robot_bringup/share/robot_bringup/cmake/robot_bringupConfig.cmake\n'}
[28.733269] (robot_bringup) StdoutLine: {'line': b'-- Up-to-date: /ws/ros_ws/install/robot_bringup/share/robot_bringup/cmake/robot_bringupConfig-version.cmake\n'}
[28.733374] (robot_bringup) StdoutLine: {'line': b'-- Up-to-date: /ws/ros_ws/install/robot_bringup/share/robot_bringup/package.xml\n'}
[28.734227] (robot_bringup) CommandEnded: {'returncode': 0}
[28.746091] (robot_bringup) JobEnded: {'identifier': 'robot_bringup', 'rc': 0}
[28.746616] (-) TimerEvent: {}
[28.746670] (-) EventReactorShutdown: {}
