[0.000000] (-) TimerEvent: {}
[0.000266] (robot_base) JobQueued: {'identifier': 'robot_base', 'dependencies': OrderedDict()}
[0.000293] (robot_manipulation) JobQueued: {'identifier': 'robot_manipulation', 'dependencies': OrderedDict()}
[0.000309] (robot_msgs) JobQueued: {'identifier': 'robot_msgs', 'dependencies': OrderedDict()}
[0.000323] (robot_nav) JobQueued: {'identifier': 'robot_nav', 'dependencies': OrderedDict()}
[0.000335] (robot_nlu) JobQueued: {'identifier': 'robot_nlu', 'dependencies': OrderedDict()}
[0.000347] (robot_safety) JobQueued: {'identifier': 'robot_safety', 'dependencies': OrderedDict()}
[0.000360] (robot_voice) JobQueued: {'identifier': 'robot_voice', 'dependencies': OrderedDict()}
[0.000372] (robot_executor) JobQueued: {'identifier': 'robot_executor', 'dependencies': OrderedDict([('robot_msgs', '/ws/ros_ws/install/robot_msgs')])}
[0.000387] (robot_identity) JobQueued: {'identifier': 'robot_identity', 'dependencies': OrderedDict([('robot_msgs', '/ws/ros_ws/install/robot_msgs')])}
[0.000400] (robot_perception) JobQueued: {'identifier': 'robot_perception', 'dependencies': OrderedDict([('robot_msgs', '/ws/ros_ws/install/robot_msgs')])}
[0.000413] (robot_bringup) JobQueued: {'identifier': 'robot_bringup', 'dependencies': OrderedDict([('robot_base', '/ws/ros_ws/install/robot_base'), ('robot_manipulation', '/ws/ros_ws/install/robot_manipulation'), ('robot_msgs', '/ws/ros_ws/install/robot_msgs'), ('robot_nav', '/ws/ros_ws/install/robot_nav'), ('robot_nlu', '/ws/ros_ws/install/robot_nlu'), ('robot_safety', '/ws/ros_ws/install/robot_safety'), ('robot_voice', '/ws/ros_ws/install/robot_voice'), ('robot_executor', '/ws/ros_ws/install/robot_executor'), ('robot_identity', '/ws/ros_ws/install/robot_identity'), ('robot_perception', '/ws/ros_ws/install/robot_perception')])}
[0.000911] (robot_msgs) JobStarted: {'identifier': 'robot_msgs'}
[0.007180] (robot_base) JobStarted: {'identifier': 'robot_base'}
[0.010505] (robot_manipulation) JobStarted: {'identifier': 'robot_manipulation'}
[0.013831] (robot_nav) JobStarted: {'identifier': 'robot_nav'}
[0.018313] (robot_msgs) JobProgress: {'identifier': 'robot_msgs', 'progress': 'cmake'}
[0.019082] (robot_msgs) JobProgress: {'identifier': 'robot_msgs', 'progress': 'build'}
[0.019755] (robot_msgs) Command: {'cmd': ['/usr/bin/cmake', '--build', '/ws/ros_ws/build/robot_msgs', '--', '-j4', '-l4'], 'cwd': '/ws/ros_ws/build/robot_msgs', 'env': OrderedDict([('HOSTNAME', 'd53e02ab67ea'), ('SHLVL', '1'), ('LD_LIBRARY_PATH', '/opt/ros/humble/lib/x86_64-linux-gnu:/opt/ros/humble/lib'), ('HOME', '/root'), ('ROS_PYTHON_VERSION', '3'), ('ROS_DISTRO', 'humble'), ('_', '/usr/bin/colcon'), ('ROS_VERSION', '2'), ('ROS_LOCALHOST_ONLY', '0'), ('PATH', '/opt/ros/humble/bin:/usr/local/sbin:/usr/local/bin:/usr/sbin:/usr/bin:/sbin:/bin'), ('LANG', 'C.UTF-8'), ('AMENT_PREFIX_PATH', '/opt/ros/humble'), ('PWD', '/ws/ros_ws/build/robot_msgs'), ('LC_ALL', 'C.UTF-8'), ('PYTHONPATH', '/opt/ros/humble/lib/python3.10/site-packages:/opt/ros/humble/local/lib/python3.10/dist-packages'), ('COLCON', '1')]), 'shell': False}
[0.021336] (robot_base) JobProgress: {'identifier': 'robot_base', 'progress': 'cmake'}
[0.021662] (robot_base) JobProgress: {'identifier': 'robot_base', 'progress': 'build'}
[0.021953] (robot_base) Command: {'cmd': ['/usr/bin/cmake', '--build', '/ws/ros_ws/build/robot_base', '--', '-j4', '-l4'], 'cwd': '/ws/ros_ws/build/robot_base', 'env': OrderedDict([('HOSTNAME', 'd53e02ab67ea'), ('SHLVL', '1'), ('LD_LIBRARY_PATH', '/opt/ros/humble/lib/x86_64-linux-gnu:/opt/ros/humble/lib'), ('HOME', '/root'), ('ROS_PYTHON_VERSION', '3'), ('ROS_DISTRO', 'humble'), ('_', '/usr/bin/colcon'), ('ROS_VERSION', '2'), ('ROS_LOCALHOST_ONLY', '0'), ('PATH', '/opt/ros/humble/bin:/usr/local/sbin:/usr/local/bin:/usr/sbin:/usr/bin:/sbin:/bin'), ('LANG', 'C.UTF-8'), ('AMENT_PREFIX_PATH', '/opt/ros/humble'), ('PWD', '/ws/ros_ws/build/robot_base'), ('LC_ALL', 'C.UTF-8'), ('PYTHONPATH', '/opt/ros/humble/lib/python3.10/site-packages:/opt/ros/humble/local/lib/python3.10/dist-packages'), ('COLCON', '1'), ('CMAKE_PREFIX_PATH', '/opt/ros/humble')]), 'shell': False}
[0.023685] (robot_manipulation) JobProgress: {'identifier': 'robot_manipulation', 'progress': 'cmake'}
[0.023949] (robot_manipulation) JobProgress: {'identifier': 'robot_manipulation', 'progress': 'build'}
[0.024321] (robot_manipulation) Command: {'cmd': ['/usr/bin/cmake', '--build', '/ws/ros_ws/build/robot_manipulation', '--', '-j4', '-l4'], 'cwd': '/ws/ros_ws/build/robot_manipulation', 'env': OrderedDict([('HOSTNAME', 'd53e02ab67ea'), ('SHLVL', '1'), ('LD_LIBRARY_PATH', '/opt/ros/humble/lib/x86_64-linux-gnu:/opt/ros/humble/lib'), ('HOME', '/root'), ('ROS_PYTHON_VERSION', '3'), ('ROS_DISTRO', 'humble'), ('_', '/usr/bin/colcon'), ('ROS_VERSION', '2'), ('ROS_LOCALHOST_ONLY', '0'), ('PATH', '/opt/ros/humble/bin:/usr/local/sbin:/usr/local/bin:/usr/sbin:/usr/bin:/sbin:/bin'), ('LANG', 'C.UTF-8'), ('AMENT_PREFIX_PATH', '/opt/ros/humble'), ('PWD', '/ws/ros_ws/build/robot_manipulation'), ('LC_ALL', 'C.UTF-8'), ('PYTHONPATH', '/opt/ros/humble/lib/python3.10/site-packages:/opt/ros/humble/local/lib/python3.10/dist-packages'), ('COLCON', '1'), ('CMAKE_PREFIX_PATH', '/opt/ros/humble')]), 'shell': False}
[0.026790] (robot_nav) JobProgress: {'identifier': 'robot_nav', 'progress': 'cmake'}
[0.027526] (robot_nav) JobProgress: {'identifier': 'robot_nav', 'progress': 'build'}
[0.027864] (robot_nav) Command: {'cmd': ['/usr/bin/cmake', '--build', '/ws/ros_ws/build/robot_nav', '--', '-j4', '-l4'], 'cwd': '/ws/ros_ws/build/robot_nav', 'env': OrderedDict([('HOSTNAME', 'd53e02ab67ea'), ('SHLVL', '1'), ('LD_LIBRARY_PATH', '/opt/ros/humble/lib/x86_64-linux-gnu:/opt/ros/humble/lib'), ('HOME', '/root'), ('ROS_PYTHON_VERSION', '3'), ('ROS_DISTRO', 'humble'), ('_', '/usr/bin/colcon'), ('ROS_VERSION', '2'), ('ROS_LOCALHOST_ONLY', '0'), ('PATH', '/opt/ros/humble/bin:/usr/local/sbin:/usr/local/bin:/usr/sbin:/usr/bin:/sbin:/bin'), ('LANG', 'C.UTF-8'), ('AMENT_PREFIX_PATH', '/opt/ros/humble'), ('PWD', '/ws/ros_ws/build/robot_nav'), ('LC_ALL', 'C.UTF-8'), ('PYTHONPATH', '/opt/ros/humble/lib/python3.10/site-packages:/opt/ros/humble/local/lib/python3.10/dist-packages'), ('COLCON', '1'), ('CMAKE_PREFIX_PATH', '/opt/ros/humble')]), 'shell': False}
[0.103530] (robot_base) StdoutLine: {'line': b'Consolidate compiler generated dependencies of target serial_interface_stub\n'}
[0.103863] (-) TimerEvent: {}
[0.116976] (robot_manipulation) StdoutLine: {'line': b'Consolidate compiler generated dependencies of target manipulation_node\n'}
[0.133513] (robot_msgs) StdoutLine: {'line': b'[  1%] Built target robot_msgs__rs\n'}
[0.145860] (robot_base) StdoutLine: {'line': b'[ 16%] Built target gtest_main\n'}
[0.148368] (robot_msgs) StdoutLine: {'line': b'[  3%] Built target robot_msgs__cpp\n'}
[0.148588] (robot_nav) StdoutLine: {'line': b'Consolidate compiler generated dependencies of target nav_server_node\n'}
[0.152074] (robot_base) StdoutLine: {'line': b'[ 33%] Built target base_safety_utils\n'}
[0.152548] (robot_base) StdoutLine: {'line': b'[ 50%] Built target serial_interface_stub\n'}
[0.157455] (robot_nav) StdoutLine: {'line': b'[ 20%] Built target gtest\n'}
[0.160508] (robot_base) StdoutLine: {'line': b'[ 66%] Built target gtest\n'}
[0.164788] (robot_nav) StdoutLine: {'line': b'[ 40%] Built target gtest_main\n'}
[0.166596] (robot_msgs) StdoutLine: {'line': b'[ 14%] Built target robot_msgs__rosidl_generator_c\n'}
[0.175914] (robot_msgs) StdoutLine: {'line': b'[ 14%] Built target ament_cmake_python_copy_robot_msgs\n'}
[0.183190] (robot_manipulation) StdoutLine: {'line': b'[100%] Built target manipulation_node\n'}
[0.191099] (robot_nav) StdoutLine: {'line': b'[ 70%] Built target nav_server_node\n'}
[0.204020] (-) TimerEvent: {}
[0.209947] (robot_manipulation) CommandEnded: {'returncode': 0}
[0.211212] (robot_manipulation) JobProgress: {'identifier': 'robot_manipulation', 'progress': 'install'}
[0.245577] (robot_manipulation) Command: {'cmd': ['/usr/bin/cmake', '--install', '/ws/ros_ws/build/robot_manipulation'], 'cwd': '/ws/ros_ws/build/robot_manipulation', 'env': OrderedDict([('HOSTNAME', 'd53e02ab67ea'), ('SHLVL', '1'), ('LD_LIBRARY_PATH', '/opt/ros/humble/lib/x86_64-linux-gnu:/opt/ros/humble/lib'), ('HOME', '/root'), ('ROS_PYTHON_VERSION', '3'), ('ROS_DISTRO', 'humble'), ('_', '/usr/bin/colcon'), ('ROS_VERSION', '2'), ('ROS_LOCALHOST_ONLY', '0'), ('PATH', '/opt/ros/humble/bin:/usr/local/sbin:/usr/local/bin:/usr/sbin:/usr/bin:/sbin:/bin'), ('LANG', 'C.UTF-8'), ('AMENT_PREFIX_PATH', '/opt/ros/humble'), ('PWD', '/ws/ros_ws/build/robot_manipulation'), ('LC_ALL', 'C.UTF-8'), ('PYTHONPATH', '/opt/ros/humble/lib/python3.10/site-packages:/opt/ros/humble/local/lib/python3.10/dist-packages'), ('COLCON', '1'), ('CMAKE_PREFIX_PATH', '/opt/ros/humble')]), 'shell': False}
[0.247848] (robot_nav) StdoutLine: {'line': b'Consolidate compiler generated dependencies of target test_location_manager\n'}
[0.248116] (robot_nav) StdoutLine: {'line': b'[100%] Built target test_location_manager\n'}
[0.248438] (robot_base) StdoutLine: {'line': b'[ 83%] Built target test_timeout_brake\n'}
[0.248622] (robot_base) StdoutLine: {'line': b'[100%] Built target base_driver_node\n'}
[0.248784] (robot_msgs) StdoutLine: {'line': b'[ 25%] Built target robot_msgs__rosidl_typesupport_fastrtps_cpp\n'}
[0.248942] (robot_msgs) StdoutLine: {'line': b'[ 35%] Built target robot_msgs__rosidl_typesupport_introspection_cpp\n'}
[0.252192] (robot_msgs) StdoutLine: {'line': b'[ 46%] Built target robot_msgs__rosidl_typesupport_cpp\n'}
[0.252765] (robot_msgs) StdoutLine: {'line': b'[ 57%] Built target robot_msgs__rosidl_typesupport_fastrtps_c\n'}
[0.260473] (robot_nav) CommandEnded: {'returncode': 0}
[0.260918] (robot_nav) JobProgress: {'identifier': 'robot_nav', 'progress': 'install'}
[0.260956] (robot_nav) Command: {'cmd': ['/usr/bin/cmake', '--install', '/ws/ros_ws/build/robot_nav'], 'cwd': '/ws/ros_ws/build/robot_nav', 'env': OrderedDict([('HOSTNAME', 'd53e02ab67ea'), ('SHLVL', '1'), ('LD_LIBRARY_PATH', '/opt/ros/humble/lib/x86_64-linux-gnu:/opt/ros/humble/lib'), ('HOME', '/root'), ('ROS_PYTHON_VERSION', '3'), ('ROS_DISTRO', 'humble'), ('_', '/usr/bin/colcon'), ('ROS_VERSION', '2'), ('ROS_LOCALHOST_ONLY', '0'), ('PATH', '/opt/ros/humble/bin:/usr/local/sbin:/usr/local/bin:/usr/sbin:/usr/bin:/sbin:/bin'), ('LANG', 'C.UTF-8'), ('AMENT_PREFIX_PATH', '/opt/ros/humble'), ('PWD', '/ws/ros_ws/build/robot_nav'), ('LC_ALL', 'C.UTF-8'), ('PYTHONPATH', '/opt/ros/humble/lib/python3.10/site-packages:/opt/ros/humble/local/lib/python3.10/dist-packages'), ('COLCON', '1'), ('CMAKE_PREFIX_PATH', '/opt/ros/humble')]), 'shell': False}
[0.261872] (robot_msgs) StdoutLine: {'line': b'[ 68%] Built target robot_msgs__rosidl_typesupport_introspection_c\n'}
[0.262571] (robot_manipulation) StdoutLine: {'line': b'-- Install configuration: ""\n'}
[0.262862] (robot_manipulation) StdoutLine: {'line': b'-- Up-to-date: /ws/ros_ws/install/robot_manipulation/lib/robot_manipulation/manipulation_node\n'}
[0.263033] (robot_manipulation) StdoutLine: {'line': b'-- Up-to-date: /ws/ros_ws/install/robot_manipulation/share/ament_index/resource_index/package_run_dependencies/robot_manipulation\n'}
[0.263105] (robot_manipulation) StdoutLine: {'line': b'-- Up-to-date: /ws/ros_ws/install/robot_manipulation/share/ament_index/resource_index/parent_prefix_path/robot_manipulation\n'}
[0.263455] (robot_manipulation) StdoutLine: {'line': b'-- Up-to-date: /ws/ros_ws/install/robot_manipulation/share/robot_manipulation/environment/ament_prefix_path.sh\n'}
[0.263699] (robot_manipulation) StdoutLine: {'line': b'-- Up-to-date: /ws/ros_ws/install/robot_manipulation/share/robot_manipulation/environment/ament_prefix_path.dsv\n'}
[0.263981] (robot_manipulation) StdoutLine: {'line': b'-- Up-to-date: /ws/ros_ws/install/robot_manipulation/share/robot_manipulation/environment/path.sh\n'}
[0.264047] (robot_manipulation) StdoutLine: {'line': b'-- Up-to-date: /ws/ros_ws/install/robot_manipulation/share/robot_manipulation/environment/path.dsv\n'}
[0.264099] (robot_manipulation) StdoutLine: {'line': b'-- Up-to-date: /ws/ros_ws/install/robot_manipulation/share/robot_manipulation/local_setup.bash\n'}
[0.266462] (robot_manipulation) StdoutLine: {'line': b'-- Up-to-date: /ws/ros_ws/install/robot_manipulation/share/robot_manipulation/local_setup.sh\n'}
[0.266841] (robot_manipulation) StdoutLine: {'line': b'-- Up-to-date: /ws/ros_ws/install/robot_manipulation/share/robot_manipulation/local_setup.zsh\n'}
[0.268235] (robot_manipulation) StdoutLine: {'line': b'-- Up-to-date: /ws/ros_ws/install/robot_manipulation/share/robot_manipulation/local_setup.dsv\n'}
[0.268761] (robot_manipulation) StdoutLine: {'line': b'-- Installing: /ws/ros_ws/install/robot_manipulation/share/robot_manipulation/package.dsv\n'}
[0.269015] (robot_manipulation) StdoutLine: {'line': b'-- Up-to-date: /ws/ros_ws/install/robot_manipulation/share/ament_index/resource_index/packages/robot_manipulation\n'}
[0.269324] (robot_manipulation) StdoutLine: {'line': b'-- Up-to-date: /ws/ros_ws/install/robot_manipulation/share/robot_manipulation/cmake/robot_manipulationConfig.cmake\n'}
[0.270234] (robot_manipulation) StdoutLine: {'line': b'-- Up-to-date: /ws/ros_ws/install/robot_manipulation/share/robot_manipulation/cmake/robot_manipulationConfig-version.cmake\n'}
[0.272048] (robot_manipulation) StdoutLine: {'line': b'-- Up-to-date: /ws/ros_ws/install/robot_manipulation/share/robot_manipulation/package.xml\n'}
[0.272401] (robot_manipulation) CommandEnded: {'returncode': 0}
[0.298344] (robot_manipulation) JobEnded: {'identifier': 'robot_manipulation', 'rc': 0}
[0.300443] (robot_nlu) JobStarted: {'identifier': 'robot_nlu'}
[0.304702] (robot_nav) StdoutLine: {'line': b'-- Install configuration: ""\n'}
[0.305044] (-) TimerEvent: {}
[0.305087] (robot_nav) StdoutLine: {'line': b'-- Up-to-date: /ws/ros_ws/install/robot_nav/lib/robot_nav/nav_server_node\n'}
[0.305290] (robot_nav) StdoutLine: {'line': b'-- Up-to-date: /ws/ros_ws/install/robot_nav/include\n'}
[0.305443] (robot_nav) StdoutLine: {'line': b'-- Up-to-date: /ws/ros_ws/install/robot_nav/include/robot_nav\n'}
[0.305555] (robot_nav) StdoutLine: {'line': b'-- Up-to-date: /ws/ros_ws/install/robot_nav/include/robot_nav/location_manager.hpp\n'}
[0.305680] (robot_nav) StdoutLine: {'line': b'-- Up-to-date: /ws/ros_ws/install/robot_nav/share/ament_index/resource_index/package_run_dependencies/robot_nav\n'}
[0.305788] (robot_nav) StdoutLine: {'line': b'-- Up-to-date: /ws/ros_ws/install/robot_nav/share/ament_index/resource_index/parent_prefix_path/robot_nav\n'}
[0.305998] (robot_nav) StdoutLine: {'line': b'-- Up-to-date: /ws/ros_ws/install/robot_nav/share/robot_nav/environment/ament_prefix_path.sh\n'}
[0.306086] (robot_nav) StdoutLine: {'line': b'-- Up-to-date: /ws/ros_ws/install/robot_nav/share/robot_nav/environment/ament_prefix_path.dsv\n'}
[0.308474] (robot_nav) StdoutLine: {'line': b'-- Up-to-date: /ws/ros_ws/install/robot_nav/share/robot_nav/environment/path.sh\n'}
[0.308545] (robot_nav) StdoutLine: {'line': b'-- Up-to-date: /ws/ros_ws/install/robot_nav/share/robot_nav/environment/path.dsv\n'}
[0.308603] (robot_nav) StdoutLine: {'line': b'-- Up-to-date: /ws/ros_ws/install/robot_nav/share/robot_nav/local_setup.bash\n'}
[0.308655] (robot_nav) StdoutLine: {'line': b'-- Up-to-date: /ws/ros_ws/install/robot_nav/share/robot_nav/local_setup.sh\n'}
[0.308706] (robot_nav) StdoutLine: {'line': b'-- Up-to-date: /ws/ros_ws/install/robot_nav/share/robot_nav/local_setup.zsh\n'}
[0.308755] (robot_nav) StdoutLine: {'line': b'-- Up-to-date: /ws/ros_ws/install/robot_nav/share/robot_nav/local_setup.dsv\n'}
[0.308803] (robot_nav) StdoutLine: {'line': b'-- Installing: /ws/ros_ws/install/robot_nav/share/robot_nav/package.dsv\n'}
[0.308850] (robot_nav) StdoutLine: {'line': b'-- Up-to-date: /ws/ros_ws/install/robot_nav/share/ament_index/resource_index/packages/robot_nav\n'}
[0.308899] (robot_nav) StdoutLine: {'line': b'-- Up-to-date: /ws/ros_ws/install/robot_nav/share/robot_nav/cmake/robot_navConfig.cmake\n'}
[0.308948] (robot_nav) StdoutLine: {'line': b'-- Up-to-date: /ws/ros_ws/install/robot_nav/share/robot_nav/cmake/robot_navConfig-version.cmake\n'}
[0.308995] (robot_nav) StdoutLine: {'line': b'-- Up-to-date: /ws/ros_ws/install/robot_nav/share/robot_nav/package.xml\n'}
[0.309042] (robot_msgs) StdoutLine: {'line': b'[ 79%] Built target robot_msgs__rosidl_typesupport_c\n'}
[0.309124] (robot_msgs) StdoutLine: {'line': b'[ 79%] Built target robot_msgs\n'}
[0.310568] (robot_base) CommandEnded: {'returncode': 0}
[0.311368] (robot_base) JobProgress: {'identifier': 'robot_base', 'progress': 'install'}
[0.311400] (robot_base) Command: {'cmd': ['/usr/bin/cmake', '--install', '/ws/ros_ws/build/robot_base'], 'cwd': '/ws/ros_ws/build/robot_base', 'env': OrderedDict([('HOSTNAME', 'd53e02ab67ea'), ('SHLVL', '1'), ('LD_LIBRARY_PATH', '/opt/ros/humble/lib/x86_64-linux-gnu:/opt/ros/humble/lib'), ('HOME', '/root'), ('ROS_PYTHON_VERSION', '3'), ('ROS_DISTRO', 'humble'), ('_', '/usr/bin/colcon'), ('ROS_VERSION', '2'), ('ROS_LOCALHOST_ONLY', '0'), ('PATH', '/opt/ros/humble/bin:/usr/local/sbin:/usr/local/bin:/usr/sbin:/usr/bin:/sbin:/bin'), ('LANG', 'C.UTF-8'), ('AMENT_PREFIX_PATH', '/opt/ros/humble'), ('PWD', '/ws/ros_ws/build/robot_base'), ('LC_ALL', 'C.UTF-8'), ('PYTHONPATH', '/opt/ros/humble/lib/python3.10/site-packages:/opt/ros/humble/local/lib/python3.10/dist-packages'), ('COLCON', '1'), ('CMAKE_PREFIX_PATH', '/opt/ros/humble')]), 'shell': False}
[0.311628] (robot_nav) CommandEnded: {'returncode': 0}
[0.327232] (robot_nav) JobEnded: {'identifier': 'robot_nav', 'rc': 0}
[0.330634] (robot_safety) JobStarted: {'identifier': 'robot_safety'}
[0.335089] (robot_base) StdoutLine: {'line': b'-- Install configuration: ""\n'}
[0.335330] (robot_base) StdoutLine: {'line': b'-- Up-to-date: /ws/ros_ws/install/robot_base/lib/robot_base/base_driver_node\n'}
[0.335456] (robot_base) StdoutLine: {'line': b'-- Up-to-date: /ws/ros_ws/install/robot_base/lib/robot_base/libserial_interface_stub.a\n'}
[0.335631] (robot_base) StdoutLine: {'line': b'-- Up-to-date: /ws/ros_ws/install/robot_base/lib/robot_base/libbase_safety_utils.a\n'}
[0.335987] (robot_base) StdoutLine: {'line': b'-- Up-to-date: /ws/ros_ws/install/robot_base/include\n'}
[0.337401] (robot_base) StdoutLine: {'line': b'-- Up-to-date: /ws/ros_ws/install/robot_base/include/robot_base\n'}
[0.337561] (robot_base) StdoutLine: {'line': b'-- Up-to-date: /ws/ros_ws/install/robot_base/include/robot_base/safety_utils.hpp\n'}
[0.337893] (robot_base) StdoutLine: {'line': b'-- Up-to-date: /ws/ros_ws/install/robot_base/include/robot_base/serial_interface.hpp\n'}
[0.337997] (robot_base) StdoutLine: {'line': b'-- Up-to-date: /ws/ros_ws/install/robot_base/share/ament_index/resource_index/package_run_dependencies/robot_base\n'}
[0.338496] (robot_base) StdoutLine: {'line': b'-- Up-to-date: /ws/ros_ws/install/robot_base/share/ament_index/resource_index/parent_prefix_path/robot_base\n'}
[0.339288] (robot_base) StdoutLine: {'line': b'-- Up-to-date: /ws/ros_ws/install/robot_base/share/robot_base/environment/ament_prefix_path.sh\n'}
[0.342298] (robot_base) StdoutLine: {'line': b'-- Up-to-date: /ws/ros_ws/install/robot_base/share/robot_base/environment/ament_prefix_path.dsv\n'}
[0.342437] (robot_base) StdoutLine: {'line': b'-- Up-to-date: /ws/ros_ws/install/robot_base/share/robot_base/environment/path.sh\n'}
[0.342508] (robot_base) StdoutLine: {'line': b'-- Up-to-date: /ws/ros_ws/install/robot_base/share/robot_base/environment/path.dsv\n'}
[0.342563] (robot_base) StdoutLine: {'line': b'-- Up-to-date: /ws/ros_ws/install/robot_base/share/robot_base/local_setup.bash\n'}
[0.342610] (robot_base) StdoutLine: {'line': b'-- Up-to-date: /ws/ros_ws/install/robot_base/share/robot_base/local_setup.sh\n'}
[0.342657] (robot_base) StdoutLine: {'line': b'-- Up-to-date: /ws/ros_ws/install/robot_base/share/robot_base/local_setup.zsh\n'}
[0.342702] (robot_base) StdoutLine: {'line': b'-- Up-to-date: /ws/ros_ws/install/robot_base/share/robot_base/local_setup.dsv\n'}
[0.342748] (robot_base) StdoutLine: {'line': b'-- Installing: /ws/ros_ws/install/robot_base/share/robot_base/package.dsv\n'}
[0.342791] (robot_base) StdoutLine: {'line': b'-- Up-to-date: /ws/ros_ws/install/robot_base/share/ament_index/resource_index/packages/robot_base\n'}
[0.342837] (robot_base) StdoutLine: {'line': b'-- Up-to-date: /ws/ros_ws/install/robot_base/share/robot_base/cmake/robot_baseConfig.cmake\n'}
[0.342888] (robot_base) StdoutLine: {'line': b'-- Up-to-date: /ws/ros_ws/install/robot_base/share/robot_base/cmake/robot_baseConfig-version.cmake\n'}
[0.342934] (robot_base) StdoutLine: {'line': b'-- Up-to-date: /ws/ros_ws/install/robot_base/share/robot_base/package.xml\n'}
[0.342981] (robot_msgs) StdoutLine: {'line': b'[ 81%] Built target robot_msgs__py\n'}
[0.343046] (robot_nlu) JobProgress: {'identifier': 'robot_nlu', 'progress': 'cmake'}
[0.343062] (robot_nlu) JobProgress: {'identifier': 'robot_nlu', 'progress': 'build'}
[0.343078] (robot_nlu) Command: {'cmd': ['/usr/bin/cmake', '--build', '/ws/ros_ws/build/robot_nlu', '--', '-j4', '-l4'], 'cwd': '/ws/ros_ws/build/robot_nlu', 'env': OrderedDict([('HOSTNAME', 'd53e02ab67ea'), ('SHLVL', '1'), ('LD_LIBRARY_PATH', '/opt/ros/humble/lib/x86_64-linux-gnu:/opt/ros/humble/lib'), ('HOME', '/root'), ('ROS_PYTHON_VERSION', '3'), ('ROS_DISTRO', 'humble'), ('_', '/usr/bin/colcon'), ('ROS_VERSION', '2'), ('ROS_LOCALHOST_ONLY', '0'), ('PATH', '/opt/ros/humble/bin:/usr/local/sbin:/usr/local/bin:/usr/sbin:/usr/bin:/sbin:/bin'), ('LANG', 'C.UTF-8'), ('AMENT_PREFIX_PATH', '/opt/ros/humble'), ('PWD', '/ws/ros_ws/build/robot_nlu'), ('LC_ALL', 'C.UTF-8'), ('PYTHONPATH', '/opt/ros/humble/lib/python3.10/site-packages:/opt/ros/humble/local/lib/python3.10/dist-packages'), ('COLCON', '1'), ('CMAKE_PREFIX_PATH', '/opt/ros/humble')]), 'shell': False}
[0.344018] (robot_base) CommandEnded: {'returncode': 0}
[0.385792] (robot_base) JobEnded: {'identifier': 'robot_base', 'rc': 0}
[0.392292] (robot_voice) JobStarted: {'identifier': 'robot_voice'}
[0.401278] (robot_msgs) StdoutLine: {'line': b'[ 90%] Built target robot_msgs__rosidl_generator_py\n'}
[0.401885] (robot_safety) JobProgress: {'identifier': 'robot_safety', 'progress': 'cmake'}
[0.403258] (robot_safety) JobProgress: {'identifier': 'robot_safety', 'progress': 'build'}
[0.403632] (robot_safety) Command: {'cmd': ['/usr/bin/cmake', '--build', '/ws/ros_ws/build/robot_safety', '--', '-j4', '-l4'], 'cwd': '/ws/ros_ws/build/robot_safety', 'env': OrderedDict([('HOSTNAME', 'd53e02ab67ea'), ('SHLVL', '1'), ('LD_LIBRARY_PATH', '/opt/ros/humble/lib/x86_64-linux-gnu:/opt/ros/humble/lib'), ('HOME', '/root'), ('ROS_PYTHON_VERSION', '3'), ('ROS_DISTRO', 'humble'), ('_', '/usr/bin/colcon'), ('ROS_VERSION', '2'), ('ROS_LOCALHOST_ONLY', '0'), ('PATH', '/opt/ros/humble/bin:/usr/local/sbin:/usr/local/bin:/usr/sbin:/usr/bin:/sbin:/bin'), ('LANG', 'C.UTF-8'), ('AMENT_PREFIX_PATH', '/opt/ros/humble'), ('PWD', '/ws/ros_ws/build/robot_safety'), ('LC_ALL', 'C.UTF-8'), ('PYTHONPATH', '/opt/ros/humble/lib/python3.10/site-packages:/opt/ros/humble/local/lib/python3.10/dist-packages'), ('COLCON', '1'), ('CMAKE_PREFIX_PATH', '/opt/ros/humble')]), 'shell': False}
[0.407442] (-) TimerEvent: {}
[0.410951] (robot_voice) JobProgress: {'identifier': 'robot_voice', 'progress': 'cmake'}
[0.411194] (robot_voice) JobProgress: {'identifier': 'robot_voice', 'progress': 'build'}
[0.411565] (robot_voice) Command: {'cmd': ['/usr/bin/cmake', '--build', '/ws/ros_ws/build/robot_voice', '--', '-j4', '-l4'], 'cwd': '/ws/ros_ws/build/robot_voice', 'env': OrderedDict([('HOSTNAME', 'd53e02ab67ea'), ('SHLVL', '1'), ('LD_LIBRARY_PATH', '/opt/ros/humble/lib/x86_64-linux-gnu:/opt/ros/humble/lib'), ('HOME', '/root'), ('ROS_PYTHON_VERSION', '3'), ('ROS_DISTRO', 'humble'), ('_', '/usr/bin/colcon'), ('ROS_VERSION', '2'), ('ROS_LOCALHOST_ONLY', '0'), ('PATH', '/opt/ros/humble/bin:/usr/local/sbin:/usr/local/bin:/usr/sbin:/usr/bin:/sbin:/bin'), ('LANG', 'C.UTF-8'), ('AMENT_PREFIX_PATH', '/opt/ros/humble'), ('PWD', '/ws/ros_ws/build/robot_voice'), ('LC_ALL', 'C.UTF-8'), ('PYTHONPATH', '/opt/ros/humble/lib/python3.10/site-packages:/opt/ros/humble/local/lib/python3.10/dist-packages'), ('COLCON', '1'), ('CMAKE_PREFIX_PATH', '/opt/ros/humble')]), 'shell': False}
[0.420212] (robot_nlu) StdoutLine: {'line': b'Consolidate compiler generated dependencies of target nlu_parser\n'}
[0.423241] (robot_msgs) StdoutLine: {'line': b'[ 93%] Built target robot_msgs__rosidl_typesupport_c__pyext\n'}
[0.424352] (robot_msgs) StdoutLine: {'line': b'[ 96%] Built target robot_msgs__rosidl_typesupport_introspection_c__pyext\n'}
[0.430186] (robot_msgs) StdoutLine: {'line': b'[100%] Built target robot_msgs__rosidl_typesupport_fastrtps_c__pyext\n'}
[0.449432] (robot_nlu) StdoutLine: {'line': b'[ 20%] Built target nlu_parser\n'}
[0.456114] (robot_nlu) StdoutLine: {'line': b'[ 40%] Built target gtest_main\n'}
[0.469281] (robot_nlu) StdoutLine: {'line': b'[ 60%] Built target gtest\n'}
[0.473573] (robot_nlu) StdoutLine: {'line': b'Consolidate compiler generated dependencies of target nlu_node\n'}
[0.487868] (robot_nlu) StdoutLine: {'line': b'Consolidate compiler generated dependencies of target test_nlu_parser\n'}
[0.489532] (robot_safety) StdoutLine: {'line': b'Consolidate compiler generated dependencies of target safety_node\n'}
[0.498924] (robot_voice) StdoutLine: {'line': b'Consolidate compiler generated dependencies of target voice_bridge_node\n'}
[0.507580] (-) TimerEvent: {}
[0.513223] (robot_safety) StdoutLine: {'line': b'[100%] Built target safety_node\n'}
[0.518501] (robot_nlu) StdoutLine: {'line': b'[ 80%] Built target nlu_node\n'}
[0.518769] (robot_nlu) StdoutLine: {'line': b'[100%] Built target test_nlu_parser\n'}
[0.521095] (robot_voice) StdoutLine: {'line': b'[100%] Built target voice_bridge_node\n'}
[0.530860] (robot_safety) CommandEnded: {'returncode': 0}
[0.535055] (robot_safety) JobProgress: {'identifier': 'robot_safety', 'progress': 'install'}
[0.535127] (robot_safety) Command: {'cmd': ['/usr/bin/cmake', '--install', '/ws/ros_ws/build/robot_safety'], 'cwd': '/ws/ros_ws/build/robot_safety', 'env': OrderedDict([('HOSTNAME', 'd53e02ab67ea'), ('SHLVL', '1'), ('LD_LIBRARY_PATH', '/opt/ros/humble/lib/x86_64-linux-gnu:/opt/ros/humble/lib'), ('HOME', '/root'), ('ROS_PYTHON_VERSION', '3'), ('ROS_DISTRO', 'humble'), ('_', '/usr/bin/colcon'), ('ROS_VERSION', '2'), ('ROS_LOCALHOST_ONLY', '0'), ('PATH', '/opt/ros/humble/bin:/usr/local/sbin:/usr/local/bin:/usr/sbin:/usr/bin:/sbin:/bin'), ('LANG', 'C.UTF-8'), ('AMENT_PREFIX_PATH', '/opt/ros/humble'), ('PWD', '/ws/ros_ws/build/robot_safety'), ('LC_ALL', 'C.UTF-8'), ('PYTHONPATH', '/opt/ros/humble/lib/python3.10/site-packages:/opt/ros/humble/local/lib/python3.10/dist-packages'), ('COLCON', '1'), ('CMAKE_PREFIX_PATH', '/opt/ros/humble')]), 'shell': False}
[0.536904] (robot_nlu) CommandEnded: {'returncode': 0}
[0.537814] (robot_nlu) JobProgress: {'identifier': 'robot_nlu', 'progress': 'install'}
[0.538101] (robot_nlu) Command: {'cmd': ['/usr/bin/cmake', '--install', '/ws/ros_ws/build/robot_nlu'], 'cwd': '/ws/ros_ws/build/robot_nlu', 'env': OrderedDict([('HOSTNAME', 'd53e02ab67ea'), ('SHLVL', '1'), ('LD_LIBRARY_PATH', '/opt/ros/humble/lib/x86_64-linux-gnu:/opt/ros/humble/lib'), ('HOME', '/root'), ('ROS_PYTHON_VERSION', '3'), ('ROS_DISTRO', 'humble'), ('_', '/usr/bin/colcon'), ('ROS_VERSION', '2'), ('ROS_LOCALHOST_ONLY', '0'), ('PATH', '/opt/ros/humble/bin:/usr/local/sbin:/usr/local/bin:/usr/sbin:/usr/bin:/sbin:/bin'), ('LANG', 'C.UTF-8'), ('AMENT_PREFIX_PATH', '/opt/ros/humble'), ('PWD', '/ws/ros_ws/build/robot_nlu'), ('LC_ALL', 'C.UTF-8'), ('PYTHONPATH', '/opt/ros/humble/lib/python3.10/site-packages:/opt/ros/humble/local/lib/python3.10/dist-packages'), ('COLCON', '1'), ('CMAKE_PREFIX_PATH', '/opt/ros/humble')]), 'shell': False}
[0.541460] (robot_voice) CommandEnded: {'returncode': 0}
[0.541830] (robot_voice) JobProgress: {'identifier': 'robot_voice', 'progress': 'install'}
[0.541862] (robot_voice) Command: {'cmd': ['/usr/bin/cmake', '--install', '/ws/ros_ws/build/robot_voice'], 'cwd': '/ws/ros_ws/build/robot_voice', 'env': OrderedDict([('HOSTNAME', 'd53e02ab67ea'), ('SHLVL', '1'), ('LD_LIBRARY_PATH', '/opt/ros/humble/lib/x86_64-linux-gnu:/opt/ros/humble/lib'), ('HOME', '/root'), ('ROS_PYTHON_VERSION', '3'), ('ROS_DISTRO', 'humble'), ('_', '/usr/bin/colcon'), ('ROS_VERSION', '2'), ('ROS_LOCALHOST_ONLY', '0'), ('PATH', '/opt/ros/humble/bin:/usr/local/sbin:/usr/local/bin:/usr/sbin:/usr/bin:/sbin:/bin'), ('LANG', 'C.UTF-8'), ('AMENT_PREFIX_PATH', '/opt/ros/humble'), ('PWD', '/ws/ros_ws/build/robot_voice'), ('LC_ALL', 'C.UTF-8'), ('PYTHONPATH', '/opt/ros/humble/lib/python3.10/site-packages:/opt/ros/humble/local/lib/python3.10/dist-packages'), ('COLCON', '1'), ('CMAKE_PREFIX_PATH', '/opt/ros/humble')]), 'shell': False}
[0.545192] (robot_safety) StdoutLine: {'line': b'-- Install configuration: ""\n'}
[0.545747] (robot_safety) StdoutLine: {'line': b'-- Up-to-date: /ws/ros_ws/install/robot_safety/lib/robot_safety/safety_node\n'}
[0.547376] (robot_safety) StdoutLine: {'line': b'-- Up-to-date: /ws/ros_ws/install/robot_safety/share/ament_index/resource_index/package_run_dependencies/robot_safety\n'}
[0.547493] (robot_safety) StdoutLine: {'line': b'-- Up-to-date: /ws/ros_ws/install/robot_safety/share/ament_index/resource_index/parent_prefix_path/robot_safety\n'}
[0.547587] (robot_safety) StdoutLine: {'line': b'-- Up-to-date: /ws/ros_ws/install/robot_safety/share/robot_safety/environment/ament_prefix_path.sh\n'}
[0.547647] (robot_safety) StdoutLine: {'line': b'-- Up-to-date: /ws/ros_ws/install/robot_safety/share/robot_safety/environment/ament_prefix_path.dsv\n'}
[0.547695] (robot_safety) StdoutLine: {'line': b'-- Up-to-date: /ws/ros_ws/install/robot_safety/share/robot_safety/environment/path.sh\n'}
[0.547744] (robot_safety) StdoutLine: {'line': b'-- Up-to-date: /ws/ros_ws/install/robot_safety/share/robot_safety/environment/path.dsv\n'}
[0.547791] (robot_safety) StdoutLine: {'line': b'-- Up-to-date: /ws/ros_ws/install/robot_safety/share/robot_safety/local_setup.bash\n'}
[0.547841] (robot_safety) StdoutLine: {'line': b'-- Up-to-date: /ws/ros_ws/install/robot_safety/share/robot_safety/local_setup.sh\n'}
[0.547890] (robot_safety) StdoutLine: {'line': b'-- Up-to-date: /ws/ros_ws/install/robot_safety/share/robot_safety/local_setup.zsh\n'}
[0.547941] (robot_safety) StdoutLine: {'line': b'-- Up-to-date: /ws/ros_ws/install/robot_safety/share/robot_safety/local_setup.dsv\n'}
[0.548004] (robot_safety) StdoutLine: {'line': b'-- Installing: /ws/ros_ws/install/robot_safety/share/robot_safety/package.dsv\n'}
[0.548063] (robot_safety) StdoutLine: {'line': b'-- Up-to-date: /ws/ros_ws/install/robot_safety/share/ament_index/resource_index/packages/robot_safety\n'}
[0.548113] (robot_safety) StdoutLine: {'line': b'-- Up-to-date: /ws/ros_ws/install/robot_safety/share/robot_safety/cmake/robot_safetyConfig.cmake\n'}
[0.548236] (robot_safety) StdoutLine: {'line': b'-- Up-to-date: /ws/ros_ws/install/robot_safety/share/robot_safety/cmake/robot_safetyConfig-version.cmake\n'}
[0.548298] (robot_safety) StdoutLine: {'line': b'-- Up-to-date: /ws/ros_ws/install/robot_safety/share/robot_safety/package.xml\n'}
[0.548345] (robot_safety) CommandEnded: {'returncode': 0}
[0.563012] (robot_safety) JobEnded: {'identifier': 'robot_safety', 'rc': 0}
[0.564533] (robot_msgs) StdoutLine: {'line': b'running egg_info\n'}
[0.565196] (robot_msgs) StdoutLine: {'line': b'writing robot_msgs.egg-info/PKG-INFO\n'}
[0.565361] (robot_msgs) StdoutLine: {'line': b'writing dependency_links to robot_msgs.egg-info/dependency_links.txt\n'}
[0.565499] (robot_msgs) StdoutLine: {'line': b'writing top-level names to robot_msgs.egg-info/top_level.txt\n'}
[0.565615] (robot_msgs) StdoutLine: {'line': b"reading manifest file 'robot_msgs.egg-info/SOURCES.txt'\n"}
[0.565729] (robot_msgs) StdoutLine: {'line': b"writing manifest file 'robot_msgs.egg-info/SOURCES.txt'\n"}
[0.565877] (robot_nlu) StdoutLine: {'line': b'-- Install configuration: ""\n'}
[0.566183] (robot_nlu) StdoutLine: {'line': b'-- Up-to-date: /ws/ros_ws/install/robot_nlu/lib/robot_nlu/nlu_node\n'}
[0.566405] (robot_nlu) StdoutLine: {'line': b'-- Up-to-date: /ws/ros_ws/install/robot_nlu/lib/robot_nlu/libnlu_parser.a\n'}
[0.566660] (robot_nlu) StdoutLine: {'line': b'-- Up-to-date: /ws/ros_ws/install/robot_nlu/include\n'}
[0.566758] (robot_nlu) StdoutLine: {'line': b'-- Up-to-date: /ws/ros_ws/install/robot_nlu/include/robot_nlu\n'}
[0.566818] (robot_nlu) StdoutLine: {'line': b'-- Up-to-date: /ws/ros_ws/install/robot_nlu/include/robot_nlu/nlu_parser.hpp\n'}
[0.566977] (robot_nlu) StdoutLine: {'line': b'-- Up-to-date: /ws/ros_ws/install/robot_nlu/share/ament_index/resource_index/package_run_dependencies/robot_nlu\n'}
[0.567112] (robot_nlu) StdoutLine: {'line': b'-- Up-to-date: /ws/ros_ws/install/robot_nlu/share/ament_index/resource_index/parent_prefix_path/robot_nlu\n'}
[0.567339] (robot_nlu) StdoutLine: {'line': b'-- Up-to-date: /ws/ros_ws/install/robot_nlu/share/robot_nlu/environment/ament_prefix_path.sh\n'}
[0.567474] (robot_nlu) StdoutLine: {'line': b'-- Up-to-date: /ws/ros_ws/install/robot_nlu/share/robot_nlu/environment/ament_prefix_path.dsv\n'}
[0.567546] (robot_nlu) StdoutLine: {'line': b'-- Up-to-date: /ws/ros_ws/install/robot_nlu/share/robot_nlu/environment/path.sh\n'}
[0.567606] (robot_nlu) StdoutLine: {'line': b'-- Up-to-date: /ws/ros_ws/install/robot_nlu/share/robot_nlu/environment/path.dsv\n'}
[0.567671] (robot_nlu) StdoutLine: {'line': b'-- Up-to-date: /ws/ros_ws/install/robot_nlu/share/robot_nlu/local_setup.bash\n'}
[0.567737] (robot_nlu) StdoutLine: {'line': b'-- Up-to-date: /ws/ros_ws/install/robot_nlu/share/robot_nlu/local_setup.sh\n'}
[0.568547] (robot_nlu) StdoutLine: {'line': b'-- Up-to-date: /ws/ros_ws/install/robot_nlu/share/robot_nlu/local_setup.zsh\n'}
[0.569032] (robot_nlu) StdoutLine: {'line': b'-- Up-to-date: /ws/ros_ws/install/robot_nlu/share/robot_nlu/local_setup.dsv\n'}
[0.569449] (robot_nlu) StdoutLine: {'line': b'-- Installing: /ws/ros_ws/install/robot_nlu/share/robot_nlu/package.dsv\n'}
[0.569777] (robot_nlu) StdoutLine: {'line': b'-- Up-to-date: /ws/ros_ws/install/robot_nlu/share/ament_index/resource_index/packages/robot_nlu\n'}
[0.569873] (robot_nlu) StdoutLine: {'line': b'-- Up-to-date: /ws/ros_ws/install/robot_nlu/share/robot_nlu/cmake/robot_nluConfig.cmake\n'}
[0.572040] (robot_nlu) StdoutLine: {'line': b'-- Up-to-date: /ws/ros_ws/install/robot_nlu/share/robot_nlu/cmake/robot_nluConfig-version.cmake\n'}
[0.572162] (robot_nlu) StdoutLine: {'line': b'-- Up-to-date: /ws/ros_ws/install/robot_nlu/share/robot_nlu/package.xml\n'}
[0.572806] (robot_voice) StdoutLine: {'line': b'-- Install configuration: ""\n'}
[0.572909] (robot_voice) StdoutLine: {'line': b'-- Up-to-date: /ws/ros_ws/install/robot_voice/lib/robot_voice/voice_bridge_node\n'}
[0.572986] (robot_voice) StdoutLine: {'line': b'-- Up-to-date: /ws/ros_ws/install/robot_voice/share/ament_index/resource_index/package_run_dependencies/robot_voice\n'}
[0.573659] (robot_voice) StdoutLine: {'line': b'-- Up-to-date: /ws/ros_ws/install/robot_voice/share/ament_index/resource_index/parent_prefix_path/robot_voice\n'}
[0.573837] (robot_voice) StdoutLine: {'line': b'-- Up-to-date: /ws/ros_ws/install/robot_voice/share/robot_voice/environment/ament_prefix_path.sh\n'}
[0.573909] (robot_voice) StdoutLine: {'line': b'-- Up-to-date: /ws/ros_ws/install/robot_voice/share/robot_voice/environment/ament_prefix_path.dsv\n'}
[0.573982] (robot_voice) StdoutLine: {'line': b'-- Up-to-date: /ws/ros_ws/install/robot_voice/share/robot_voice/environment/path.sh\n'}
[0.574054] (robot_voice) StdoutLine: {'line': b'-- Up-to-date: /ws/ros_ws/install/robot_voice/share/robot_voice/environment/path.dsv\n'}
[0.574126] (robot_voice) StdoutLine: {'line': b'-- Up-to-date: /ws/ros_ws/install/robot_voice/share/robot_voice/local_setup.bash\n'}
[0.574533] (robot_voice) StdoutLine: {'line': b'-- Up-to-date: /ws/ros_ws/install/robot_voice/share/robot_voice/local_setup.sh\n'}
[0.574625] (robot_voice) StdoutLine: {'line': b'-- Up-to-date: /ws/ros_ws/install/robot_voice/share/robot_voice/local_setup.zsh\n'}
[0.574782] (robot_voice) StdoutLine: {'line': b'-- Up-to-date: /ws/ros_ws/install/robot_voice/share/robot_voice/local_setup.dsv\n'}
[0.575356] (robot_voice) StdoutLine: {'line': b'-- Installing: /ws/ros_ws/install/robot_voice/share/robot_voice/package.dsv\n'}
[0.575439] (robot_voice) StdoutLine: {'line': b'-- Up-to-date: /ws/ros_ws/install/robot_voice/share/ament_index/resource_index/packages/robot_voice\n'}
[0.575967] (robot_voice) StdoutLine: {'line': b'-- Up-to-date: /ws/ros_ws/install/robot_voice/share/robot_voice/cmake/robot_voiceConfig.cmake\n'}
[0.578557] (robot_voice) StdoutLine: {'line': b'-- Up-to-date: /ws/ros_ws/install/robot_voice/share/robot_voice/cmake/robot_voiceConfig-version.cmake\n'}
[0.578817] (robot_voice) StdoutLine: {'line': b'-- Up-to-date: /ws/ros_ws/install/robot_voice/share/robot_voice/package.xml\n'}
[0.578933] (robot_nlu) CommandEnded: {'returncode': 0}
[0.586527] (robot_nlu) JobEnded: {'identifier': 'robot_nlu', 'rc': 0}
[0.587084] (robot_voice) CommandEnded: {'returncode': 0}
[0.599660] (robot_voice) JobEnded: {'identifier': 'robot_voice', 'rc': 0}
[0.607703] (-) TimerEvent: {}
[0.614707] (robot_msgs) StdoutLine: {'line': b'[100%] Built target ament_cmake_python_build_robot_msgs_egg\n'}
[0.627365] (robot_msgs) CommandEnded: {'returncode': 0}
[0.628272] (robot_msgs) JobProgress: {'identifier': 'robot_msgs', 'progress': 'install'}
[0.628517] (robot_msgs) Command: {'cmd': ['/usr/bin/cmake', '--install', '/ws/ros_ws/build/robot_msgs'], 'cwd': '/ws/ros_ws/build/robot_msgs', 'env': OrderedDict([('HOSTNAME', 'd53e02ab67ea'), ('SHLVL', '1'), ('LD_LIBRARY_PATH', '/opt/ros/humble/lib/x86_64-linux-gnu:/opt/ros/humble/lib'), ('HOME', '/root'), ('ROS_PYTHON_VERSION', '3'), ('ROS_DISTRO', 'humble'), ('_', '/usr/bin/colcon'), ('ROS_VERSION', '2'), ('ROS_LOCALHOST_ONLY', '0'), ('PATH', '/opt/ros/humble/bin:/usr/local/sbin:/usr/local/bin:/usr/sbin:/usr/bin:/sbin:/bin'), ('LANG', 'C.UTF-8'), ('AMENT_PREFIX_PATH', '/opt/ros/humble'), ('PWD', '/ws/ros_ws/build/robot_msgs'), ('LC_ALL', 'C.UTF-8'), ('PYTHONPATH', '/opt/ros/humble/lib/python3.10/site-packages:/opt/ros/humble/local/lib/python3.10/dist-packages'), ('COLCON', '1')]), 'shell': False}
[0.637801] (robot_msgs) StdoutLine: {'line': b'-- Install configuration: ""\n'}
[0.638269] (robot_msgs) StdoutLine: {'line': b'-- Up-to-date: /ws/ros_ws/install/robot_msgs/share/ament_index/resource_index/rosidl_interfaces/robot_msgs\n'}
[0.638395] (robot_msgs) StdoutLine: {'line': b'-- Up-to-date: /ws/ros_ws/install/robot_msgs/include/robot_msgs/robot_msgs\n'}
[0.638459] (robot_msgs) StdoutLine: {'line': b'-- Up-to-date: /ws/ros_ws/install/robot_msgs/include/robot_msgs/robot_msgs/msg\n'}
[0.638522] (robot_msgs) StdoutLine: {'line': b'-- Up-to-date: /ws/ros_ws/install/robot_msgs/include/robot_msgs/robot_msgs/msg/rosidl_generator_c__visibility_control.h\n'}
[0.638683] (robot_msgs) StdoutLine: {'line': b'-- Up-to-date: /ws/ros_ws/install/robot_msgs/include/robot_msgs/robot_msgs/srv\n'}
[0.639034] (robot_msgs) StdoutLine: {'line': b'-- Up-to-date: /ws/ros_ws/install/robot_msgs/include/robot_msgs/robot_msgs/srv/find_person.h\n'}
[0.639125] (robot_msgs) StdoutLine: {'line': b'-- Up-to-date: /ws/ros_ws/install/robot_msgs/include/robot_msgs/robot_msgs/srv/detect_object.h\n'}
[0.639202] (robot_msgs) StdoutLine: {'line': b'-- Up-to-date: /ws/ros_ws/install/robot_msgs/include/robot_msgs/robot_msgs/srv/detail\n'}
[0.639262] (robot_msgs) StdoutLine: {'line': b'-- Up-to-date: /ws/ros_ws/install/robot_msgs/include/robot_msgs/robot_msgs/srv/detail/detect_object__type_support.h\n'}
[0.639298] (robot_msgs) StdoutLine: {'line': b'-- Up-to-date: /ws/ros_ws/install/robot_msgs/include/robot_msgs/robot_msgs/srv/detail/enroll_owner__functions.h\n'}
[0.639347] (robot_msgs) StdoutLine: {'line': b'-- Up-to-date: /ws/ros_ws/install/robot_msgs/include/robot_msgs/robot_msgs/srv/detail/find_person__struct.h\n'}
[0.639380] (robot_msgs) StdoutLine: {'line': b'-- Up-to-date: /ws/ros_ws/install/robot_msgs/include/robot_msgs/robot_msgs/srv/detail/detect_object__struct.h\n'}
[0.639427] (robot_msgs) StdoutLine: {'line': b'-- Up-to-date: /ws/ros_ws/install/robot_msgs/include/robot_msgs/robot_msgs/srv/detail/find_person__functions.c\n'}
[0.639465] (robot_msgs) StdoutLine: {'line': b'-- Up-to-date: /ws/ros_ws/install/robot_msgs/include/robot_msgs/robot_msgs/srv/detail/enroll_owner__functions.c\n'}
[0.639524] (robot_msgs) StdoutLine: {'line': b'-- Up-to-date: /ws/ros_ws/install/robot_msgs/include/robot_msgs/robot_msgs/srv/detail/detect_object__functions.h\n'}
[0.639574] (robot_msgs) StdoutLine: {'line': b'-- Up-to-date: /ws/ros_ws/install/robot_msgs/include/robot_msgs/robot_msgs/srv/detail/enroll_owner__struct.h\n'}
[0.639650] (robot_msgs) StdoutLine: {'line': b'-- Up-to-date: /ws/ros_ws/install/robot_msgs/include/robot_msgs/robot_msgs/srv/detail/find_person__functions.h\n'}
[0.639708] (robot_msgs) StdoutLine: {'line': b'-- Up-to-date: /ws/ros_ws/install/robot_msgs/include/robot_msgs/robot_msgs/srv/detail/find_person__type_support.h\n'}
[0.639765] (robot_msgs) StdoutLine: {'line': b'-- Up-to-date: /ws/ros_ws/install/robot_msgs/include/robot_msgs/robot_msgs/srv/detail/enroll_owner__type_support.h\n'}
[0.639807] (robot_msgs) StdoutLine: {'line': b'-- Up-to-date: /ws/ros_ws/install/robot_msgs/include/robot_msgs/robot_msgs/srv/detail/detect_object__functions.c\n'}
[0.639855] (robot_msgs) StdoutLine: {'line': b'-- Up-to-date: /ws/ros_ws/install/robot_msgs/include/robot_msgs/robot_msgs/srv/enroll_owner.h\n'}
[0.639906] (robot_msgs) StdoutLine: {'line': b'-- Up-to-date: /ws/ros_ws/install/robot_msgs/include/robot_msgs/robot_msgs/action\n'}
[0.639945] (robot_msgs) StdoutLine: {'line': b'-- Up-to-date: /ws/ros_ws/install/robot_msgs/include/robot_msgs/robot_msgs/action/hand_over.h\n'}
[0.639985] (robot_msgs) StdoutLine: {'line': b'-- Up-to-date: /ws/ros_ws/install/robot_msgs/include/robot_msgs/robot_msgs/action/pick_bottle.h\n'}
[0.640765] (robot_msgs) StdoutLine: {'line': b'-- Up-to-date: /ws/ros_ws/install/robot_msgs/include/robot_msgs/robot_msgs/action/detail\n'}
[0.640884] (robot_msgs) StdoutLine: {'line': b'-- Up-to-date: /ws/ros_ws/install/robot_msgs/include/robot_msgs/robot_msgs/action/detail/hand_over__functions.h\n'}
[0.641043] (robot_msgs) StdoutLine: {'line': b'-- Up-to-date: /ws/ros_ws/install/robot_msgs/include/robot_msgs/robot_msgs/action/detail/pick_bottle__struct.h\n'}
[0.641397] (robot_msgs) StdoutLine: {'line': b'-- Up-to-date: /ws/ros_ws/install/robot_msgs/include/robot_msgs/robot_msgs/action/detail/pick_bottle__functions.h\n'}
[0.641603] (robot_msgs) StdoutLine: {'line': b'-- Up-to-date: /ws/ros_ws/install/robot_msgs/include/robot_msgs/robot_msgs/action/detail/hand_over__struct.h\n'}
[0.641680] (robot_msgs) StdoutLine: {'line': b'-- Up-to-date: /ws/ros_ws/install/robot_msgs/include/robot_msgs/robot_msgs/action/detail/pick_bottle__functions.c\n'}
[0.642010] (robot_msgs) StdoutLine: {'line': b'-- Up-to-date: /ws/ros_ws/install/robot_msgs/include/robot_msgs/robot_msgs/action/detail/hand_over__type_support.h\n'}
[0.642086] (robot_msgs) StdoutLine: {'line': b'-- Up-to-date: /ws/ros_ws/install/robot_msgs/include/robot_msgs/robot_msgs/action/detail/pick_bottle__type_support.h\n'}
[0.642332] (robot_msgs) StdoutLine: {'line': b'-- Up-to-date: /ws/ros_ws/install/robot_msgs/include/robot_msgs/robot_msgs/action/detail/hand_over__functions.c\n'}
[0.642528] (robot_msgs) StdoutLine: {'line': b'-- Up-to-date: /ws/ros_ws/install/robot_msgs/share/robot_msgs/environment/library_path.sh\n'}
[0.642631] (robot_msgs) StdoutLine: {'line': b'-- Up-to-date: /ws/ros_ws/install/robot_msgs/share/robot_msgs/environment/library_path.dsv\n'}
[0.642702] (robot_msgs) StdoutLine: {'line': b'-- Up-to-date: /ws/ros_ws/install/robot_msgs/lib/librobot_msgs__rosidl_generator_c.so\n'}
[0.642774] (robot_msgs) StdoutLine: {'line': b'-- Up-to-date: /ws/ros_ws/install/robot_msgs/include/robot_msgs/robot_msgs\n'}
[0.642951] (robot_msgs) StdoutLine: {'line': b'-- Up-to-date: /ws/ros_ws/install/robot_msgs/include/robot_msgs/robot_msgs/msg\n'}
[0.643048] (robot_msgs) StdoutLine: {'line': b'-- Up-to-date: /ws/ros_ws/install/robot_msgs/include/robot_msgs/robot_msgs/msg/rosidl_typesupport_fastrtps_c__visibility_control.h\n'}
[0.643421] (robot_msgs) StdoutLine: {'line': b'-- Up-to-date: /ws/ros_ws/install/robot_msgs/include/robot_msgs/robot_msgs/srv\n'}
[0.643497] (robot_msgs) StdoutLine: {'line': b'-- Up-to-date: /ws/ros_ws/install/robot_msgs/include/robot_msgs/robot_msgs/srv/detail\n'}
[0.643539] (robot_msgs) StdoutLine: {'line': b'-- Up-to-date: /ws/ros_ws/install/robot_msgs/include/robot_msgs/robot_msgs/srv/detail/enroll_owner__rosidl_typesupport_fastrtps_c.h\n'}
[0.643574] (robot_msgs) StdoutLine: {'line': b'-- Up-to-date: /ws/ros_ws/install/robot_msgs/include/robot_msgs/robot_msgs/srv/detail/detect_object__rosidl_typesupport_fastrtps_c.h\n'}
[0.643616] (robot_msgs) StdoutLine: {'line': b'-- Up-to-date: /ws/ros_ws/install/robot_msgs/include/robot_msgs/robot_msgs/srv/detail/find_person__rosidl_typesupport_fastrtps_c.h\n'}
[0.643648] (robot_msgs) StdoutLine: {'line': b'-- Up-to-date: /ws/ros_ws/install/robot_msgs/include/robot_msgs/robot_msgs/action\n'}
[0.643680] (robot_msgs) StdoutLine: {'line': b'-- Up-to-date: /ws/ros_ws/install/robot_msgs/include/robot_msgs/robot_msgs/action/detail\n'}
[0.643712] (robot_msgs) StdoutLine: {'line': b'-- Up-to-date: /ws/ros_ws/install/robot_msgs/include/robot_msgs/robot_msgs/action/detail/pick_bottle__rosidl_typesupport_fastrtps_c.h\n'}
[0.643744] (robot_msgs) StdoutLine: {'line': b'-- Up-to-date: /ws/ros_ws/install/robot_msgs/include/robot_msgs/robot_msgs/action/detail/hand_over__rosidl_typesupport_fastrtps_c.h\n'}
[0.643774] (robot_msgs) StdoutLine: {'line': b'-- Up-to-date: /ws/ros_ws/install/robot_msgs/lib/librobot_msgs__rosidl_typesupport_fastrtps_c.so\n'}
[0.643806] (robot_msgs) StdoutLine: {'line': b'-- Up-to-date: /ws/ros_ws/install/robot_msgs/include/robot_msgs/robot_msgs\n'}
[0.643837] (robot_msgs) StdoutLine: {'line': b'-- Up-to-date: /ws/ros_ws/install/robot_msgs/include/robot_msgs/robot_msgs/msg\n'}
[0.643871] (robot_msgs) StdoutLine: {'line': b'-- Up-to-date: /ws/ros_ws/install/robot_msgs/include/robot_msgs/robot_msgs/msg/rosidl_typesupport_introspection_c__visibility_control.h\n'}
[0.643903] (robot_msgs) StdoutLine: {'line': b'-- Up-to-date: /ws/ros_ws/install/robot_msgs/include/robot_msgs/robot_msgs/srv\n'}
[0.643934] (robot_msgs) StdoutLine: {'line': b'-- Up-to-date: /ws/ros_ws/install/robot_msgs/include/robot_msgs/robot_msgs/srv/detail\n'}
[0.643964] (robot_msgs) StdoutLine: {'line': b'-- Up-to-date: /ws/ros_ws/install/robot_msgs/include/robot_msgs/robot_msgs/srv/detail/enroll_owner__rosidl_typesupport_introspection_c.h\n'}
[0.643995] (robot_msgs) StdoutLine: {'line': b'-- Up-to-date: /ws/ros_ws/install/robot_msgs/include/robot_msgs/robot_msgs/srv/detail/find_person__rosidl_typesupport_introspection_c.h\n'}
[0.644025] (robot_msgs) StdoutLine: {'line': b'-- Up-to-date: /ws/ros_ws/install/robot_msgs/include/robot_msgs/robot_msgs/srv/detail/find_person__type_support.c\n'}
[0.644061] (robot_msgs) StdoutLine: {'line': b'-- Up-to-date: /ws/ros_ws/install/robot_msgs/include/robot_msgs/robot_msgs/srv/detail/detect_object__type_support.c\n'}
[0.644092] (robot_msgs) StdoutLine: {'line': b'-- Up-to-date: /ws/ros_ws/install/robot_msgs/include/robot_msgs/robot_msgs/srv/detail/enroll_owner__type_support.c\n'}
[0.644124] (robot_msgs) StdoutLine: {'line': b'-- Up-to-date: /ws/ros_ws/install/robot_msgs/include/robot_msgs/robot_msgs/srv/detail/detect_object__rosidl_typesupport_introspection_c.h\n'}
[0.644611] (robot_msgs) StdoutLine: {'line': b'-- Up-to-date: /ws/ros_ws/install/robot_msgs/include/robot_msgs/robot_msgs/action\n'}
[0.644879] (robot_msgs) StdoutLine: {'line': b'-- Up-to-date: /ws/ros_ws/install/robot_msgs/include/robot_msgs/robot_msgs/action/detail\n'}
[0.645087] (robot_msgs) StdoutLine: {'line': b'-- Up-to-date: /ws/ros_ws/install/robot_msgs/include/robot_msgs/robot_msgs/action/detail/pick_bottle__rosidl_typesupport_introspection_c.h\n'}
[0.645315] (robot_msgs) StdoutLine: {'line': b'-- Up-to-date: /ws/ros_ws/install/robot_msgs/include/robot_msgs/robot_msgs/action/detail/hand_over__rosidl_typesupport_introspection_c.h\n'}
[0.645579] (robot_msgs) StdoutLine: {'line': b'-- Up-to-date: /ws/ros_ws/install/robot_msgs/include/robot_msgs/robot_msgs/action/detail/pick_bottle__type_support.c\n'}
[0.645660] (robot_msgs) StdoutLine: {'line': b'-- Up-to-date: /ws/ros_ws/install/robot_msgs/include/robot_msgs/robot_msgs/action/detail/hand_over__type_support.c\n'}
[0.645878] (robot_msgs) StdoutLine: {'line': b'-- Up-to-date: /ws/ros_ws/install/robot_msgs/lib/librobot_msgs__rosidl_typesupport_introspection_c.so\n'}
[0.646104] (robot_msgs) StdoutLine: {'line': b'-- Up-to-date: /ws/ros_ws/install/robot_msgs/lib/librobot_msgs__rosidl_typesupport_c.so\n'}
[0.646478] (robot_msgs) StdoutLine: {'line': b'-- Up-to-date: /ws/ros_ws/install/robot_msgs/include/robot_msgs/robot_msgs\n'}
[0.646548] (robot_msgs) StdoutLine: {'line': b'-- Up-to-date: /ws/ros_ws/install/robot_msgs/include/robot_msgs/robot_msgs/msg\n'}
[0.646708] (robot_msgs) StdoutLine: {'line': b'-- Up-to-date: /ws/ros_ws/install/robot_msgs/include/robot_msgs/robot_msgs/msg/rosidl_generator_cpp__visibility_control.hpp\n'}
[0.646803] (robot_msgs) StdoutLine: {'line': b'-- Up-to-date: /ws/ros_ws/install/robot_msgs/include/robot_msgs/robot_msgs/srv\n'}
[0.646854] (robot_msgs) StdoutLine: {'line': b'-- Up-to-date: /ws/ros_ws/install/robot_msgs/include/robot_msgs/robot_msgs/srv/enroll_owner.hpp\n'}
[0.646902] (robot_msgs) StdoutLine: {'line': b'-- Up-to-date: /ws/ros_ws/install/robot_msgs/include/robot_msgs/robot_msgs/srv/detect_object.hpp\n'}
[0.646959] (robot_msgs) StdoutLine: {'line': b'-- Up-to-date: /ws/ros_ws/install/robot_msgs/include/robot_msgs/robot_msgs/srv/find_person.hpp\n'}
[0.647022] (robot_msgs) StdoutLine: {'line': b'-- Up-to-date: /ws/ros_ws/install/robot_msgs/include/robot_msgs/robot_msgs/srv/detail\n'}
[0.647237] (robot_msgs) StdoutLine: {'line': b'-- Up-to-date: /ws/ros_ws/install/robot_msgs/include/robot_msgs/robot_msgs/srv/detail/detect_object__builder.hpp\n'}
[0.647403] (robot_msgs) StdoutLine: {'line': b'-- Up-to-date: /ws/ros_ws/install/robot_msgs/include/robot_msgs/robot_msgs/srv/detail/find_person__type_support.hpp\n'}
[0.647610] (robot_msgs) StdoutLine: {'line': b'-- Up-to-date: /ws/ros_ws/install/robot_msgs/include/robot_msgs/robot_msgs/srv/detail/enroll_owner__struct.hpp\n'}
[0.647704] (robot_msgs) StdoutLine: {'line': b'-- Up-to-date: /ws/ros_ws/install/robot_msgs/include/robot_msgs/robot_msgs/srv/detail/find_person__struct.hpp\n'}
[0.647814] (robot_msgs) StdoutLine: {'line': b'-- Up-to-date: /ws/ros_ws/install/robot_msgs/include/robot_msgs/robot_msgs/srv/detail/enroll_owner__traits.hpp\n'}
[0.647973] (robot_msgs) StdoutLine: {'line': b'-- Up-to-date: /ws/ros_ws/install/robot_msgs/include/robot_msgs/robot_msgs/srv/detail/enroll_owner__type_support.hpp\n'}
[0.648077] (robot_msgs) StdoutLine: {'line': b'-- Up-to-date: /ws/ros_ws/install/robot_msgs/include/robot_msgs/robot_msgs/srv/detail/detect_object__struct.hpp\n'}
[0.648471] (robot_msgs) StdoutLine: {'line': b'-- Up-to-date: /ws/ros_ws/install/robot_msgs/include/robot_msgs/robot_msgs/srv/detail/find_person__builder.hpp\n'}
[0.648566] (robot_msgs) StdoutLine: {'line': b'-- Up-to-date: /ws/ros_ws/install/robot_msgs/include/robot_msgs/robot_msgs/srv/detail/detect_object__type_support.hpp\n'}
[0.648850] (robot_msgs) StdoutLine: {'line': b'-- Up-to-date: /ws/ros_ws/install/robot_msgs/include/robot_msgs/robot_msgs/srv/detail/detect_object__traits.hpp\n'}
[0.648975] (robot_msgs) StdoutLine: {'line': b'-- Up-to-date: /ws/ros_ws/install/robot_msgs/include/robot_msgs/robot_msgs/srv/detail/enroll_owner__builder.hpp\n'}
[0.649082] (robot_msgs) StdoutLine: {'line': b'-- Up-to-date: /ws/ros_ws/install/robot_msgs/include/robot_msgs/robot_msgs/srv/detail/find_person__traits.hpp\n'}
[0.649250] (robot_msgs) StdoutLine: {'line': b'-- Up-to-date: /ws/ros_ws/install/robot_msgs/include/robot_msgs/robot_msgs/action\n'}
[0.649356] (robot_msgs) StdoutLine: {'line': b'-- Up-to-date: /ws/ros_ws/install/robot_msgs/include/robot_msgs/robot_msgs/action/pick_bottle.hpp\n'}
[0.649424] (robot_msgs) StdoutLine: {'line': b'-- Up-to-date: /ws/ros_ws/install/robot_msgs/include/robot_msgs/robot_msgs/action/detail\n'}
[0.649472] (robot_msgs) StdoutLine: {'line': b'-- Up-to-date: /ws/ros_ws/install/robot_msgs/include/robot_msgs/robot_msgs/action/detail/pick_bottle__builder.hpp\n'}
[0.649524] (robot_msgs) StdoutLine: {'line': b'-- Up-to-date: /ws/ros_ws/install/robot_msgs/include/robot_msgs/robot_msgs/action/detail/hand_over__struct.hpp\n'}
[0.649568] (robot_msgs) StdoutLine: {'line': b'-- Up-to-date: /ws/ros_ws/install/robot_msgs/include/robot_msgs/robot_msgs/action/detail/hand_over__type_support.hpp\n'}
[0.649613] (robot_msgs) StdoutLine: {'line': b'-- Up-to-date: /ws/ros_ws/install/robot_msgs/include/robot_msgs/robot_msgs/action/detail/pick_bottle__struct.hpp\n'}
[0.649660] (robot_msgs) StdoutLine: {'line': b'-- Up-to-date: /ws/ros_ws/install/robot_msgs/include/robot_msgs/robot_msgs/action/detail/pick_bottle__type_support.hpp\n'}
[0.649703] (robot_msgs) StdoutLine: {'line': b'-- Up-to-date: /ws/ros_ws/install/robot_msgs/include/robot_msgs/robot_msgs/action/detail/pick_bottle__traits.hpp\n'}
[0.649746] (robot_msgs) StdoutLine: {'line': b'-- Up-to-date: /ws/ros_ws/install/robot_msgs/include/robot_msgs/robot_msgs/action/detail/hand_over__traits.hpp\n'}
[0.649791] (robot_msgs) StdoutLine: {'line': b'-- Up-to-date: /ws/ros_ws/install/robot_msgs/include/robot_msgs/robot_msgs/action/detail/hand_over__builder.hpp\n'}
[0.649837] (robot_msgs) StdoutLine: {'line': b'-- Up-to-date: /ws/ros_ws/install/robot_msgs/include/robot_msgs/robot_msgs/action/hand_over.hpp\n'}
[0.649882] (robot_msgs) StdoutLine: {'line': b'-- Up-to-date: /ws/ros_ws/install/robot_msgs/include/robot_msgs/robot_msgs\n'}
[0.649926] (robot_msgs) StdoutLine: {'line': b'-- Up-to-date: /ws/ros_ws/install/robot_msgs/include/robot_msgs/robot_msgs/msg\n'}
[0.649971] (robot_msgs) StdoutLine: {'line': b'-- Up-to-date: /ws/ros_ws/install/robot_msgs/include/robot_msgs/robot_msgs/msg/rosidl_typesupport_fastrtps_cpp__visibility_control.h\n'}
[0.650015] (robot_msgs) StdoutLine: {'line': b'-- Up-to-date: /ws/ros_ws/install/robot_msgs/include/robot_msgs/robot_msgs/srv\n'}
[0.650058] (robot_msgs) StdoutLine: {'line': b'-- Up-to-date: /ws/ros_ws/install/robot_msgs/include/robot_msgs/robot_msgs/srv/detail\n'}
[0.650102] (robot_msgs) StdoutLine: {'line': b'-- Up-to-date: /ws/ros_ws/install/robot_msgs/include/robot_msgs/robot_msgs/srv/detail/detect_object__rosidl_typesupport_fastrtps_cpp.hpp\n'}
[0.650176] (robot_msgs) StdoutLine: {'line': b'-- Up-to-date: /ws/ros_ws/install/robot_msgs/include/robot_msgs/robot_msgs/srv/detail/find_person__rosidl_typesupport_fastrtps_cpp.hpp\n'}
[0.650227] (robot_msgs) StdoutLine: {'line': b'-- Up-to-date: /ws/ros_ws/install/robot_msgs/include/robot_msgs/robot_msgs/srv/detail/dds_fastrtps\n'}
[0.650273] (robot_msgs) StdoutLine: {'line': b'-- Up-to-date: /ws/ros_ws/install/robot_msgs/include/robot_msgs/robot_msgs/srv/detail/enroll_owner__rosidl_typesupport_fastrtps_cpp.hpp\n'}
[0.650315] (robot_msgs) StdoutLine: {'line': b'-- Up-to-date: /ws/ros_ws/install/robot_msgs/include/robot_msgs/robot_msgs/action\n'}
[0.650408] (robot_msgs) StdoutLine: {'line': b'-- Up-to-date: /ws/ros_ws/install/robot_msgs/include/robot_msgs/robot_msgs/action/detail\n'}
[0.650451] (robot_msgs) StdoutLine: {'line': b'-- Up-to-date: /ws/ros_ws/install/robot_msgs/include/robot_msgs/robot_msgs/action/detail/pick_bottle__rosidl_typesupport_fastrtps_cpp.hpp\n'}
[0.650495] (robot_msgs) StdoutLine: {'line': b'-- Up-to-date: /ws/ros_ws/install/robot_msgs/include/robot_msgs/robot_msgs/action/detail/hand_over__rosidl_typesupport_fastrtps_cpp.hpp\n'}
[0.650537] (robot_msgs) StdoutLine: {'line': b'-- Up-to-date: /ws/ros_ws/install/robot_msgs/include/robot_msgs/robot_msgs/action/detail/dds_fastrtps\n'}
[0.650600] (robot_msgs) StdoutLine: {'line': b'-- Up-to-date: /ws/ros_ws/install/robot_msgs/lib/librobot_msgs__rosidl_typesupport_fastrtps_cpp.so\n'}
[0.650651] (robot_msgs) StdoutLine: {'line': b'-- Up-to-date: /ws/ros_ws/install/robot_msgs/include/robot_msgs/robot_msgs\n'}
[0.650725] (robot_msgs) StdoutLine: {'line': b'-- Up-to-date: /ws/ros_ws/install/robot_msgs/include/robot_msgs/robot_msgs/srv\n'}
[0.650797] (robot_msgs) StdoutLine: {'line': b'-- Up-to-date: /ws/ros_ws/install/robot_msgs/include/robot_msgs/robot_msgs/srv/detail\n'}
[0.650912] (robot_msgs) StdoutLine: {'line': b'-- Up-to-date: /ws/ros_ws/install/robot_msgs/include/robot_msgs/robot_msgs/srv/detail/enroll_owner__rosidl_typesupport_introspection_cpp.hpp\n'}
[0.650991] (robot_msgs) StdoutLine: {'line': b'-- Up-to-date: /ws/ros_ws/install/robot_msgs/include/robot_msgs/robot_msgs/srv/detail/find_person__rosidl_typesupport_introspection_cpp.hpp\n'}
[0.651248] (robot_msgs) StdoutLine: {'line': b'-- Up-to-date: /ws/ros_ws/install/robot_msgs/include/robot_msgs/robot_msgs/srv/detail/detect_object__rosidl_typesupport_introspection_cpp.hpp\n'}
[0.651338] (robot_msgs) StdoutLine: {'line': b'-- Up-to-date: /ws/ros_ws/install/robot_msgs/include/robot_msgs/robot_msgs/srv/detail/enroll_owner__type_support.cpp\n'}
[0.651396] (robot_msgs) StdoutLine: {'line': b'-- Up-to-date: /ws/ros_ws/install/robot_msgs/include/robot_msgs/robot_msgs/srv/detail/find_person__type_support.cpp\n'}
[0.651456] (robot_msgs) StdoutLine: {'line': b'-- Up-to-date: /ws/ros_ws/install/robot_msgs/include/robot_msgs/robot_msgs/srv/detail/detect_object__type_support.cpp\n'}
[0.651518] (robot_msgs) StdoutLine: {'line': b'-- Up-to-date: /ws/ros_ws/install/robot_msgs/include/robot_msgs/robot_msgs/action\n'}
[0.651580] (robot_msgs) StdoutLine: {'line': b'-- Up-to-date: /ws/ros_ws/install/robot_msgs/include/robot_msgs/robot_msgs/action/detail\n'}
[0.651640] (robot_msgs) StdoutLine: {'line': b'-- Up-to-date: /ws/ros_ws/install/robot_msgs/include/robot_msgs/robot_msgs/action/detail/hand_over__rosidl_typesupport_introspection_cpp.hpp\n'}
[0.651708] (robot_msgs) StdoutLine: {'line': b'-- Up-to-date: /ws/ros_ws/install/robot_msgs/include/robot_msgs/robot_msgs/action/detail/pick_bottle__rosidl_typesupport_introspection_cpp.hpp\n'}
[0.651764] (robot_msgs) StdoutLine: {'line': b'-- Up-to-date: /ws/ros_ws/install/robot_msgs/include/robot_msgs/robot_msgs/action/detail/pick_bottle__type_support.cpp\n'}
[0.651827] (robot_msgs) StdoutLine: {'line': b'-- Up-to-date: /ws/ros_ws/install/robot_msgs/include/robot_msgs/robot_msgs/action/detail/hand_over__type_support.cpp\n'}
[0.651886] (robot_msgs) StdoutLine: {'line': b'-- Up-to-date: /ws/ros_ws/install/robot_msgs/lib/librobot_msgs__rosidl_typesupport_introspection_cpp.so\n'}
[0.651930] (robot_msgs) StdoutLine: {'line': b'-- Up-to-date: /ws/ros_ws/install/robot_msgs/lib/librobot_msgs__rosidl_typesupport_cpp.so\n'}
[0.651974] (robot_msgs) StdoutLine: {'line': b'-- Up-to-date: /ws/ros_ws/install/robot_msgs/share/robot_msgs/environment/pythonpath.sh\n'}
[0.652015] (robot_msgs) StdoutLine: {'line': b'-- Up-to-date: /ws/ros_ws/install/robot_msgs/share/robot_msgs/environment/pythonpath.dsv\n'}
[0.652070] (robot_msgs) StdoutLine: {'line': b'-- Up-to-date: /ws/ros_ws/install/robot_msgs/local/lib/python3.10/dist-packages/robot_msgs-0.0.1-py3.10.egg-info\n'}
[0.652127] (robot_msgs) StdoutLine: {'line': b'-- Installing: /ws/ros_ws/install/robot_msgs/local/lib/python3.10/dist-packages/robot_msgs-0.0.1-py3.10.egg-info/PKG-INFO\n'}
[0.652205] (robot_msgs) StdoutLine: {'line': b'-- Installing: /ws/ros_ws/install/robot_msgs/local/lib/python3.10/dist-packages/robot_msgs-0.0.1-py3.10.egg-info/SOURCES.txt\n'}
[0.652320] (robot_msgs) StdoutLine: {'line': b'-- Installing: /ws/ros_ws/install/robot_msgs/local/lib/python3.10/dist-packages/robot_msgs-0.0.1-py3.10.egg-info/dependency_links.txt\n'}
[0.652377] (robot_msgs) StdoutLine: {'line': b'-- Installing: /ws/ros_ws/install/robot_msgs/local/lib/python3.10/dist-packages/robot_msgs-0.0.1-py3.10.egg-info/top_level.txt\n'}
[0.652435] (robot_msgs) StdoutLine: {'line': b'-- Up-to-date: /ws/ros_ws/install/robot_msgs/local/lib/python3.10/dist-packages/robot_msgs\n'}
[0.652473] (robot_msgs) StdoutLine: {'line': b'-- Up-to-date: /ws/ros_ws/install/robot_msgs/local/lib/python3.10/dist-packages/robot_msgs/robot_msgs_s__rosidl_typesupport_fastrtps_c.cpython-310-x86_64-linux-gnu.so\n'}
[0.652506] (robot_msgs) StdoutLine: {'line': b'-- Up-to-date: /ws/ros_ws/install/robot_msgs/local/lib/python3.10/dist-packages/robot_msgs/robot_msgs_s__rosidl_typesupport_c.cpython-310-x86_64-linux-gnu.so\n'}
[0.652547] (robot_msgs) StdoutLine: {'line': b'-- Up-to-date: /ws/ros_ws/install/robot_msgs/local/lib/python3.10/dist-packages/robot_msgs/srv\n'}
[0.652578] (robot_msgs) StdoutLine: {'line': b'-- Up-to-date: /ws/ros_ws/install/robot_msgs/local/lib/python3.10/dist-packages/robot_msgs/srv/_detect_object_s.c\n'}
[0.652609] (robot_msgs) StdoutLine: {'line': b'-- Up-to-date: /ws/ros_ws/install/robot_msgs/local/lib/python3.10/dist-packages/robot_msgs/srv/_detect_object.py\n'}
[0.652643] (robot_msgs) StdoutLine: {'line': b'-- Up-to-date: /ws/ros_ws/install/robot_msgs/local/lib/python3.10/dist-packages/robot_msgs/srv/_find_person_s.c\n'}
[0.652673] (robot_msgs) StdoutLine: {'line': b'-- Up-to-date: /ws/ros_ws/install/robot_msgs/local/lib/python3.10/dist-packages/robot_msgs/srv/_enroll_owner_s.c\n'}
[0.652703] (robot_msgs) StdoutLine: {'line': b'-- Up-to-date: /ws/ros_ws/install/robot_msgs/local/lib/python3.10/dist-packages/robot_msgs/srv/_find_person.py\n'}
[0.652736] (robot_msgs) StdoutLine: {'line': b'-- Up-to-date: /ws/ros_ws/install/robot_msgs/local/lib/python3.10/dist-packages/robot_msgs/srv/_enroll_owner.py\n'}
[0.652768] (robot_msgs) StdoutLine: {'line': b'-- Up-to-date: /ws/ros_ws/install/robot_msgs/local/lib/python3.10/dist-packages/robot_msgs/srv/__init__.py\n'}
[0.652798] (robot_msgs) StdoutLine: {'line': b'-- Up-to-date: /ws/ros_ws/install/robot_msgs/local/lib/python3.10/dist-packages/robot_msgs/_robot_msgs_s.ep.rosidl_typesupport_introspection_c.c\n'}
[0.652830] (robot_msgs) StdoutLine: {'line': b'-- Up-to-date: /ws/ros_ws/install/robot_msgs/local/lib/python3.10/dist-packages/robot_msgs/robot_msgs_s__rosidl_typesupport_introspection_c.cpython-310-x86_64-linux-gnu.so\n'}
[0.652861] (robot_msgs) StdoutLine: {'line': b'-- Up-to-date: /ws/ros_ws/install/robot_msgs/local/lib/python3.10/dist-packages/robot_msgs/_robot_msgs_s.ep.rosidl_typesupport_c.c\n'}
[0.652892] (robot_msgs) StdoutLine: {'line': b'-- Up-to-date: /ws/ros_ws/install/robot_msgs/local/lib/python3.10/dist-packages/robot_msgs/action\n'}
[0.652923] (robot_msgs) StdoutLine: {'line': b'-- Up-to-date: /ws/ros_ws/install/robot_msgs/local/lib/python3.10/dist-packages/robot_msgs/action/_pick_bottle_s.c\n'}
[0.652954] (robot_msgs) StdoutLine: {'line': b'-- Up-to-date: /ws/ros_ws/install/robot_msgs/local/lib/python3.10/dist-packages/robot_msgs/action/_pick_bottle.py\n'}
[0.652983] (robot_msgs) StdoutLine: {'line': b'-- Up-to-date: /ws/ros_ws/install/robot_msgs/local/lib/python3.10/dist-packages/robot_msgs/action/_hand_over_s.c\n'}
[0.653013] (robot_msgs) StdoutLine: {'line': b'-- Up-to-date: /ws/ros_ws/install/robot_msgs/local/lib/python3.10/dist-packages/robot_msgs/action/_hand_over.py\n'}
[0.653043] (robot_msgs) StdoutLine: {'line': b'-- Up-to-date: /ws/ros_ws/install/robot_msgs/local/lib/python3.10/dist-packages/robot_msgs/action/__init__.py\n'}
[0.653076] (robot_msgs) StdoutLine: {'line': b'-- Up-to-date: /ws/ros_ws/install/robot_msgs/local/lib/python3.10/dist-packages/robot_msgs/librobot_msgs__rosidl_generator_py.so\n'}
[0.653108] (robot_msgs) StdoutLine: {'line': b'-- Up-to-date: /ws/ros_ws/install/robot_msgs/local/lib/python3.10/dist-packages/robot_msgs/__init__.py\n'}
[0.653182] (robot_msgs) StdoutLine: {'line': b'-- Up-to-date: /ws/ros_ws/install/robot_msgs/local/lib/python3.10/dist-packages/robot_msgs/_robot_msgs_s.ep.rosidl_typesupport_fastrtps_c.c\n'}
[0.678193] (robot_msgs) StdoutLine: {'line': b"Listing '/ws/ros_ws/install/robot_msgs/local/lib/python3.10/dist-packages/robot_msgs'...\n"}
[0.678398] (robot_msgs) StdoutLine: {'line': b"Listing '/ws/ros_ws/install/robot_msgs/local/lib/python3.10/dist-packages/robot_msgs/action'...\n"}
[0.678504] (robot_msgs) StdoutLine: {'line': b"Listing '/ws/ros_ws/install/robot_msgs/local/lib/python3.10/dist-packages/robot_msgs/srv'...\n"}
[0.683405] (robot_msgs) StdoutLine: {'line': b'-- Up-to-date: /ws/ros_ws/install/robot_msgs/local/lib/python3.10/dist-packages/robot_msgs/robot_msgs_s__rosidl_typesupport_fastrtps_c.cpython-310-x86_64-linux-gnu.so\n'}
[0.683781] (robot_msgs) StdoutLine: {'line': b'-- Up-to-date: /ws/ros_ws/install/robot_msgs/local/lib/python3.10/dist-packages/robot_msgs/robot_msgs_s__rosidl_typesupport_introspection_c.cpython-310-x86_64-linux-gnu.so\n'}
[0.684189] (robot_msgs) StdoutLine: {'line': b'-- Up-to-date: /ws/ros_ws/install/robot_msgs/local/lib/python3.10/dist-packages/robot_msgs/robot_msgs_s__rosidl_typesupport_c.cpython-310-x86_64-linux-gnu.so\n'}
[0.684615] (robot_msgs) StdoutLine: {'line': b'-- Up-to-date: /ws/ros_ws/install/robot_msgs/lib/librobot_msgs__rosidl_generator_py.so\n'}
[0.684963] (robot_msgs) StdoutLine: {'line': b'-- Up-to-date: /ws/ros_ws/install/robot_msgs/share/ament_index/resource_index/rust_packages/robot_msgs\n'}
[0.685051] (robot_msgs) StdoutLine: {'line': b'-- Up-to-date: /ws/ros_ws/install/robot_msgs/share/robot_msgs/rust\n'}
[0.685113] (robot_msgs) StdoutLine: {'line': b'-- Up-to-date: /ws/ros_ws/install/robot_msgs/share/robot_msgs/rust/src\n'}
[0.685359] (robot_msgs) StdoutLine: {'line': b'-- Up-to-date: /ws/ros_ws/install/robot_msgs/share/robot_msgs/rust/src/lib.rs\n'}
[0.685668] (robot_msgs) StdoutLine: {'line': b'-- Up-to-date: /ws/ros_ws/install/robot_msgs/share/robot_msgs/rust/src/srv.rs\n'}
[0.685930] (robot_msgs) StdoutLine: {'line': b'-- Up-to-date: /ws/ros_ws/install/robot_msgs/share/robot_msgs/rust/src/srv\n'}
[0.686029] (robot_msgs) StdoutLine: {'line': b'-- Up-to-date: /ws/ros_ws/install/robot_msgs/share/robot_msgs/rust/src/srv/rmw.rs\n'}
[0.686303] (robot_msgs) StdoutLine: {'line': b'-- Up-to-date: /ws/ros_ws/install/robot_msgs/share/robot_msgs/rust/src/action\n'}
[0.686593] (robot_msgs) StdoutLine: {'line': b'-- Up-to-date: /ws/ros_ws/install/robot_msgs/share/robot_msgs/rust/src/action/rmw.rs\n'}
[0.686764] (robot_msgs) StdoutLine: {'line': b'-- Up-to-date: /ws/ros_ws/install/robot_msgs/share/robot_msgs/rust/src/action.rs\n'}
[0.687105] (robot_msgs) StdoutLine: {'line': b'-- Up-to-date: /ws/ros_ws/install/robot_msgs/share/robot_msgs/rust/build.rs\n'}
[0.687210] (robot_msgs) StdoutLine: {'line': b'-- Up-to-date: /ws/ros_ws/install/robot_msgs/share/robot_msgs/rust/Cargo.toml\n'}
[0.687396] (robot_msgs) StdoutLine: {'line': b'-- Up-to-date: /ws/ros_ws/install/robot_msgs/share/robot_msgs/srv/DetectObject.idl\n'}
[0.687461] (robot_msgs) StdoutLine: {'line': b'-- Up-to-date: /ws/ros_ws/install/robot_msgs/share/robot_msgs/srv/FindPerson.idl\n'}
[0.687678] (robot_msgs) StdoutLine: {'line': b'-- Up-to-date: /ws/ros_ws/install/robot_msgs/share/robot_msgs/srv/EnrollOwner.idl\n'}
[0.687803] (robot_msgs) StdoutLine: {'line': b'-- Up-to-date: /ws/ros_ws/install/robot_msgs/share/robot_msgs/action/PickBottle.idl\n'}
[0.688036] (robot_msgs) StdoutLine: {'line': b'-- Up-to-date: /ws/ros_ws/install/robot_msgs/share/robot_msgs/action/HandOver.idl\n'}
[0.688233] (robot_msgs) StdoutLine: {'line': b'-- Up-to-date: /ws/ros_ws/install/robot_msgs/share/robot_msgs/srv/DetectObject.srv\n'}
[0.688306] (robot_msgs) StdoutLine: {'line': b'-- Up-to-date: /ws/ros_ws/install/robot_msgs/share/robot_msgs/srv/DetectObject_Request.msg\n'}
[0.688359] (robot_msgs) StdoutLine: {'line': b'-- Up-to-date: /ws/ros_ws/install/robot_msgs/share/robot_msgs/srv/DetectObject_Response.msg\n'}
[0.688399] (robot_msgs) StdoutLine: {'line': b'-- Up-to-date: /ws/ros_ws/install/robot_msgs/share/robot_msgs/srv/FindPerson.srv\n'}
[0.688437] (robot_msgs) StdoutLine: {'line': b'-- Up-to-date: /ws/ros_ws/install/robot_msgs/share/robot_msgs/srv/FindPerson_Request.msg\n'}
[0.688794] (robot_msgs) StdoutLine: {'line': b'-- Up-to-date: /ws/ros_ws/install/robot_msgs/share/robot_msgs/srv/FindPerson_Response.msg\n'}
[0.688913] (robot_msgs) StdoutLine: {'line': b'-- Up-to-date: /ws/ros_ws/install/robot_msgs/share/robot_msgs/srv/EnrollOwner.srv\n'}
[0.689052] (robot_msgs) StdoutLine: {'line': b'-- Up-to-date: /ws/ros_ws/install/robot_msgs/share/robot_msgs/srv/EnrollOwner_Request.msg\n'}
[0.689196] (robot_msgs) StdoutLine: {'line': b'-- Up-to-date: /ws/ros_ws/install/robot_msgs/share/robot_msgs/srv/EnrollOwner_Response.msg\n'}
[0.689269] (robot_msgs) StdoutLine: {'line': b'-- Up-to-date: /ws/ros_ws/install/robot_msgs/share/robot_msgs/action/PickBottle.action\n'}
[0.689366] (robot_msgs) StdoutLine: {'line': b'-- Up-to-date: /ws/ros_ws/install/robot_msgs/share/robot_msgs/action/HandOver.action\n'}
[0.689509] (robot_msgs) StdoutLine: {'line': b'-- Up-to-date: /ws/ros_ws/install/robot_msgs/share/ament_index/resource_index/package_run_dependencies/robot_msgs\n'}
[0.689607] (robot_msgs) StdoutLine: {'line': b'-- Up-to-date: /ws/ros_ws/install/robot_msgs/share/ament_index/resource_index/parent_prefix_path/robot_msgs\n'}
[0.689712] (robot_msgs) StdoutLine: {'line': b'-- Up-to-date: /ws/ros_ws/install/robot_msgs/share/robot_msgs/environment/ament_prefix_path.sh\n'}
[0.689790] (robot_msgs) StdoutLine: {'line': b'-- Up-to-date: /ws/ros_ws/install/robot_msgs/share/robot_msgs/environment/ament_prefix_path.dsv\n'}
[0.689852] (robot_msgs) StdoutLine: {'line': b'-- Up-to-date: /ws/ros_ws/install/robot_msgs/share/robot_msgs/environment/path.sh\n'}
[0.689956] (robot_msgs) StdoutLine: {'line': b'-- Up-to-date: /ws/ros_ws/install/robot_msgs/share/robot_msgs/environment/path.dsv\n'}
[0.690027] (robot_msgs) StdoutLine: {'line': b'-- Up-to-date: /ws/ros_ws/install/robot_msgs/share/robot_msgs/local_setup.bash\n'}
[0.690101] (robot_msgs) StdoutLine: {'line': b'-- Up-to-date: /ws/ros_ws/install/robot_msgs/share/robot_msgs/local_setup.sh\n'}
[0.690178] (robot_msgs) StdoutLine: {'line': b'-- Up-to-date: /ws/ros_ws/install/robot_msgs/share/robot_msgs/local_setup.zsh\n'}
[0.690243] (robot_msgs) StdoutLine: {'line': b'-- Up-to-date: /ws/ros_ws/install/robot_msgs/share/robot_msgs/local_setup.dsv\n'}
[0.690300] (robot_msgs) StdoutLine: {'line': b'-- Installing: /ws/ros_ws/install/robot_msgs/share/robot_msgs/package.dsv\n'}
[0.690353] (robot_msgs) StdoutLine: {'line': b'-- Up-to-date: /ws/ros_ws/install/robot_msgs/share/ament_index/resource_index/packages/robot_msgs\n'}
[0.690407] (robot_msgs) StdoutLine: {'line': b'-- Up-to-date: /ws/ros_ws/install/robot_msgs/share/robot_msgs/cmake/export_robot_msgs__rosidl_generator_cExport.cmake\n'}
[0.690481] (robot_msgs) StdoutLine: {'line': b'-- Up-to-date: /ws/ros_ws/install/robot_msgs/share/robot_msgs/cmake/export_robot_msgs__rosidl_generator_cExport-noconfig.cmake\n'}
[0.690542] (robot_msgs) StdoutLine: {'line': b'-- Up-to-date: /ws/ros_ws/install/robot_msgs/share/robot_msgs/cmake/export_robot_msgs__rosidl_typesupport_fastrtps_cExport.cmake\n'}
[0.690625] (robot_msgs) StdoutLine: {'line': b'-- Up-to-date: /ws/ros_ws/install/robot_msgs/share/robot_msgs/cmake/export_robot_msgs__rosidl_typesupport_fastrtps_cExport-noconfig.cmake\n'}
[0.690701] (robot_msgs) StdoutLine: {'line': b'-- Up-to-date: /ws/ros_ws/install/robot_msgs/share/robot_msgs/cmake/robot_msgs__rosidl_typesupport_introspection_cExport.cmake\n'}
[0.690765] (robot_msgs) StdoutLine: {'line': b'-- Up-to-date: /ws/ros_ws/install/robot_msgs/share/robot_msgs/cmake/robot_msgs__rosidl_typesupport_introspection_cExport-noconfig.cmake\n'}
[0.691319] (robot_msgs) StdoutLine: {'line': b'-- Up-to-date: /ws/ros_ws/install/robot_msgs/share/robot_msgs/cmake/robot_msgs__rosidl_typesupport_cExport.cmake\n'}
[0.691397] (robot_msgs) StdoutLine: {'line': b'-- Up-to-date: /ws/ros_ws/install/robot_msgs/share/robot_msgs/cmake/robot_msgs__rosidl_typesupport_cExport-noconfig.cmake\n'}
[0.691494] (robot_msgs) StdoutLine: {'line': b'-- Up-to-date: /ws/ros_ws/install/robot_msgs/share/robot_msgs/cmake/export_robot_msgs__rosidl_generator_cppExport.cmake\n'}
[0.691592] (robot_msgs) StdoutLine: {'line': b'-- Up-to-date: /ws/ros_ws/install/robot_msgs/share/robot_msgs/cmake/export_robot_msgs__rosidl_typesupport_fastrtps_cppExport.cmake\n'}
[0.691692] (robot_msgs) StdoutLine: {'line': b'-- Up-to-date: /ws/ros_ws/install/robot_msgs/share/robot_msgs/cmake/export_robot_msgs__rosidl_typesupport_fastrtps_cppExport-noconfig.cmake\n'}
[0.691754] (robot_msgs) StdoutLine: {'line': b'-- Up-to-date: /ws/ros_ws/install/robot_msgs/share/robot_msgs/cmake/robot_msgs__rosidl_typesupport_introspection_cppExport.cmake\n'}
[0.691821] (robot_msgs) StdoutLine: {'line': b'-- Up-to-date: /ws/ros_ws/install/robot_msgs/share/robot_msgs/cmake/robot_msgs__rosidl_typesupport_introspection_cppExport-noconfig.cmake\n'}
[0.691917] (robot_msgs) StdoutLine: {'line': b'-- Up-to-date: /ws/ros_ws/install/robot_msgs/share/robot_msgs/cmake/robot_msgs__rosidl_typesupport_cppExport.cmake\n'}
[0.692010] (robot_msgs) StdoutLine: {'line': b'-- Up-to-date: /ws/ros_ws/install/robot_msgs/share/robot_msgs/cmake/robot_msgs__rosidl_typesupport_cppExport-noconfig.cmake\n'}
[0.692071] (robot_msgs) StdoutLine: {'line': b'-- Up-to-date: /ws/ros_ws/install/robot_msgs/share/robot_msgs/cmake/export_robot_msgs__rosidl_generator_pyExport.cmake\n'}
[0.692175] (robot_msgs) StdoutLine: {'line': b'-- Up-to-date: /ws/ros_ws/install/robot_msgs/share/robot_msgs/cmake/export_robot_msgs__rosidl_generator_pyExport-noconfig.cmake\n'}
[0.692248] (robot_msgs) StdoutLine: {'line': b'-- Up-to-date: /ws/ros_ws/install/robot_msgs/share/robot_msgs/cmake/rosidl_cmake-extras.cmake\n'}
[0.692332] (robot_msgs) StdoutLine: {'line': b'-- Up-to-date: /ws/ros_ws/install/robot_msgs/share/robot_msgs/cmake/ament_cmake_export_dependencies-extras.cmake\n'}
[0.692428] (robot_msgs) StdoutLine: {'line': b'-- Up-to-date: /ws/ros_ws/install/robot_msgs/share/robot_msgs/cmake/ament_cmake_export_include_directories-extras.cmake\n'}
[0.692517] (robot_msgs) StdoutLine: {'line': b'-- Up-to-date: /ws/ros_ws/install/robot_msgs/share/robot_msgs/cmake/ament_cmake_export_libraries-extras.cmake\n'}
[0.692606] (robot_msgs) StdoutLine: {'line': b'-- Up-to-date: /ws/ros_ws/install/robot_msgs/share/robot_msgs/cmake/ament_cmake_export_targets-extras.cmake\n'}
[0.692673] (robot_msgs) StdoutLine: {'line': b'-- Up-to-date: /ws/ros_ws/install/robot_msgs/share/robot_msgs/cmake/rosidl_cmake_export_typesupport_targets-extras.cmake\n'}
[0.692800] (robot_msgs) StdoutLine: {'line': b'-- Up-to-date: /ws/ros_ws/install/robot_msgs/share/robot_msgs/cmake/rosidl_cmake_export_typesupport_libraries-extras.cmake\n'}
[0.692966] (robot_msgs) StdoutLine: {'line': b'-- Up-to-date: /ws/ros_ws/install/robot_msgs/share/robot_msgs/cmake/robot_msgsConfig.cmake\n'}
[0.693196] (robot_msgs) StdoutLine: {'line': b'-- Up-to-date: /ws/ros_ws/install/robot_msgs/share/robot_msgs/cmake/robot_msgsConfig-version.cmake\n'}
[0.693330] (robot_msgs) StdoutLine: {'line': b'-- Up-to-date: /ws/ros_ws/install/robot_msgs/share/robot_msgs/package.xml\n'}
[0.693969] (robot_msgs) CommandEnded: {'returncode': 0}
[0.708224] (-) TimerEvent: {}
[0.710894] (robot_msgs) JobEnded: {'identifier': 'robot_msgs', 'rc': 0}
[0.712119] (robot_executor) JobStarted: {'identifier': 'robot_executor'}
[0.714558] (robot_identity) JobStarted: {'identifier': 'robot_identity'}
[0.717929] (robot_perception) JobStarted: {'identifier': 'robot_perception'}
[0.723263] (robot_executor) JobProgress: {'identifier': 'robot_executor', 'progress': 'cmake'}
[0.723881] (robot_executor) JobProgress: {'identifier': 'robot_executor', 'progress': 'build'}
[0.724235] (robot_executor) Command: {'cmd': ['/usr/bin/cmake', '--build', '/ws/ros_ws/build/robot_executor', '--', '-j4', '-l4'], 'cwd': '/ws/ros_ws/build/robot_executor', 'env': OrderedDict([('HOSTNAME', 'd53e02ab67ea'), ('ROS_PACKAGE_PATH', '/ws/ros_ws/install/robot_msgs/share'), ('SHLVL', '1'), ('LD_LIBRARY_PATH', '/ws/ros_ws/install/robot_msgs/lib:/opt/ros/humble/lib/x86_64-linux-gnu:/opt/ros/humble/lib'), ('HOME', '/root'), ('ROS_PYTHON_VERSION', '3'), ('ROS_DISTRO', 'humble'), ('_', '/usr/bin/colcon'), ('ROS_VERSION', '2'), ('PKG_CONFIG_PATH', '/ws/ros_ws/install/robot_msgs/lib/x86_64-linux-gnu/pkgconfig:/ws/ros_ws/install/robot_msgs/lib/pkgconfig'), ('ROS_LOCALHOST_ONLY', '0'), ('PATH', '/opt/ros/humble/bin:/usr/local/sbin:/usr/local/bin:/usr/sbin:/usr/bin:/sbin:/bin'), ('LANG', 'C.UTF-8'), ('AMENT_PREFIX_PATH', '/opt/ros/humble'), ('PWD', '/ws/ros_ws/build/robot_executor'), ('LC_ALL', 'C.UTF-8'), ('PYTHONPATH', '/ws/ros_ws/install/robot_msgs/local/lib/python3.10/dist-packages:/opt/ros/humble/lib/python3.10/site-packages:/opt/ros/humble/local/lib/python3.10/dist-packages'), ('COLCON', '1'), ('CMAKE_PREFIX_PATH', '/opt/ros/humble:/ws/ros_ws/install/robot_msgs')]), 'shell': False}
[0.726091] (robot_identity) JobProgress: {'identifier': 'robot_identity', 'progress': 'cmake'}
[0.726303] (robot_identity) JobProgress: {'identifier': 'robot_identity', 'progress': 'build'}
[0.726611] (robot_identity) Command: {'cmd': ['/usr/bin/cmake', '--build', '/ws/ros_ws/build/robot_identity', '--', '-j4', '-l4'], 'cwd': '/ws/ros_ws/build/robot_identity', 'env': OrderedDict([('HOSTNAME', 'd53e02ab67ea'), ('ROS_PACKAGE_PATH', '/ws/ros_ws/install/robot_msgs/share'), ('SHLVL', '1'), ('LD_LIBRARY_PATH', '/ws/ros_ws/install/robot_msgs/lib:/opt/ros/humble/lib/x86_64-linux-gnu:/opt/ros/humble/lib'), ('HOME', '/root'), ('ROS_PYTHON_VERSION', '3'), ('ROS_DISTRO', 'humble'), ('_', '/usr/bin/colcon'), ('ROS_VERSION', '2'), ('PKG_CONFIG_PATH', '/ws/ros_ws/install/robot_msgs/lib/x86_64-linux-gnu/pkgconfig:/ws/ros_ws/install/robot_msgs/lib/pkgconfig'), ('ROS_LOCALHOST_ONLY', '0'), ('PATH', '/opt/ros/humble/bin:/usr/local/sbin:/usr/local/bin:/usr/sbin:/usr/bin:/sbin:/bin'), ('LANG', 'C.UTF-8'), ('AMENT_PREFIX_PATH', '/opt/ros/humble'), ('PWD', '/ws/ros_ws/build/robot_identity'), ('LC_ALL', 'C.UTF-8'), ('PYTHONPATH', '/ws/ros_ws/install/robot_msgs/local/lib/python3.10/dist-packages:/opt/ros/humble/lib/python3.10/site-packages:/opt/ros/humble/local/lib/python3.10/dist-packages'), ('COLCON', '1'), ('CMAKE_PREFIX_PATH', '/opt/ros/humble:/ws/ros_ws/install/robot_msgs')]), 'shell': False}
[0.810285] (-) TimerEvent: {}
[0.910535] (-) TimerEvent: {}
[0.988107] (robot_executor) StdoutLine: {'line': b'Consolidate compiler generated dependencies of target executor_node\n'}
[0.988761] (robot_executor) StdoutLine: {'line': b'[100%] Built target executor_node\n'}
[0.988935] (robot_identity) StdoutLine: {'line': b'Consolidate compiler generated dependencies of target identity_enroll_policy\n'}
[0.989019] (robot_identity) StdoutLine: {'line': b'[ 20%] Built target identity_enroll_policy\n'}
[0.989064] (robot_identity) StdoutLine: {'line': b'[ 40%] Built target gtest\n'}
[0.989107] (robot_identity) StdoutLine: {'line': b'[ 60%] Built target gtest_main\n'}
[0.989174] (robot_identity) StdoutLine: {'line': b'Consolidate compiler generated dependencies of target identity_node\n'}
[0.989228] (robot_identity) StdoutLine: {'line': b'Consolidate compiler generated dependencies of target test_enroll_gating\n'}
[0.989275] (robot_identity) StdoutLine: {'line': b'[ 80%] Built target identity_node\n'}
[0.989316] (robot_identity) StdoutLine: {'line': b'[100%] Built target test_enroll_gating\n'}
[0.989361] (robot_executor) CommandEnded: {'returncode': 0}
[0.989957] (robot_executor) JobProgress: {'identifier': 'robot_executor', 'progress': 'install'}
[0.990240] (robot_executor) Command: {'cmd': ['/usr/bin/cmake', '--install', '/ws/ros_ws/build/robot_executor'], 'cwd': '/ws/ros_ws/build/robot_executor', 'env': OrderedDict([('HOSTNAME', 'd53e02ab67ea'), ('ROS_PACKAGE_PATH', '/ws/ros_ws/install/robot_msgs/share'), ('SHLVL', '1'), ('LD_LIBRARY_PATH', '/ws/ros_ws/install/robot_msgs/lib:/opt/ros/humble/lib/x86_64-linux-gnu:/opt/ros/humble/lib'), ('HOME', '/root'), ('ROS_PYTHON_VERSION', '3'), ('ROS_DISTRO', 'humble'), ('_', '/usr/bin/colcon'), ('ROS_VERSION', '2'), ('PKG_CONFIG_PATH', '/ws/ros_ws/install/robot_msgs/lib/x86_64-linux-gnu/pkgconfig:/ws/ros_ws/install/robot_msgs/lib/pkgconfig'), ('ROS_LOCALHOST_ONLY', '0'), ('PATH', '/opt/ros/humble/bin:/usr/local/sbin:/usr/local/bin:/usr/sbin:/usr/bin:/sbin:/bin'), ('LANG', 'C.UTF-8'), ('AMENT_PREFIX_PATH', '/opt/ros/humble'), ('PWD', '/ws/ros_ws/build/robot_executor'), ('LC_ALL', 'C.UTF-8'), ('PYTHONPATH', '/ws/ros_ws/install/robot_msgs/local/lib/python3.10/dist-packages:/opt/ros/humble/lib/python3.10/site-packages:/opt/ros/humble/local/lib/python3.10/dist-packages'), ('COLCON', '1'), ('CMAKE_PREFIX_PATH', '/opt/ros/humble:/ws/ros_ws/install/robot_msgs')]), 'shell': False}
[0.991551] (robot_identity) CommandEnded: {'returncode': 0}
[0.992027] (robot_identity) JobProgress: {'identifier': 'robot_identity', 'progress': 'install'}
[0.992216] (robot_identity) Command: {'cmd': ['/usr/bin/cmake', '--install', '/ws/ros_ws/build/robot_identity'], 'cwd': '/ws/ros_ws/build/robot_identity', 'env': OrderedDict([('HOSTNAME', 'd53e02ab67ea'), ('ROS_PACKAGE_PATH', '/ws/ros_ws/install/robot_msgs/share'), ('SHLVL', '1'), ('LD_LIBRARY_PATH', '/ws/ros_ws/install/robot_msgs/lib:/opt/ros/humble/lib/x86_64-linux-gnu:/opt/ros/humble/lib'), ('HOME', '/root'), ('ROS_PYTHON_VERSION', '3'), ('ROS_DISTRO', 'humble'), ('_', '/usr/bin/colcon'), ('ROS_VERSION', '2'), ('PKG_CONFIG_PATH', '/ws/ros_ws/install/robot_msgs/lib/x86_64-linux-gnu/pkgconfig:/ws/ros_ws/install/robot_msgs/lib/pkgconfig'), ('ROS_LOCALHOST_ONLY', '0'), ('PATH', '/opt/ros/humble/bin:/usr/local/sbin:/usr/local/bin:/usr/sbin:/usr/bin:/sbin:/bin'), ('LANG', 'C.UTF-8'), ('AMENT_PREFIX_PATH', '/opt/ros/humble'), ('PWD', '/ws/ros_ws/build/robot_identity'), ('LC_ALL', 'C.UTF-8'), ('PYTHONPATH', '/ws/ros_ws/install/robot_msgs/local/lib/python3.10/dist-packages:/opt/ros/humble/lib/python3.10/site-packages:/opt/ros/humble/local/lib/python3.10/dist-packages'), ('COLCON', '1'), ('CMAKE_PREFIX_PATH', '/opt/ros/humble:/ws/ros_ws/install/robot_msgs')]), 'shell': False}
[0.999810] (robot_executor) StdoutLine: {'line': b'-- Install configuration: ""\n'}
[1.000587] (robot_executor) StdoutLine: {'line': b'-- Up-to-date: /ws/ros_ws/install/robot_executor/lib/robot_executor/executor_node\n'}
[1.000751] (robot_executor) StdoutLine: {'line': b'-- Up-to-date: /ws/ros_ws/install/robot_executor/share/ament_index/resource_index/package_run_dependencies/robot_executor\n'}
[1.001436] (robot_executor) StdoutLine: {'line': b'-- Up-to-date: /ws/ros_ws/install/robot_executor/share/ament_index/resource_index/parent_prefix_path/robot_executor\n'}
[1.001589] (robot_executor) StdoutLine: {'line': b'-- Up-to-date: /ws/ros_ws/install/robot_executor/share/robot_executor/environment/ament_prefix_path.sh\n'}
[1.001663] (robot_executor) StdoutLine: {'line': b'-- Up-to-date: /ws/ros_ws/install/robot_executor/share/robot_executor/environment/ament_prefix_path.dsv\n'}
[1.001718] (robot_executor) StdoutLine: {'line': b'-- Up-to-date: /ws/ros_ws/install/robot_executor/share/robot_executor/environment/path.sh\n'}
[1.001769] (robot_executor) StdoutLine: {'line': b'-- Up-to-date: /ws/ros_ws/install/robot_executor/share/robot_executor/environment/path.dsv\n'}
[1.002865] (robot_executor) StdoutLine: {'line': b'-- Up-to-date: /ws/ros_ws/install/robot_executor/share/robot_executor/local_setup.bash\n'}
[1.003535] (robot_executor) StdoutLine: {'line': b'-- Up-to-date: /ws/ros_ws/install/robot_executor/share/robot_executor/local_setup.sh\n'}
[1.005531] (robot_executor) StdoutLine: {'line': b'-- Up-to-date: /ws/ros_ws/install/robot_executor/share/robot_executor/local_setup.zsh\n'}
[1.005756] (robot_executor) StdoutLine: {'line': b'-- Up-to-date: /ws/ros_ws/install/robot_executor/share/robot_executor/local_setup.dsv\n'}
[1.007109] (robot_executor) StdoutLine: {'line': b'-- Installing: /ws/ros_ws/install/robot_executor/share/robot_executor/package.dsv\n'}
[1.007341] (robot_identity) StdoutLine: {'line': b'-- Install configuration: ""\n'}
[1.007798] (robot_identity) StdoutLine: {'line': b'-- Up-to-date: /ws/ros_ws/install/robot_identity/lib/robot_identity/identity_node\n'}
[1.007904] (robot_identity) StdoutLine: {'line': b'-- Up-to-date: /ws/ros_ws/install/robot_identity/lib/robot_identity/libidentity_enroll_policy.a\n'}
[1.008089] (robot_identity) StdoutLine: {'line': b'-- Up-to-date: /ws/ros_ws/install/robot_identity/include\n'}
[1.008264] (robot_identity) StdoutLine: {'line': b'-- Up-to-date: /ws/ros_ws/install/robot_identity/include/robot_identity\n'}
[1.008731] (robot_identity) StdoutLine: {'line': b'-- Up-to-date: /ws/ros_ws/install/robot_identity/include/robot_identity/enroll_policy.hpp\n'}
[1.008851] (robot_executor) StdoutLine: {'line': b'-- Up-to-date: /ws/ros_ws/install/robot_executor/share/ament_index/resource_index/packages/robot_executor\n'}
[1.009053] (robot_executor) StdoutLine: {'line': b'-- Up-to-date: /ws/ros_ws/install/robot_executor/share/robot_executor/cmake/robot_executorConfig.cmake\n'}
[1.009262] (robot_executor) StdoutLine: {'line': b'-- Up-to-date: /ws/ros_ws/install/robot_executor/share/robot_executor/cmake/robot_executorConfig-version.cmake\n'}
[1.009377] (robot_executor) StdoutLine: {'line': b'-- Up-to-date: /ws/ros_ws/install/robot_executor/share/robot_executor/package.xml\n'}
[1.009446] (robot_identity) StdoutLine: {'line': b'-- Up-to-date: /ws/ros_ws/install/robot_identity/share/ament_index/resource_index/package_run_dependencies/robot_identity\n'}
[1.009912] (robot_identity) StdoutLine: {'line': b'-- Up-to-date: /ws/ros_ws/install/robot_identity/share/ament_index/resource_index/parent_prefix_path/robot_identity\n'}
[1.010003] (robot_identity) StdoutLine: {'line': b'-- Up-to-date: /ws/ros_ws/install/robot_identity/share/robot_identity/environment/ament_prefix_path.sh\n'}
[1.010237] (robot_identity) StdoutLine: {'line': b'-- Up-to-date: /ws/ros_ws/install/robot_identity/share/robot_identity/environment/ament_prefix_path.dsv\n'}
[1.010603] (-) TimerEvent: {}
[1.010629] (robot_identity) StdoutLine: {'line': b'-- Up-to-date: /ws/ros_ws/install/robot_identity/share/robot_identity/environment/path.sh\n'}
[1.010712] (robot_identity) StdoutLine: {'line': b'-- Up-to-date: /ws/ros_ws/install/robot_identity/share/robot_identity/environment/path.dsv\n'}
[1.011236] (robot_identity) StdoutLine: {'line': b'-- Up-to-date: /ws/ros_ws/install/robot_identity/share/robot_identity/local_setup.bash\n'}
[1.011320] (robot_identity) StdoutLine: {'line': b'-- Up-to-date: /ws/ros_ws/install/robot_identity/share/robot_identity/local_setup.sh\n'}
[1.012855] (robot_identity) StdoutLine: {'line': b'-- Up-to-date: /ws/ros_ws/install/robot_identity/share/robot_identity/local_setup.zsh\n'}
[1.013426] (robot_identity) StdoutLine: {'line': b'-- Up-to-date: /ws/ros_ws/install/robot_identity/share/robot_identity/local_setup.dsv\n'}
[1.013587] (robot_identity) StdoutLine: {'line': b'-- Installing: /ws/ros_ws/install/robot_identity/share/robot_identity/package.dsv\n'}
[1.014275] (robot_identity) StdoutLine: {'line': b'-- Up-to-date: /ws/ros_ws/install/robot_identity/share/ament_index/resource_index/packages/robot_identity\n'}
[1.014709] (robot_identity) StdoutLine: {'line': b'-- Up-to-date: /ws/ros_ws/install/robot_identity/share/robot_identity/cmake/robot_identityConfig.cmake\n'}
[1.014800] (robot_identity) StdoutLine: {'line': b'-- Up-to-date: /ws/ros_ws/install/robot_identity/share/robot_identity/cmake/robot_identityConfig-version.cmake\n'}
[1.014868] (robot_identity) StdoutLine: {'line': b'-- Up-to-date: /ws/ros_ws/install/robot_identity/share/robot_identity/package.xml\n'}
[1.014945] (robot_executor) CommandEnded: {'returncode': 0}
[1.022223] (robot_executor) JobEnded: {'identifier': 'robot_executor', 'rc': 0}
[1.023586] (robot_identity) CommandEnded: {'returncode': 0}
[1.034242] (robot_identity) JobEnded: {'identifier': 'robot_identity', 'rc': 0}
[1.110772] (-) TimerEvent: {}
[1.211027] (-) TimerEvent: {}
[1.261578] (robot_perception) Command: {'cmd': ['/usr/bin/python3', '-W', 'ignore:setup.py install is deprecated', '-W', 'ignore:easy_install command is deprecated', 'setup.py', 'egg_info', '--egg-base', '../../build/robot_perception', 'build', '--build-base', '/ws/ros_ws/build/robot_perception/build', 'install', '--record', '/ws/ros_ws/build/robot_perception/install.log', '--single-version-externally-managed', 'install_data'], 'cwd': '/ws/ros_ws/src/robot_perception', 'env': {'HOSTNAME': 'd53e02ab67ea', 'ROS_PACKAGE_PATH': '/ws/ros_ws/install/robot_msgs/share', 'SHLVL': '1', 'LD_LIBRARY_PATH': '/ws/ros_ws/install/robot_msgs/lib:/opt/ros/humble/lib/x86_64-linux-gnu:/opt/ros/humble/lib', 'HOME': '/root', 'ROS_PYTHON_VERSION': '3', 'ROS_DISTRO': 'humble', '_': '/usr/bin/colcon', 'ROS_VERSION': '2', 'PKG_CONFIG_PATH': '/ws/ros_ws/install/robot_msgs/lib/x86_64-linux-gnu/pkgconfig:/ws/ros_ws/install/robot_msgs/lib/pkgconfig', 'ROS_LOCALHOST_ONLY': '0', 'PATH': '/opt/ros/humble/bin:/usr/local/sbin:/usr/local/bin:/usr/sbin:/usr/bin:/sbin:/bin', 'LANG': 'C.UTF-8', 'AMENT_PREFIX_PATH': '/opt/ros/humble', 'PWD': '/ws/ros_ws/build/robot_perception', 'LC_ALL': 'C.UTF-8', 'PYTHONPATH': '/ws/ros_ws/build/robot_perception/prefix_override:/usr/lib/python3/dist-packages/colcon_core/task/python/colcon_distutils_commands:/ws/ros_ws/install/robot_perception/lib/python3.10/site-packages:/ws/ros_ws/install/robot_msgs/local/lib/python3.10/dist-packages:/opt/ros/humble/lib/python3.10/site-packages:/opt/ros/humble/local/lib/python3.10/dist-packages', 'COLCON': '1', 'CMAKE_PREFIX_PATH': '/ws/ros_ws/install/robot_msgs'}, 'shell': False}
[1.311187] (-) TimerEvent: {}
[1.404616] (robot_perception) StdoutLine: {'line': b'running egg_info\n'}
[1.405266] (robot_perception) StdoutLine: {'line': b'writing ../../build/robot_perception/robot_perception.egg-info/PKG-INFO\n'}
[1.405579] (robot_perception) StdoutLine: {'line': b'writing dependency_links to ../../build/robot_perception/robot_perception.egg-info/dependency_links.txt\n'}
[1.406092] (robot_perception) StdoutLine: {'line': b'writing entry points to ../../build/robot_perception/robot_perception.egg-info/entry_points.txt\n'}
[1.406410] (robot_perception) StdoutLine: {'line': b'writing requirements to ../../build/robot_perception/robot_perception.egg-info/requires.txt\n'}
[1.406545] (robot_perception) StdoutLine: {'line': b'writing top-level names to ../../build/robot_perception/robot_perception.egg-info/top_level.txt\n'}
[1.407900] (robot_perception) StdoutLine: {'line': b"reading manifest file '../../build/robot_perception/robot_perception.egg-info/SOURCES.txt'\n"}
[1.408666] (robot_perception) StdoutLine: {'line': b"writing manifest file '../../build/robot_perception/robot_perception.egg-info/SOURCES.txt'\n"}
[1.408841] (robot_perception) StdoutLine: {'line': b'running build\n'}
[1.408928] (robot_perception) StdoutLine: {'line': b'running build_py\n'}
[1.409277] (robot_perception) StdoutLine: {'line': b'running install\n'}
[1.409610] (robot_perception) StdoutLine: {'line': b'running install_lib\n'}
[1.410964] (robot_perception) StdoutLine: {'line': b'running install_data\n'}
[1.411158] (-) TimerEvent: {}
[1.411182] (robot_perception) StdoutLine: {'line': b'running install_egg_info\n'}
[1.413834] (robot_perception) StdoutLine: {'line': b"removing '/ws/ros_ws/install/robot_perception/lib/python3.10/site-packages/robot_perception-0.0.1-py3.10.egg-info' (and everything under it)\n"}
[1.414246] (robot_perception) StdoutLine: {'line': b'Copying ../../build/robot_perception/robot_perception.egg-info to /ws/ros_ws/install/robot_perception/lib/python3.10/site-packages/robot_perception-0.0.1-py3.10.egg-info\n'}
[1.415229] (robot_perception) StdoutLine: {'line': b'running install_scripts\n'}
[1.433108] (robot_perception) StdoutLine: {'line': b'Installing perception_node script to /ws/ros_ws/install/robot_perception/lib/robot_perception\n'}
[1.433473] (robot_perception) StdoutLine: {'line': b"writing list of installed files to '/ws/ros_ws/build/robot_perception/install.log'\n"}
[1.469880] (robot_perception) CommandEnded: {'returncode': 0}
[1.476974] (robot_perception) JobEnded: {'identifier': 'robot_perception', 'rc': 0}
[1.477848] (robot_bringup) JobStarted: {'identifier': 'robot_bringup'}
[1.488559] (robot_bringup) JobProgress: {'identifier': 'robot_bringup', 'progress': 'cmake'}
[1.489182] (robot_bringup) JobProgress: {'identifier': 'robot_bringup', 'progress': 'build'}
[1.489823] (robot_bringup) Command: {'cmd': ['/usr/bin/cmake', '--build', '/ws/ros_ws/build/robot_bringup', '--', '-j4', '-l4'], 'cwd': '/ws/ros_ws/build/robot_bringup', 'env': OrderedDict([('HOSTNAME', 'd53e02ab67ea'), ('ROS_PACKAGE_PATH', '/ws/ros_ws/install/robot_msgs/share'), ('SHLVL', '1'), ('LD_LIBRARY_PATH', '/ws/ros_ws/install/robot_msgs/lib:/opt/ros/humble/lib/x86_64-linux-gnu:/opt/ros/humble/lib'), ('HOME', '/root'), ('ROS_PYTHON_VERSION', '3'), ('ROS_DISTRO', 'humble'), ('_', '/usr/bin/colcon'), ('ROS_VERSION', '2'), ('PKG_CONFIG_PATH', '/ws/ros_ws/install/robot_msgs/lib/x86_64-linux-gnu/pkgconfig:/ws/ros_ws/install/robot_msgs/lib/pkgconfig'), ('ROS_LOCALHOST_ONLY', '0'), ('PATH', '/opt/ros/humble/bin:/usr/local/sbin:/usr/local/bin:/usr/sbin:/usr/bin:/sbin:/bin'), ('LANG', 'C.UTF-8'), ('AMENT_PREFIX_PATH', '/ws/ros_ws/install/robot_perception:/ws/ros_ws/install/robot_identity:/ws/ros_ws/install/robot_executor:/ws/ros_ws/install/robot_voice:/ws/ros_ws/install/robot_safety:/ws/ros_ws/install/robot_nlu:/ws/ros_ws/install/robot_nav:/ws/ros_ws/install/robot_manipulation:/ws/ros_ws/install/robot_base:/opt/ros/humble'), ('PWD', '/ws/ros_ws/build/robot_bringup'), ('LC_ALL', 'C.UTF-8'), ('PYTHONPATH', '/ws/ros_ws/install/robot_perception/lib/python3.10/site-packages:/ws/ros_ws/install/robot_msgs/local/lib/python3.10/dist-packages:/opt/ros/humble/lib/python3.10/site-packages:/opt/ros/humble/local/lib/python3.10/dist-packages'), ('COLCON', '1'), ('CMAKE_PREFIX_PATH', '/ws/ros_ws/install/robot_identity:/ws/ros_ws/install/robot_executor:/ws/ros_ws/install/robot_voice:/ws/ros_ws/install/robot_safety:/ws/ros_ws/install/robot_nlu:/ws/ros_ws/install/robot_nav:/opt/ros/humble:/ws/ros_ws/install/robot_msgs:/ws/ros_ws/install/robot_manipulation:/ws/ros_ws/install/robot_base')]), 'shell': False}
[1.511303] (-) TimerEvent: {}
[1.528981] (robot_bringup) CommandEnded: {'returncode': 0}
[1.529752] (robot_bringup) JobProgress: {'identifier': 'robot_bringup', 'progress': 'install'}
[1.530024] (robot_bringup) Command: {'cmd': ['/usr/bin/cmake', '--install', '/ws/ros_ws/build/robot_bringup'], 'cwd': '/ws/ros_ws/build/robot_bringup', 'env': OrderedDict([('HOSTNAME', 'd53e02ab67ea'), ('ROS_PACKAGE_PATH', '/ws/ros_ws/install/robot_msgs/share'), ('SHLVL', '1'), ('LD_LIBRARY_PATH', '/ws/ros_ws/install/robot_msgs/lib:/opt/ros/humble/lib/x86_64-linux-gnu:/opt/ros/humble/lib'), ('HOME', '/root'), ('ROS_PYTHON_VERSION', '3'), ('ROS_DISTRO', 'humble'), ('_', '/usr/bin/colcon'), ('ROS_VERSION', '2'), ('PKG_CONFIG_PATH', '/ws/ros_ws/install/robot_msgs/lib/x86_64-linux-gnu/pkgconfig:/ws/ros_ws/install/robot_msgs/lib/pkgconfig'), ('ROS_LOCALHOST_ONLY', '0'), ('PATH', '/opt/ros/humble/bin:/usr/local/sbin:/usr/local/bin:/usr/sbin:/usr/bin:/sbin:/bin'), ('LANG', 'C.UTF-8'), ('AMENT_PREFIX_PATH', '/ws/ros_ws/install/robot_perception:/ws/ros_ws/install/robot_identity:/ws/ros_ws/install/robot_executor:/ws/ros_ws/install/robot_voice:/ws/ros_ws/install/robot_safety:/ws/ros_ws/install/robot_nlu:/ws/ros_ws/install/robot_nav:/ws/ros_ws/install/robot_manipulation:/ws/ros_ws/install/robot_base:/opt/ros/humble'), ('PWD', '/ws/ros_ws/build/robot_bringup'), ('LC_ALL', 'C.UTF-8'), ('PYTHONPATH', '/ws/ros_ws/install/robot_perception/lib/python3.10/site-packages:/ws/ros_ws/install/robot_msgs/local/lib/python3.10/dist-packages:/opt/ros/humble/lib/python3.10/site-packages:/opt/ros/humble/local/lib/python3.10/dist-packages'), ('COLCON', '1'), ('CMAKE_PREFIX_PATH', '/ws/ros_ws/install/robot_identity:/ws/ros_ws/install/robot_executor:/ws/ros_ws/install/robot_voice:/ws/ros_ws/install/robot_safety:/ws/ros_ws/install/robot_nlu:/ws/ros_ws/install/robot_nav:/opt/ros/humble:/ws/ros_ws/install/robot_msgs:/ws/ros_ws/install/robot_manipulation:/ws/ros_ws/install/robot_base')]), 'shell': False}
[1.538312] (robot_bringup) StdoutLine: {'line': b'-- Install configuration: ""\n'}
[1.538664] (robot_bringup) StdoutLine: {'line': b'-- Up-to-date: /ws/ros_ws/install/robot_bringup/share/robot_bringup/launch\n'}
[1.539108] (robot_bringup) StdoutLine: {'line': b'-- Up-to-date: /ws/ros_ws/install/robot_bringup/share/robot_bringup/launch/nav_mode.launch.py\n'}
[1.539213] (robot_bringup) StdoutLine: {'line': b'-- Up-to-date: /ws/ros_ws/install/robot_bringup/share/robot_bringup/launch/dev_mode.launch.py\n'}
[1.539280] (robot_bringup) StdoutLine: {'line': b'-- Up-to-date: /ws/ros_ws/install/robot_bringup/share/robot_bringup/config\n'}
[1.539343] (robot_bringup) StdoutLine: {'line': b'-- Up-to-date: /ws/ros_ws/install/robot_bringup/share/robot_bringup/config/slam_params.yaml\n'}
[1.539397] (robot_bringup) StdoutLine: {'line': b'-- Up-to-date: /ws/ros_ws/install/robot_bringup/share/robot_bringup/config/search_areas.yaml\n'}
[1.539455] (robot_bringup) StdoutLine: {'line': b'-- Up-to-date: /ws/ros_ws/install/robot_bringup/share/robot_bringup/config/nav2_params.yaml\n'}
[1.539501] (robot_bringup) StdoutLine: {'line': b'-- Up-to-date: /ws/ros_ws/install/robot_bringup/share/robot_bringup/config/bringup.yaml\n'}
[1.539548] (robot_bringup) StdoutLine: {'line': b'-- Up-to-date: /ws/ros_ws/install/robot_bringup/share/robot_bringup/config/locations.yaml\n'}
[1.539598] (robot_bringup) StdoutLine: {'line': b'-- Up-to-date: /ws/ros_ws/install/robot_bringup/share/ament_index/resource_index/package_run_dependencies/robot_bringup\n'}
[1.539653] (robot_bringup) StdoutLine: {'line': b'-- Up-to-date: /ws/ros_ws/install/robot_bringup/share/ament_index/resource_index/parent_prefix_path/robot_bringup\n'}
[1.539716] (robot_bringup) StdoutLine: {'line': b'-- Up-to-date: /ws/ros_ws/install/robot_bringup/share/robot_bringup/environment/ament_prefix_path.sh\n'}
[1.539777] (robot_bringup) StdoutLine: {'line': b'-- Up-to-date: /ws/ros_ws/install/robot_bringup/share/robot_bringup/environment/ament_prefix_path.dsv\n'}
[1.539831] (robot_bringup) StdoutLine: {'line': b'-- Up-to-date: /ws/ros_ws/install/robot_bringup/share/robot_bringup/environment/path.sh\n'}
[1.539886] (robot_bringup) StdoutLine: {'line': b'-- Up-to-date: /ws/ros_ws/install/robot_bringup/share/robot_bringup/environment/path.dsv\n'}
[1.540095] (robot_bringup) StdoutLine: {'line': b'-- Up-to-date: /ws/ros_ws/install/robot_bringup/share/robot_bringup/local_setup.bash\n'}
[1.540283] (robot_bringup) StdoutLine: {'line': b'-- Up-to-date: /ws/ros_ws/install/robot_bringup/share/robot_bringup/local_setup.sh\n'}
[1.540359] (robot_bringup) StdoutLine: {'line': b'-- Up-to-date: /ws/ros_ws/install/robot_bringup/share/robot_bringup/local_setup.zsh\n'}
[1.540409] (robot_bringup) StdoutLine: {'line': b'-- Up-to-date: /ws/ros_ws/install/robot_bringup/share/robot_bringup/local_setup.dsv\n'}
[1.540454] (robot_bringup) StdoutLine: {'line': b'-- Installing: /ws/ros_ws/install/robot_bringup/share/robot_bringup/package.dsv\n'}
[1.540497] (robot_bringup) StdoutLine: {'line': b'-- Up-to-date: /ws/ros_ws/install/robot_bringup/share/ament_index/resource_index/packages/robot_bringup\n'}
[1.540539] (robot_bringup) StdoutLine: {'line': b'-- Up-to-date: /ws/ros_ws/install/robot_bringup/share/robot_bringup/cmake/robot_bringupConfig.cmake\n'}
[1.540583] (robot_bringup) StdoutLine: {'line': b'-- Up-to-date: /ws/ros_ws/install/robot_bringup/share/robot_bringup/cmake/robot_bringupConfig-version.cmake\n'}
[1.540625] (robot_bringup) StdoutLine: {'line': b'-- Up-to-date: /ws/ros_ws/install/robot_bringup/share/robot_bringup/package.xml\n'}
[1.542305] (robot_bringup) CommandEnded: {'returncode': 0}
[1.554150] (robot_bringup) JobEnded: {'identifier': 'robot_bringup', 'rc': 0}
[1.554724] (-) EventReactorShutdown: {}
